ISO-10303-21;
HEADER;
/* Generated by software containing ST-Developer
 * from STEP Tools, Inc. (www.steptools.com) 
 */
/* OPTION: using custom renumber hook */

FILE_DESCRIPTION(
/* description */ ('STEP AP242 Edition 2',
'CAx-IF Rec.Pracs.---Representation and Presentation of Product Manufa
cturing Information (PMI)---4.0---2014-10-13',
'CAx-IF Rec.Pracs.---3D Tessellated Geometry---0.4---2014-09-14','2;1',
'CAx-IF Rec.Pracs.---User Defined Attributes---1.5---2016-08-15'),
/* implementation_level */ '2;1');

FILE_NAME(
/* name */ 'Part Studio 1 - Part 2',
/* time_stamp */ '2026-05-22T23:08:01Z',
/* author */ (''),
/* organization */ (''),
/* preprocessor_version */ 'ST-DEVELOPER v20',
/* originating_system */ 'ONSHAPE BY PTC INC, 1.215',
/* authorisation */ '  ');

FILE_SCHEMA (('AP242_MANAGED_MODEL_BASED_3D_ENGINEERING_MIM_LF { 1 0 10303 442 3 1 4 }'));
ENDSEC;

DATA;
#10=SHAPE_REPRESENTATION_RELATIONSHIP('','',#7451,#11);
#11=ADVANCED_BREP_SHAPE_REPRESENTATION('',(#7449),#12733);
#12=CYLINDRICAL_SURFACE('',#7692,0.0011);
#13=CYLINDRICAL_SURFACE('',#7693,0.0011);
#14=CYLINDRICAL_SURFACE('',#7694,0.0011);
#15=CYLINDRICAL_SURFACE('',#7695,0.0011);
#16=CYLINDRICAL_SURFACE('',#7697,0.0015);
#17=CYLINDRICAL_SURFACE('',#7699,0.00149999999999999);
#18=CYLINDRICAL_SURFACE('',#7701,0.0015);
#19=CYLINDRICAL_SURFACE('',#7703,0.0015);
#20=CYLINDRICAL_SURFACE('',#7705,0.0015);
#21=CYLINDRICAL_SURFACE('',#7707,0.0015);
#22=CYLINDRICAL_SURFACE('',#7709,0.0015);
#23=CYLINDRICAL_SURFACE('',#7711,0.0015);
#24=CYLINDRICAL_SURFACE('',#7713,0.0015);
#25=CYLINDRICAL_SURFACE('',#7715,0.0015);
#26=CYLINDRICAL_SURFACE('',#7717,0.0015);
#27=CYLINDRICAL_SURFACE('',#7719,0.0015);
#28=CYLINDRICAL_SURFACE('',#7721,0.0015);
#29=CYLINDRICAL_SURFACE('',#7723,0.0015);
#30=CYLINDRICAL_SURFACE('',#7725,0.0015);
#31=CYLINDRICAL_SURFACE('',#7727,0.0015);
#32=CYLINDRICAL_SURFACE('',#7729,0.0015);
#33=CYLINDRICAL_SURFACE('',#7731,0.0015);
#34=CYLINDRICAL_SURFACE('',#7733,0.0015);
#35=CYLINDRICAL_SURFACE('',#7735,0.0015);
#36=CYLINDRICAL_SURFACE('',#7737,0.0015);
#37=CYLINDRICAL_SURFACE('',#7739,0.0015);
#38=CYLINDRICAL_SURFACE('',#7741,0.0015);
#39=CYLINDRICAL_SURFACE('',#7743,0.0015);
#40=CYLINDRICAL_SURFACE('',#7745,0.0015);
#41=CYLINDRICAL_SURFACE('',#7747,0.0015);
#42=CYLINDRICAL_SURFACE('',#7749,0.0015);
#43=CYLINDRICAL_SURFACE('',#7751,0.0015);
#44=CYLINDRICAL_SURFACE('',#7753,0.0015);
#45=CYLINDRICAL_SURFACE('',#7755,0.0015);
#46=CYLINDRICAL_SURFACE('',#7757,0.0015);
#47=CYLINDRICAL_SURFACE('',#7759,0.0015);
#48=CYLINDRICAL_SURFACE('',#7761,0.0015);
#49=CYLINDRICAL_SURFACE('',#7763,0.0015);
#50=CYLINDRICAL_SURFACE('',#7765,0.0015);
#51=CYLINDRICAL_SURFACE('',#7767,0.0015);
#52=CYLINDRICAL_SURFACE('',#7769,0.0015);
#53=CYLINDRICAL_SURFACE('',#7771,0.0015);
#54=CYLINDRICAL_SURFACE('',#7773,0.0015);
#55=CYLINDRICAL_SURFACE('',#7775,0.0015);
#56=CYLINDRICAL_SURFACE('',#7777,0.0015);
#57=CYLINDRICAL_SURFACE('',#7779,0.0015);
#58=CYLINDRICAL_SURFACE('',#7781,0.0015);
#59=CYLINDRICAL_SURFACE('',#7783,0.0015);
#60=CYLINDRICAL_SURFACE('',#7785,0.0015);
#61=CYLINDRICAL_SURFACE('',#7787,0.0015);
#62=CYLINDRICAL_SURFACE('',#7789,0.0015);
#63=CYLINDRICAL_SURFACE('',#7791,0.0015);
#64=CYLINDRICAL_SURFACE('',#7793,0.0015);
#65=CYLINDRICAL_SURFACE('',#7795,0.0015);
#66=CYLINDRICAL_SURFACE('',#7797,0.0015);
#67=CYLINDRICAL_SURFACE('',#7799,0.0015);
#68=CYLINDRICAL_SURFACE('',#7801,0.0015);
#69=CYLINDRICAL_SURFACE('',#7803,0.0015);
#70=CYLINDRICAL_SURFACE('',#7805,0.0015);
#71=CYLINDRICAL_SURFACE('',#7807,0.0015);
#72=CYLINDRICAL_SURFACE('',#7809,0.0015);
#73=CYLINDRICAL_SURFACE('',#7811,0.0015);
#74=CYLINDRICAL_SURFACE('',#7813,0.0015);
#75=CYLINDRICAL_SURFACE('',#7815,0.0015);
#76=CYLINDRICAL_SURFACE('',#7817,0.0015);
#77=CYLINDRICAL_SURFACE('',#7819,0.0015);
#78=CYLINDRICAL_SURFACE('',#7821,0.0015);
#79=CYLINDRICAL_SURFACE('',#7823,0.0015);
#80=CYLINDRICAL_SURFACE('',#7825,0.0015);
#81=CYLINDRICAL_SURFACE('',#7827,0.0015);
#82=CYLINDRICAL_SURFACE('',#7829,0.0015);
#83=CYLINDRICAL_SURFACE('',#7831,0.0015);
#84=CYLINDRICAL_SURFACE('',#7833,0.0015);
#85=CYLINDRICAL_SURFACE('',#7835,0.0015);
#86=CYLINDRICAL_SURFACE('',#7837,0.0015);
#87=CYLINDRICAL_SURFACE('',#7839,0.0015);
#88=CYLINDRICAL_SURFACE('',#7841,0.0015);
#89=CYLINDRICAL_SURFACE('',#7843,0.0015);
#90=CYLINDRICAL_SURFACE('',#7845,0.0015);
#91=CYLINDRICAL_SURFACE('',#7847,0.0015);
#92=CYLINDRICAL_SURFACE('',#7849,0.0015);
#93=CYLINDRICAL_SURFACE('',#7851,0.0015);
#94=CYLINDRICAL_SURFACE('',#7853,0.0015);
#95=CYLINDRICAL_SURFACE('',#7855,0.0015);
#96=CYLINDRICAL_SURFACE('',#7857,0.0015);
#97=CYLINDRICAL_SURFACE('',#7859,0.0015);
#98=CYLINDRICAL_SURFACE('',#7861,0.0015);
#99=CYLINDRICAL_SURFACE('',#7863,0.0015);
#100=CYLINDRICAL_SURFACE('',#7865,0.0015);
#101=CYLINDRICAL_SURFACE('',#7867,0.0015);
#102=CYLINDRICAL_SURFACE('',#7869,0.0015);
#103=CYLINDRICAL_SURFACE('',#7871,0.0015);
#104=CYLINDRICAL_SURFACE('',#7873,0.0015);
#105=CYLINDRICAL_SURFACE('',#7875,0.0015);
#106=CYLINDRICAL_SURFACE('',#7877,0.0015);
#107=CYLINDRICAL_SURFACE('',#7879,0.0015);
#108=CYLINDRICAL_SURFACE('',#7881,0.0015);
#109=CYLINDRICAL_SURFACE('',#7883,0.0015);
#110=CYLINDRICAL_SURFACE('',#7885,0.0015);
#111=CYLINDRICAL_SURFACE('',#7887,0.0015);
#112=CYLINDRICAL_SURFACE('',#7888,0.00145830227869736);
#113=CYLINDRICAL_SURFACE('',#7890,0.000422306247928203);
#114=CYLINDRICAL_SURFACE('',#7894,0.00290179637467961);
#115=CYLINDRICAL_SURFACE('',#7897,0.0014435323928434);
#116=CYLINDRICAL_SURFACE('',#7910,0.00319307602988312);
#117=CYLINDRICAL_SURFACE('',#7914,0.00175869677476051);
#118=CYLINDRICAL_SURFACE('',#7916,0.00137577680626809);
#119=CYLINDRICAL_SURFACE('',#7919,0.00322023322422614);
#120=CYLINDRICAL_SURFACE('',#7935,0.00280225619742081);
#121=CYLINDRICAL_SURFACE('',#7939,0.0017654074458159);
#122=CYLINDRICAL_SURFACE('',#7949,0.00242030584586534);
#123=CYLINDRICAL_SURFACE('',#7951,0.00338899824823575);
#124=CYLINDRICAL_SURFACE('',#8002,0.001);
#125=CYLINDRICAL_SURFACE('',#8003,0.001);
#126=CYLINDRICAL_SURFACE('',#8004,0.001);
#127=CYLINDRICAL_SURFACE('',#8005,0.001);
#128=CYLINDRICAL_SURFACE('',#8006,0.001);
#129=CYLINDRICAL_SURFACE('',#8007,0.001);
#130=CYLINDRICAL_SURFACE('',#8008,0.001);
#131=CYLINDRICAL_SURFACE('',#8009,0.001);
#132=CYLINDRICAL_SURFACE('',#8010,0.001);
#133=CYLINDRICAL_SURFACE('',#8011,0.001);
#134=B_SPLINE_SURFACE_WITH_KNOTS('',3,1,((#11123,#11124),(#11125,#11126),
(#11127,#11128),(#11129,#11130)),.SURF_OF_LINEAR_EXTRUSION.,.F.,.F.,.F.,
(4,4),(2,2),(0.0163355088449102,0.990230923395439),(0.,1.),
 .PIECEWISE_BEZIER_KNOTS.);
#135=B_SPLINE_SURFACE_WITH_KNOTS('',3,1,((#11136,#11137),(#11138,#11139),
(#11140,#11141),(#11142,#11143)),.SURF_OF_LINEAR_EXTRUSION.,.F.,.F.,.F.,
(4,4),(2,2),(0.0166677991932049,0.990360976145929),(0.,1.),
 .PIECEWISE_BEZIER_KNOTS.);
#136=B_SPLINE_SURFACE_WITH_KNOTS('',3,1,((#11534,#11535),(#11536,#11537),
(#11538,#11539),(#11540,#11541)),.SURF_OF_LINEAR_EXTRUSION.,.F.,.F.,.F.,
(4,4),(2,2),(0.,1.),(0.,1.),.PIECEWISE_BEZIER_KNOTS.);
#137=B_SPLINE_SURFACE_WITH_KNOTS('',3,1,((#11553,#11554),(#11555,#11556),
(#11557,#11558),(#11559,#11560)),.SURF_OF_LINEAR_EXTRUSION.,.F.,.F.,.F.,
(4,4),(2,2),(0.,1.),(0.,1.),.PIECEWISE_BEZIER_KNOTS.);
#138=B_SPLINE_SURFACE_WITH_KNOTS('',3,1,((#11566,#11567),(#11568,#11569),
(#11570,#11571),(#11572,#11573)),.SURF_OF_LINEAR_EXTRUSION.,.F.,.F.,.F.,
(4,4),(2,2),(0.,1.),(0.,1.),.PIECEWISE_BEZIER_KNOTS.);
#139=B_SPLINE_SURFACE_WITH_KNOTS('',3,1,((#11579,#11580),(#11581,#11582),
(#11583,#11584),(#11585,#11586)),.SURF_OF_LINEAR_EXTRUSION.,.F.,.F.,.F.,
(4,4),(2,2),(0.,1.),(0.,1.),.PIECEWISE_BEZIER_KNOTS.);
#140=B_SPLINE_SURFACE_WITH_KNOTS('',3,1,((#11596,#11597),(#11598,#11599),
(#11600,#11601),(#11602,#11603)),.SURF_OF_LINEAR_EXTRUSION.,.F.,.F.,.F.,
(4,4),(2,2),(0.,1.),(0.,1.),.PIECEWISE_BEZIER_KNOTS.);
#141=B_SPLINE_SURFACE_WITH_KNOTS('',3,1,((#11609,#11610),(#11611,#11612),
(#11613,#11614),(#11615,#11616)),.SURF_OF_LINEAR_EXTRUSION.,.F.,.F.,.F.,
(4,4),(2,2),(0.,1.),(0.,1.),.PIECEWISE_BEZIER_KNOTS.);
#142=B_SPLINE_SURFACE_WITH_KNOTS('',3,1,((#11626,#11627),(#11628,#11629),
(#11630,#11631),(#11632,#11633)),.SURF_OF_LINEAR_EXTRUSION.,.F.,.F.,.F.,
(4,4),(2,2),(0.,1.),(0.,1.),.PIECEWISE_BEZIER_KNOTS.);
#143=B_SPLINE_SURFACE_WITH_KNOTS('',3,1,((#11639,#11640),(#11641,#11642),
(#11643,#11644),(#11645,#11646)),.SURF_OF_LINEAR_EXTRUSION.,.F.,.F.,.F.,
(4,4),(2,2),(0.,1.),(0.,1.),.PIECEWISE_BEZIER_KNOTS.);
#144=B_SPLINE_SURFACE_WITH_KNOTS('',3,1,((#11652,#11653),(#11654,#11655),
(#11656,#11657),(#11658,#11659)),.SURF_OF_LINEAR_EXTRUSION.,.F.,.F.,.F.,
(4,4),(2,2),(0.,1.),(0.,1.),.PIECEWISE_BEZIER_KNOTS.);
#145=B_SPLINE_SURFACE_WITH_KNOTS('',3,1,((#11665,#11666),(#11667,#11668),
(#11669,#11670),(#11671,#11672)),.SURF_OF_LINEAR_EXTRUSION.,.F.,.F.,.F.,
(4,4),(2,2),(0.,1.),(0.,1.),.PIECEWISE_BEZIER_KNOTS.);
#146=B_SPLINE_SURFACE_WITH_KNOTS('',3,1,((#11678,#11679),(#11680,#11681),
(#11682,#11683),(#11684,#11685)),.SURF_OF_LINEAR_EXTRUSION.,.F.,.F.,.F.,
(4,4),(2,2),(0.,1.),(0.,1.),.PIECEWISE_BEZIER_KNOTS.);
#147=B_SPLINE_SURFACE_WITH_KNOTS('',3,1,((#11691,#11692),(#11693,#11694),
(#11695,#11696),(#11697,#11698)),.SURF_OF_LINEAR_EXTRUSION.,.F.,.F.,.F.,
(4,4),(2,2),(0.,1.),(0.,1.),.PIECEWISE_BEZIER_KNOTS.);
#148=B_SPLINE_SURFACE_WITH_KNOTS('',3,1,((#11704,#11705),(#11706,#11707),
(#11708,#11709),(#11710,#11711)),.SURF_OF_LINEAR_EXTRUSION.,.F.,.F.,.F.,
(4,4),(2,2),(0.,1.),(0.,1.),.PIECEWISE_BEZIER_KNOTS.);
#149=B_SPLINE_SURFACE_WITH_KNOTS('',3,1,((#11717,#11718),(#11719,#11720),
(#11721,#11722),(#11723,#11724)),.SURF_OF_LINEAR_EXTRUSION.,.F.,.F.,.F.,
(4,4),(2,2),(0.,1.),(0.,1.),.PIECEWISE_BEZIER_KNOTS.);
#150=B_SPLINE_SURFACE_WITH_KNOTS('',3,1,((#11730,#11731),(#11732,#11733),
(#11734,#11735),(#11736,#11737)),.SURF_OF_LINEAR_EXTRUSION.,.F.,.F.,.F.,
(4,4),(2,2),(0.,1.),(0.,1.),.PIECEWISE_BEZIER_KNOTS.);
#151=B_SPLINE_SURFACE_WITH_KNOTS('',3,1,((#11743,#11744),(#11745,#11746),
(#11747,#11748),(#11749,#11750)),.SURF_OF_LINEAR_EXTRUSION.,.F.,.F.,.F.,
(4,4),(2,2),(0.,1.),(0.,1.),.PIECEWISE_BEZIER_KNOTS.);
#152=B_SPLINE_SURFACE_WITH_KNOTS('',3,1,((#11764,#11765),(#11766,#11767),
(#11768,#11769),(#11770,#11771)),.SURF_OF_LINEAR_EXTRUSION.,.F.,.F.,.F.,
(4,4),(2,2),(0.,1.),(0.,1.),.PIECEWISE_BEZIER_KNOTS.);
#153=B_SPLINE_SURFACE_WITH_KNOTS('',3,1,((#11777,#11778),(#11779,#11780),
(#11781,#11782),(#11783,#11784)),.SURF_OF_LINEAR_EXTRUSION.,.F.,.F.,.F.,
(4,4),(2,2),(0.,1.),(0.,1.),.PIECEWISE_BEZIER_KNOTS.);
#154=B_SPLINE_SURFACE_WITH_KNOTS('',3,1,((#11789,#11790),(#11791,#11792),
(#11793,#11794),(#11795,#11796)),.SURF_OF_LINEAR_EXTRUSION.,.F.,.F.,.F.,
(4,4),(2,2),(0.,1.),(0.,1.),.PIECEWISE_BEZIER_KNOTS.);
#155=B_SPLINE_SURFACE_WITH_KNOTS('',3,1,((#11804,#11805),(#11806,#11807),
(#11808,#11809),(#11810,#11811)),.SURF_OF_LINEAR_EXTRUSION.,.F.,.F.,.F.,
(4,4),(2,2),(0.,1.),(0.,1.),.PIECEWISE_BEZIER_KNOTS.);
#156=B_SPLINE_SURFACE_WITH_KNOTS('',3,1,((#11869,#11870),(#11871,#11872),
(#11873,#11874),(#11875,#11876)),.SURF_OF_LINEAR_EXTRUSION.,.F.,.F.,.F.,
(4,4),(2,2),(0.,1.),(0.,1.),.PIECEWISE_BEZIER_KNOTS.);
#157=B_SPLINE_SURFACE_WITH_KNOTS('',3,1,((#11882,#11883),(#11884,#11885),
(#11886,#11887),(#11888,#11889)),.SURF_OF_LINEAR_EXTRUSION.,.F.,.F.,.F.,
(4,4),(2,2),(0.,1.),(0.,1.),.PIECEWISE_BEZIER_KNOTS.);
#158=B_SPLINE_SURFACE_WITH_KNOTS('',3,1,((#11895,#11896),(#11897,#11898),
(#11899,#11900),(#11901,#11902)),.SURF_OF_LINEAR_EXTRUSION.,.F.,.F.,.F.,
(4,4),(2,2),(0.,1.),(0.,1.),.PIECEWISE_BEZIER_KNOTS.);
#159=B_SPLINE_SURFACE_WITH_KNOTS('',3,1,((#11911,#11912),(#11913,#11914),
(#11915,#11916),(#11917,#11918)),.SURF_OF_LINEAR_EXTRUSION.,.F.,.F.,.F.,
(4,4),(2,2),(0.,1.),(0.,1.),.PIECEWISE_BEZIER_KNOTS.);
#160=B_SPLINE_SURFACE_WITH_KNOTS('',3,1,((#11926,#11927),(#11928,#11929),
(#11930,#11931),(#11932,#11933)),.SURF_OF_LINEAR_EXTRUSION.,.F.,.F.,.F.,
(4,4),(2,2),(0.411949986467907,1.),(0.,1.),.PIECEWISE_BEZIER_KNOTS.);
#161=B_SPLINE_SURFACE_WITH_KNOTS('',3,1,((#11943,#11944),(#11945,#11946),
(#11947,#11948),(#11949,#11950)),.SURF_OF_LINEAR_EXTRUSION.,.F.,.F.,.F.,
(4,4),(2,2),(0.464829227681803,1.),(0.,1.),.PIECEWISE_BEZIER_KNOTS.);
#162=B_SPLINE_SURFACE_WITH_KNOTS('',3,1,((#11960,#11961),(#11962,#11963),
(#11964,#11965),(#11966,#11967)),.SURF_OF_LINEAR_EXTRUSION.,.F.,.F.,.F.,
(4,4),(2,2),(0.,1.),(0.,1.),.PIECEWISE_BEZIER_KNOTS.);
#163=B_SPLINE_SURFACE_WITH_KNOTS('',3,1,((#11973,#11974),(#11975,#11976),
(#11977,#11978),(#11979,#11980)),.SURF_OF_LINEAR_EXTRUSION.,.F.,.F.,.F.,
(4,4),(2,2),(0.,1.),(0.,1.),.PIECEWISE_BEZIER_KNOTS.);
#164=B_SPLINE_SURFACE_WITH_KNOTS('',3,1,((#11986,#11987),(#11988,#11989),
(#11990,#11991),(#11992,#11993)),.SURF_OF_LINEAR_EXTRUSION.,.F.,.F.,.F.,
(4,4),(2,2),(0.,1.),(0.,1.),.PIECEWISE_BEZIER_KNOTS.);
#165=B_SPLINE_SURFACE_WITH_KNOTS('',3,1,((#11999,#12000),(#12001,#12002),
(#12003,#12004),(#12005,#12006)),.SURF_OF_LINEAR_EXTRUSION.,.F.,.F.,.F.,
(4,4),(2,2),(0.,1.),(0.,1.),.PIECEWISE_BEZIER_KNOTS.);
#166=B_SPLINE_SURFACE_WITH_KNOTS('',3,1,((#12012,#12013),(#12014,#12015),
(#12016,#12017),(#12018,#12019)),.SURF_OF_LINEAR_EXTRUSION.,.F.,.F.,.F.,
(4,4),(2,2),(0.,1.),(0.,1.),.PIECEWISE_BEZIER_KNOTS.);
#167=B_SPLINE_SURFACE_WITH_KNOTS('',3,1,((#12025,#12026),(#12027,#12028),
(#12029,#12030),(#12031,#12032)),.SURF_OF_LINEAR_EXTRUSION.,.F.,.F.,.F.,
(4,4),(2,2),(0.,1.),(0.,1.),.PIECEWISE_BEZIER_KNOTS.);
#168=B_SPLINE_SURFACE_WITH_KNOTS('',3,1,((#12038,#12039),(#12040,#12041),
(#12042,#12043),(#12044,#12045)),.SURF_OF_LINEAR_EXTRUSION.,.F.,.F.,.F.,
(4,4),(2,2),(0.,1.),(0.,1.),.PIECEWISE_BEZIER_KNOTS.);
#169=B_SPLINE_SURFACE_WITH_KNOTS('',3,1,((#12055,#12056),(#12057,#12058),
(#12059,#12060),(#12061,#12062)),.SURF_OF_LINEAR_EXTRUSION.,.F.,.F.,.F.,
(4,4),(2,2),(0.,1.),(0.,1.),.PIECEWISE_BEZIER_KNOTS.);
#170=B_SPLINE_SURFACE_WITH_KNOTS('',3,1,((#12072,#12073),(#12074,#12075),
(#12076,#12077),(#12078,#12079)),.SURF_OF_LINEAR_EXTRUSION.,.F.,.F.,.F.,
(4,4),(2,2),(0.,1.),(0.,1.),.PIECEWISE_BEZIER_KNOTS.);
#171=B_SPLINE_SURFACE_WITH_KNOTS('',3,1,((#12085,#12086),(#12087,#12088),
(#12089,#12090),(#12091,#12092)),.SURF_OF_LINEAR_EXTRUSION.,.F.,.F.,.F.,
(4,4),(2,2),(0.,1.),(0.,1.),.PIECEWISE_BEZIER_KNOTS.);
#172=B_SPLINE_SURFACE_WITH_KNOTS('',3,1,((#12106,#12107),(#12108,#12109),
(#12110,#12111),(#12112,#12113)),.SURF_OF_LINEAR_EXTRUSION.,.F.,.F.,.F.,
(4,4),(2,2),(0.,1.),(0.,1.),.PIECEWISE_BEZIER_KNOTS.);
#173=B_SPLINE_SURFACE_WITH_KNOTS('',3,1,((#12126,#12127),(#12128,#12129),
(#12130,#12131),(#12132,#12133)),.SURF_OF_LINEAR_EXTRUSION.,.F.,.F.,.F.,
(4,4),(2,2),(0.,1.),(0.,1.),.PIECEWISE_BEZIER_KNOTS.);
#174=B_SPLINE_SURFACE_WITH_KNOTS('',3,1,((#12143,#12144),(#12145,#12146),
(#12147,#12148),(#12149,#12150)),.SURF_OF_LINEAR_EXTRUSION.,.F.,.F.,.F.,
(4,4),(2,2),(0.,1.),(0.,1.),.PIECEWISE_BEZIER_KNOTS.);
#175=B_SPLINE_SURFACE_WITH_KNOTS('',3,1,((#12160,#12161),(#12162,#12163),
(#12164,#12165),(#12166,#12167)),.SURF_OF_LINEAR_EXTRUSION.,.F.,.F.,.F.,
(4,4),(2,2),(0.,1.),(0.,1.),.PIECEWISE_BEZIER_KNOTS.);
#176=B_SPLINE_SURFACE_WITH_KNOTS('',3,1,((#12183,#12184),(#12185,#12186),
(#12187,#12188),(#12189,#12190)),.SURF_OF_LINEAR_EXTRUSION.,.F.,.F.,.F.,
(4,4),(2,2),(0.,1.),(0.,1.),.PIECEWISE_BEZIER_KNOTS.);
#177=B_SPLINE_SURFACE_WITH_KNOTS('',3,1,((#12211,#12212),(#12213,#12214),
(#12215,#12216),(#12217,#12218)),.SURF_OF_LINEAR_EXTRUSION.,.F.,.F.,.F.,
(4,4),(2,2),(0.,1.),(0.,1.),.PIECEWISE_BEZIER_KNOTS.);
#178=B_SPLINE_SURFACE_WITH_KNOTS('',3,1,((#12224,#12225),(#12226,#12227),
(#12228,#12229),(#12230,#12231)),.SURF_OF_LINEAR_EXTRUSION.,.F.,.F.,.F.,
(4,4),(2,2),(0.,1.),(0.,1.),.PIECEWISE_BEZIER_KNOTS.);
#179=B_SPLINE_SURFACE_WITH_KNOTS('',3,1,((#12237,#12238),(#12239,#12240),
(#12241,#12242),(#12243,#12244)),.SURF_OF_LINEAR_EXTRUSION.,.F.,.F.,.F.,
(4,4),(2,2),(0.,1.),(0.,1.),.PIECEWISE_BEZIER_KNOTS.);
#180=B_SPLINE_SURFACE_WITH_KNOTS('',3,1,((#12250,#12251),(#12252,#12253),
(#12254,#12255),(#12256,#12257)),.SURF_OF_LINEAR_EXTRUSION.,.F.,.F.,.F.,
(4,4),(2,2),(0.,1.),(0.,1.),.PIECEWISE_BEZIER_KNOTS.);
#181=B_SPLINE_SURFACE_WITH_KNOTS('',3,1,((#12287,#12288),(#12289,#12290),
(#12291,#12292),(#12293,#12294)),.SURF_OF_LINEAR_EXTRUSION.,.F.,.F.,.F.,
(4,4),(2,2),(0.,1.),(0.,1.),.PIECEWISE_BEZIER_KNOTS.);
#182=B_SPLINE_SURFACE_WITH_KNOTS('',3,1,((#12300,#12301),(#12302,#12303),
(#12304,#12305),(#12306,#12307)),.SURF_OF_LINEAR_EXTRUSION.,.F.,.F.,.F.,
(4,4),(2,2),(0.,1.),(0.,1.),.PIECEWISE_BEZIER_KNOTS.);
#183=B_SPLINE_SURFACE_WITH_KNOTS('',3,1,((#12313,#12314),(#12315,#12316),
(#12317,#12318),(#12319,#12320)),.SURF_OF_LINEAR_EXTRUSION.,.F.,.F.,.F.,
(4,4),(2,2),(0.,1.),(0.,1.),.PIECEWISE_BEZIER_KNOTS.);
#184=B_SPLINE_SURFACE_WITH_KNOTS('',3,1,((#12339,#12340),(#12341,#12342),
(#12343,#12344),(#12345,#12346)),.SURF_OF_LINEAR_EXTRUSION.,.F.,.F.,.F.,
(4,4),(2,2),(0.,1.),(0.,1.),.PIECEWISE_BEZIER_KNOTS.);
#185=B_SPLINE_SURFACE_WITH_KNOTS('',3,1,((#12352,#12353),(#12354,#12355),
(#12356,#12357),(#12358,#12359)),.SURF_OF_LINEAR_EXTRUSION.,.F.,.F.,.F.,
(4,4),(2,2),(0.,1.),(0.,1.),.PIECEWISE_BEZIER_KNOTS.);
#186=B_SPLINE_SURFACE_WITH_KNOTS('',3,1,((#12365,#12366),(#12367,#12368),
(#12369,#12370),(#12371,#12372)),.SURF_OF_LINEAR_EXTRUSION.,.F.,.F.,.F.,
(4,4),(2,2),(0.,1.),(0.,1.),.PIECEWISE_BEZIER_KNOTS.);
#187=B_SPLINE_SURFACE_WITH_KNOTS('',3,1,((#12394,#12395),(#12396,#12397),
(#12398,#12399),(#12400,#12401)),.SURF_OF_LINEAR_EXTRUSION.,.F.,.F.,.F.,
(4,4),(2,2),(0.,1.),(0.,1.),.PIECEWISE_BEZIER_KNOTS.);
#188=B_SPLINE_SURFACE_WITH_KNOTS('',3,1,((#12407,#12408),(#12409,#12410),
(#12411,#12412),(#12413,#12414)),.SURF_OF_LINEAR_EXTRUSION.,.F.,.F.,.F.,
(4,4),(2,2),(0.,1.),(0.,1.),.PIECEWISE_BEZIER_KNOTS.);
#189=B_SPLINE_SURFACE_WITH_KNOTS('',3,1,((#12420,#12421),(#12422,#12423),
(#12424,#12425),(#12426,#12427)),.SURF_OF_LINEAR_EXTRUSION.,.F.,.F.,.F.,
(4,4),(2,2),(0.,1.),(0.,1.),.PIECEWISE_BEZIER_KNOTS.);
#190=B_SPLINE_SURFACE_WITH_KNOTS('',3,1,((#12433,#12434),(#12435,#12436),
(#12437,#12438),(#12439,#12440)),.SURF_OF_LINEAR_EXTRUSION.,.F.,.F.,.F.,
(4,4),(2,2),(0.,1.),(0.,1.),.PIECEWISE_BEZIER_KNOTS.);
#191=B_SPLINE_SURFACE_WITH_KNOTS('',3,1,((#12446,#12447),(#12448,#12449),
(#12450,#12451),(#12452,#12453)),.SURF_OF_LINEAR_EXTRUSION.,.F.,.F.,.F.,
(4,4),(2,2),(0.,1.),(0.,1.),.PIECEWISE_BEZIER_KNOTS.);
#192=B_SPLINE_SURFACE_WITH_KNOTS('',3,1,((#12459,#12460),(#12461,#12462),
(#12463,#12464),(#12465,#12466)),.SURF_OF_LINEAR_EXTRUSION.,.F.,.F.,.F.,
(4,4),(2,2),(0.,1.),(0.,1.),.PIECEWISE_BEZIER_KNOTS.);
#193=B_SPLINE_SURFACE_WITH_KNOTS('',3,1,((#12472,#12473),(#12474,#12475),
(#12476,#12477),(#12478,#12479)),.SURF_OF_LINEAR_EXTRUSION.,.F.,.F.,.F.,
(4,4),(2,2),(0.,1.),(0.,1.),.PIECEWISE_BEZIER_KNOTS.);
#194=B_SPLINE_SURFACE_WITH_KNOTS('',3,1,((#12485,#12486),(#12487,#12488),
(#12489,#12490),(#12491,#12492)),.SURF_OF_LINEAR_EXTRUSION.,.F.,.F.,.F.,
(4,4),(2,2),(0.,1.),(0.,1.),.PIECEWISE_BEZIER_KNOTS.);
#195=B_SPLINE_SURFACE_WITH_KNOTS('',3,1,((#12498,#12499),(#12500,#12501),
(#12502,#12503),(#12504,#12505)),.SURF_OF_LINEAR_EXTRUSION.,.F.,.F.,.F.,
(4,4),(2,2),(0.,1.),(0.,1.),.PIECEWISE_BEZIER_KNOTS.);
#196=B_SPLINE_SURFACE_WITH_KNOTS('',3,1,((#12531,#12532),(#12533,#12534),
(#12535,#12536),(#12537,#12538)),.SURF_OF_LINEAR_EXTRUSION.,.F.,.F.,.F.,
(4,4),(2,2),(0.,1.),(0.,1.),.PIECEWISE_BEZIER_KNOTS.);
#197=B_SPLINE_SURFACE_WITH_KNOTS('',3,1,((#12548,#12549),(#12550,#12551),
(#12552,#12553),(#12554,#12555)),.SURF_OF_LINEAR_EXTRUSION.,.F.,.F.,.F.,
(4,4),(2,2),(0.,1.),(0.,1.),.PIECEWISE_BEZIER_KNOTS.);
#198=B_SPLINE_CURVE_WITH_KNOTS('',2,(#10100,#10101,#10102),
 .UNSPECIFIED.,.F.,.F.,(3,3),(0.,1.),.PIECEWISE_BEZIER_KNOTS.);
#199=B_SPLINE_CURVE_WITH_KNOTS('',2,(#10107,#10108,#10109),
 .UNSPECIFIED.,.F.,.F.,(3,3),(0.,1.),.PIECEWISE_BEZIER_KNOTS.);
#200=B_SPLINE_CURVE_WITH_KNOTS('',2,(#10113,#10114,#10115),
 .UNSPECIFIED.,.F.,.F.,(3,3),(0.,1.),.PIECEWISE_BEZIER_KNOTS.);
#201=B_SPLINE_CURVE_WITH_KNOTS('',2,(#10127,#10128,#10129),
 .UNSPECIFIED.,.F.,.F.,(3,3),(0.,1.),.PIECEWISE_BEZIER_KNOTS.);
#202=B_SPLINE_CURVE_WITH_KNOTS('',2,(#10131,#10132,#10133),
 .UNSPECIFIED.,.F.,.F.,(3,3),(0.,1.),.PIECEWISE_BEZIER_KNOTS.);
#203=B_SPLINE_CURVE_WITH_KNOTS('',2,(#10135,#10136,#10137),
 .UNSPECIFIED.,.F.,.F.,(3,3),(0.,1.),.PIECEWISE_BEZIER_KNOTS.);
#204=B_SPLINE_CURVE_WITH_KNOTS('',2,(#10139,#10140,#10141),
 .UNSPECIFIED.,.F.,.F.,(3,3),(0.,1.),.PIECEWISE_BEZIER_KNOTS.);
#205=B_SPLINE_CURVE_WITH_KNOTS('',2,(#10143,#10144,#10145),
 .UNSPECIFIED.,.F.,.F.,(3,3),(0.,1.),.PIECEWISE_BEZIER_KNOTS.);
#206=B_SPLINE_CURVE_WITH_KNOTS('',2,(#10147,#10148,#10149),
 .UNSPECIFIED.,.F.,.F.,(3,3),(0.,1.),.PIECEWISE_BEZIER_KNOTS.);
#207=B_SPLINE_CURVE_WITH_KNOTS('',2,(#10151,#10152,#10153),
 .UNSPECIFIED.,.F.,.F.,(3,3),(0.,1.),.PIECEWISE_BEZIER_KNOTS.);
#208=B_SPLINE_CURVE_WITH_KNOTS('',2,(#10155,#10156,#10157),
 .UNSPECIFIED.,.F.,.F.,(3,3),(0.,1.),.PIECEWISE_BEZIER_KNOTS.);
#209=B_SPLINE_CURVE_WITH_KNOTS('',2,(#10159,#10160,#10161),
 .UNSPECIFIED.,.F.,.F.,(3,3),(0.,1.),.PIECEWISE_BEZIER_KNOTS.);
#210=B_SPLINE_CURVE_WITH_KNOTS('',2,(#10171,#10172,#10173),
 .UNSPECIFIED.,.F.,.F.,(3,3),(0.,1.),.PIECEWISE_BEZIER_KNOTS.);
#211=B_SPLINE_CURVE_WITH_KNOTS('',2,(#10175,#10176,#10177),
 .UNSPECIFIED.,.F.,.F.,(3,3),(0.,1.),.PIECEWISE_BEZIER_KNOTS.);
#212=B_SPLINE_CURVE_WITH_KNOTS('',2,(#10187,#10188,#10189),
 .UNSPECIFIED.,.F.,.F.,(3,3),(0.,1.),.PIECEWISE_BEZIER_KNOTS.);
#213=B_SPLINE_CURVE_WITH_KNOTS('',2,(#10191,#10192,#10193),
 .UNSPECIFIED.,.F.,.F.,(3,3),(0.,1.),.PIECEWISE_BEZIER_KNOTS.);
#214=B_SPLINE_CURVE_WITH_KNOTS('',2,(#10195,#10196,#10197),
 .UNSPECIFIED.,.F.,.F.,(3,3),(0.,1.),.PIECEWISE_BEZIER_KNOTS.);
#215=B_SPLINE_CURVE_WITH_KNOTS('',2,(#10211,#10212,#10213),
 .UNSPECIFIED.,.F.,.F.,(3,3),(0.,1.),.PIECEWISE_BEZIER_KNOTS.);
#216=B_SPLINE_CURVE_WITH_KNOTS('',2,(#10215,#10216,#10217),
 .UNSPECIFIED.,.F.,.F.,(3,3),(0.,1.),.PIECEWISE_BEZIER_KNOTS.);
#217=B_SPLINE_CURVE_WITH_KNOTS('',2,(#10219,#10220,#10221),
 .UNSPECIFIED.,.F.,.F.,(3,3),(0.,1.),.PIECEWISE_BEZIER_KNOTS.);
#218=B_SPLINE_CURVE_WITH_KNOTS('',2,(#10223,#10224,#10225),
 .UNSPECIFIED.,.F.,.F.,(3,3),(0.,1.),.PIECEWISE_BEZIER_KNOTS.);
#219=B_SPLINE_CURVE_WITH_KNOTS('',2,(#10226,#10227,#10228),
 .UNSPECIFIED.,.F.,.F.,(3,3),(0.411949986467907,1.),
 .PIECEWISE_BEZIER_KNOTS.);
#220=B_SPLINE_CURVE_WITH_KNOTS('',2,(#10231,#10232,#10233),
 .UNSPECIFIED.,.F.,.F.,(3,3),(0.,1.),.PIECEWISE_BEZIER_KNOTS.);
#221=B_SPLINE_CURVE_WITH_KNOTS('',2,(#10241,#10242,#10243),
 .UNSPECIFIED.,.F.,.F.,(3,3),(0.,1.),.PIECEWISE_BEZIER_KNOTS.);
#222=B_SPLINE_CURVE_WITH_KNOTS('',2,(#10245,#10246,#10247),
 .UNSPECIFIED.,.F.,.F.,(3,3),(0.,1.),.PIECEWISE_BEZIER_KNOTS.);
#223=B_SPLINE_CURVE_WITH_KNOTS('',2,(#10251,#10252,#10253),
 .UNSPECIFIED.,.F.,.F.,(3,3),(0.,1.),.PIECEWISE_BEZIER_KNOTS.);
#224=B_SPLINE_CURVE_WITH_KNOTS('',2,(#10257,#10258,#10259),
 .UNSPECIFIED.,.F.,.F.,(3,3),(0.,1.),.PIECEWISE_BEZIER_KNOTS.);
#225=B_SPLINE_CURVE_WITH_KNOTS('',2,(#10261,#10262,#10263),
 .UNSPECIFIED.,.F.,.F.,(3,3),(0.,1.),.PIECEWISE_BEZIER_KNOTS.);
#226=B_SPLINE_CURVE_WITH_KNOTS('',2,(#10265,#10266,#10267),
 .UNSPECIFIED.,.F.,.F.,(3,3),(0.,1.),.PIECEWISE_BEZIER_KNOTS.);
#227=B_SPLINE_CURVE_WITH_KNOTS('',2,(#10269,#10270,#10271),
 .UNSPECIFIED.,.F.,.F.,(3,3),(0.,1.),.PIECEWISE_BEZIER_KNOTS.);
#228=B_SPLINE_CURVE_WITH_KNOTS('',2,(#10273,#10274,#10275),
 .UNSPECIFIED.,.F.,.F.,(3,3),(0.,1.),.PIECEWISE_BEZIER_KNOTS.);
#229=B_SPLINE_CURVE_WITH_KNOTS('',2,(#10277,#10278,#10279),
 .UNSPECIFIED.,.F.,.F.,(3,3),(0.,1.),.PIECEWISE_BEZIER_KNOTS.);
#230=B_SPLINE_CURVE_WITH_KNOTS('',2,(#10281,#10282,#10283),
 .UNSPECIFIED.,.F.,.F.,(3,3),(0.,1.),.PIECEWISE_BEZIER_KNOTS.);
#231=B_SPLINE_CURVE_WITH_KNOTS('',2,(#10287,#10288,#10289),
 .UNSPECIFIED.,.F.,.F.,(3,3),(0.464829227681803,1.),
 .PIECEWISE_BEZIER_KNOTS.);
#232=B_SPLINE_CURVE_WITH_KNOTS('',2,(#10292,#10293,#10294),
 .UNSPECIFIED.,.F.,.F.,(3,3),(0.,1.),.PIECEWISE_BEZIER_KNOTS.);
#233=B_SPLINE_CURVE_WITH_KNOTS('',2,(#10297,#10298,#10299),
 .UNSPECIFIED.,.F.,.F.,(3,3),(0.,1.),.PIECEWISE_BEZIER_KNOTS.);
#234=B_SPLINE_CURVE_WITH_KNOTS('',2,(#10303,#10304,#10305),
 .UNSPECIFIED.,.F.,.F.,(3,3),(0.,1.),.PIECEWISE_BEZIER_KNOTS.);
#235=B_SPLINE_CURVE_WITH_KNOTS('',2,(#10307,#10308,#10309),
 .UNSPECIFIED.,.F.,.F.,(3,3),(0.,1.),.PIECEWISE_BEZIER_KNOTS.);
#236=B_SPLINE_CURVE_WITH_KNOTS('',2,(#10311,#10312,#10313),
 .UNSPECIFIED.,.F.,.F.,(3,3),(0.,1.),.PIECEWISE_BEZIER_KNOTS.);
#237=B_SPLINE_CURVE_WITH_KNOTS('',2,(#10343,#10344,#10345),
 .UNSPECIFIED.,.F.,.F.,(3,3),(0.,1.),.PIECEWISE_BEZIER_KNOTS.);
#238=B_SPLINE_CURVE_WITH_KNOTS('',2,(#10347,#10348,#10349),
 .UNSPECIFIED.,.F.,.F.,(3,3),(0.,1.),.PIECEWISE_BEZIER_KNOTS.);
#239=B_SPLINE_CURVE_WITH_KNOTS('',2,(#10351,#10352,#10353),
 .UNSPECIFIED.,.F.,.F.,(3,3),(0.,1.),.PIECEWISE_BEZIER_KNOTS.);
#240=B_SPLINE_CURVE_WITH_KNOTS('',2,(#10359,#10360,#10361),
 .UNSPECIFIED.,.F.,.F.,(3,3),(0.,1.),.PIECEWISE_BEZIER_KNOTS.);
#241=B_SPLINE_CURVE_WITH_KNOTS('',2,(#10363,#10364,#10365),
 .UNSPECIFIED.,.F.,.F.,(3,3),(0.,1.),.PIECEWISE_BEZIER_KNOTS.);
#242=B_SPLINE_CURVE_WITH_KNOTS('',2,(#10367,#10368,#10369),
 .UNSPECIFIED.,.F.,.F.,(3,3),(0.,1.),.PIECEWISE_BEZIER_KNOTS.);
#243=B_SPLINE_CURVE_WITH_KNOTS('',2,(#10371,#10372,#10373),
 .UNSPECIFIED.,.F.,.F.,(3,3),(0.,1.),.PIECEWISE_BEZIER_KNOTS.);
#244=B_SPLINE_CURVE_WITH_KNOTS('',2,(#10375,#10376,#10377),
 .UNSPECIFIED.,.F.,.F.,(3,3),(0.,1.),.PIECEWISE_BEZIER_KNOTS.);
#245=B_SPLINE_CURVE_WITH_KNOTS('',2,(#10379,#10380,#10381),
 .UNSPECIFIED.,.F.,.F.,(3,3),(0.,1.),.PIECEWISE_BEZIER_KNOTS.);
#246=B_SPLINE_CURVE_WITH_KNOTS('',2,(#10383,#10384,#10385),
 .UNSPECIFIED.,.F.,.F.,(3,3),(0.,1.),.PIECEWISE_BEZIER_KNOTS.);
#247=B_SPLINE_CURVE_WITH_KNOTS('',2,(#10387,#10388,#10389),
 .UNSPECIFIED.,.F.,.F.,(3,3),(0.,1.),.PIECEWISE_BEZIER_KNOTS.);
#248=B_SPLINE_CURVE_WITH_KNOTS('',2,(#10391,#10392,#10393),
 .UNSPECIFIED.,.F.,.F.,(3,3),(0.,1.),.PIECEWISE_BEZIER_KNOTS.);
#249=B_SPLINE_CURVE_WITH_KNOTS('',2,(#10395,#10396,#10397),
 .UNSPECIFIED.,.F.,.F.,(3,3),(0.,1.),.PIECEWISE_BEZIER_KNOTS.);
#250=B_SPLINE_CURVE_WITH_KNOTS('',2,(#10401,#10402,#10403),
 .UNSPECIFIED.,.F.,.F.,(3,3),(0.,1.),.PIECEWISE_BEZIER_KNOTS.);
#251=B_SPLINE_CURVE_WITH_KNOTS('',2,(#10405,#10406,#10407),
 .UNSPECIFIED.,.F.,.F.,(3,3),(0.,1.),.PIECEWISE_BEZIER_KNOTS.);
#252=B_SPLINE_CURVE_WITH_KNOTS('',2,(#10411,#10412,#10413),
 .UNSPECIFIED.,.F.,.F.,(3,3),(0.,1.),.PIECEWISE_BEZIER_KNOTS.);
#253=B_SPLINE_CURVE_WITH_KNOTS('',2,(#10415,#10416,#10417),
 .UNSPECIFIED.,.F.,.F.,(3,3),(0.,1.),.PIECEWISE_BEZIER_KNOTS.);
#254=B_SPLINE_CURVE_WITH_KNOTS('',2,(#10419,#10420,#10421),
 .UNSPECIFIED.,.F.,.F.,(3,3),(0.,1.),.PIECEWISE_BEZIER_KNOTS.);
#255=B_SPLINE_CURVE_WITH_KNOTS('',2,(#10447,#10448,#10449),
 .UNSPECIFIED.,.F.,.F.,(3,3),(0.,1.),.PIECEWISE_BEZIER_KNOTS.);
#256=B_SPLINE_CURVE_WITH_KNOTS('',2,(#10457,#10458,#10459),
 .UNSPECIFIED.,.F.,.F.,(3,3),(0.,1.),.PIECEWISE_BEZIER_KNOTS.);
#257=B_SPLINE_CURVE_WITH_KNOTS('',2,(#10899,#10900,#10901),
 .UNSPECIFIED.,.F.,.F.,(3,3),(0.,1.),.PIECEWISE_BEZIER_KNOTS.);
#258=B_SPLINE_CURVE_WITH_KNOTS('',2,(#10909,#10910,#10911),
 .UNSPECIFIED.,.F.,.F.,(3,3),(0.,1.),.PIECEWISE_BEZIER_KNOTS.);
#259=B_SPLINE_CURVE_WITH_KNOTS('',2,(#11544,#11545,#11546),
 .UNSPECIFIED.,.F.,.F.,(3,3),(0.,1.),.PIECEWISE_BEZIER_KNOTS.);
#260=B_SPLINE_CURVE_WITH_KNOTS('',2,(#11563,#11564,#11565),
 .UNSPECIFIED.,.F.,.F.,(3,3),(0.,1.),.PIECEWISE_BEZIER_KNOTS.);
#261=B_SPLINE_CURVE_WITH_KNOTS('',2,(#11576,#11577,#11578),
 .UNSPECIFIED.,.F.,.F.,(3,3),(0.,1.),.PIECEWISE_BEZIER_KNOTS.);
#262=B_SPLINE_CURVE_WITH_KNOTS('',2,(#11589,#11590,#11591),
 .UNSPECIFIED.,.F.,.F.,(3,3),(0.,1.),.PIECEWISE_BEZIER_KNOTS.);
#263=B_SPLINE_CURVE_WITH_KNOTS('',2,(#11606,#11607,#11608),
 .UNSPECIFIED.,.F.,.F.,(3,3),(0.,1.),.PIECEWISE_BEZIER_KNOTS.);
#264=B_SPLINE_CURVE_WITH_KNOTS('',2,(#11619,#11620,#11621),
 .UNSPECIFIED.,.F.,.F.,(3,3),(0.,1.),.PIECEWISE_BEZIER_KNOTS.);
#265=B_SPLINE_CURVE_WITH_KNOTS('',2,(#11636,#11637,#11638),
 .UNSPECIFIED.,.F.,.F.,(3,3),(0.,1.),.PIECEWISE_BEZIER_KNOTS.);
#266=B_SPLINE_CURVE_WITH_KNOTS('',2,(#11649,#11650,#11651),
 .UNSPECIFIED.,.F.,.F.,(3,3),(0.,1.),.PIECEWISE_BEZIER_KNOTS.);
#267=B_SPLINE_CURVE_WITH_KNOTS('',2,(#11662,#11663,#11664),
 .UNSPECIFIED.,.F.,.F.,(3,3),(0.,1.),.PIECEWISE_BEZIER_KNOTS.);
#268=B_SPLINE_CURVE_WITH_KNOTS('',2,(#11675,#11676,#11677),
 .UNSPECIFIED.,.F.,.F.,(3,3),(0.,1.),.PIECEWISE_BEZIER_KNOTS.);
#269=B_SPLINE_CURVE_WITH_KNOTS('',2,(#11688,#11689,#11690),
 .UNSPECIFIED.,.F.,.F.,(3,3),(0.,1.),.PIECEWISE_BEZIER_KNOTS.);
#270=B_SPLINE_CURVE_WITH_KNOTS('',2,(#11701,#11702,#11703),
 .UNSPECIFIED.,.F.,.F.,(3,3),(0.,1.),.PIECEWISE_BEZIER_KNOTS.);
#271=B_SPLINE_CURVE_WITH_KNOTS('',2,(#11714,#11715,#11716),
 .UNSPECIFIED.,.F.,.F.,(3,3),(0.,1.),.PIECEWISE_BEZIER_KNOTS.);
#272=B_SPLINE_CURVE_WITH_KNOTS('',2,(#11727,#11728,#11729),
 .UNSPECIFIED.,.F.,.F.,(3,3),(0.,1.),.PIECEWISE_BEZIER_KNOTS.);
#273=B_SPLINE_CURVE_WITH_KNOTS('',2,(#11740,#11741,#11742),
 .UNSPECIFIED.,.F.,.F.,(3,3),(0.,1.),.PIECEWISE_BEZIER_KNOTS.);
#274=B_SPLINE_CURVE_WITH_KNOTS('',2,(#11753,#11754,#11755),
 .UNSPECIFIED.,.F.,.F.,(3,3),(0.,1.),.PIECEWISE_BEZIER_KNOTS.);
#275=B_SPLINE_CURVE_WITH_KNOTS('',2,(#11774,#11775,#11776),
 .UNSPECIFIED.,.F.,.F.,(3,3),(0.,1.),.PIECEWISE_BEZIER_KNOTS.);
#276=B_SPLINE_CURVE_WITH_KNOTS('',2,(#11785,#11786,#11787),
 .UNSPECIFIED.,.F.,.F.,(3,3),(0.,1.),.PIECEWISE_BEZIER_KNOTS.);
#277=B_SPLINE_CURVE_WITH_KNOTS('',2,(#11799,#11800,#11801),
 .UNSPECIFIED.,.F.,.F.,(3,3),(0.,1.),.PIECEWISE_BEZIER_KNOTS.);
#278=B_SPLINE_CURVE_WITH_KNOTS('',2,(#11814,#11815,#11816),
 .UNSPECIFIED.,.F.,.F.,(3,3),(0.,1.),.PIECEWISE_BEZIER_KNOTS.);
#279=B_SPLINE_CURVE_WITH_KNOTS('',2,(#11879,#11880,#11881),
 .UNSPECIFIED.,.F.,.F.,(3,3),(0.,1.),.PIECEWISE_BEZIER_KNOTS.);
#280=B_SPLINE_CURVE_WITH_KNOTS('',2,(#11892,#11893,#11894),
 .UNSPECIFIED.,.F.,.F.,(3,3),(0.,1.),.PIECEWISE_BEZIER_KNOTS.);
#281=B_SPLINE_CURVE_WITH_KNOTS('',2,(#11905,#11906,#11907),
 .UNSPECIFIED.,.F.,.F.,(3,3),(0.,1.),.PIECEWISE_BEZIER_KNOTS.);
#282=B_SPLINE_CURVE_WITH_KNOTS('',2,(#11921,#11922,#11923),
 .UNSPECIFIED.,.F.,.F.,(3,3),(0.,1.),.PIECEWISE_BEZIER_KNOTS.);
#283=B_SPLINE_CURVE_WITH_KNOTS('',2,(#11936,#11937,#11938),
 .UNSPECIFIED.,.F.,.F.,(3,3),(0.411949986467907,1.),
 .PIECEWISE_BEZIER_KNOTS.);
#284=B_SPLINE_CURVE_WITH_KNOTS('',2,(#11953,#11954,#11955),
 .UNSPECIFIED.,.F.,.F.,(3,3),(0.464829227681803,1.),
 .PIECEWISE_BEZIER_KNOTS.);
#285=B_SPLINE_CURVE_WITH_KNOTS('',2,(#11970,#11971,#11972),
 .UNSPECIFIED.,.F.,.F.,(3,3),(0.,1.),.PIECEWISE_BEZIER_KNOTS.);
#286=B_SPLINE_CURVE_WITH_KNOTS('',2,(#11983,#11984,#11985),
 .UNSPECIFIED.,.F.,.F.,(3,3),(0.,1.),.PIECEWISE_BEZIER_KNOTS.);
#287=B_SPLINE_CURVE_WITH_KNOTS('',2,(#11996,#11997,#11998),
 .UNSPECIFIED.,.F.,.F.,(3,3),(0.,1.),.PIECEWISE_BEZIER_KNOTS.);
#288=B_SPLINE_CURVE_WITH_KNOTS('',2,(#12009,#12010,#12011),
 .UNSPECIFIED.,.F.,.F.,(3,3),(0.,1.),.PIECEWISE_BEZIER_KNOTS.);
#289=B_SPLINE_CURVE_WITH_KNOTS('',2,(#12022,#12023,#12024),
 .UNSPECIFIED.,.F.,.F.,(3,3),(0.,1.),.PIECEWISE_BEZIER_KNOTS.);
#290=B_SPLINE_CURVE_WITH_KNOTS('',2,(#12035,#12036,#12037),
 .UNSPECIFIED.,.F.,.F.,(3,3),(0.,1.),.PIECEWISE_BEZIER_KNOTS.);
#291=B_SPLINE_CURVE_WITH_KNOTS('',2,(#12048,#12049,#12050),
 .UNSPECIFIED.,.F.,.F.,(3,3),(0.,1.),.PIECEWISE_BEZIER_KNOTS.);
#292=B_SPLINE_CURVE_WITH_KNOTS('',2,(#12065,#12066,#12067),
 .UNSPECIFIED.,.F.,.F.,(3,3),(0.,1.),.PIECEWISE_BEZIER_KNOTS.);
#293=B_SPLINE_CURVE_WITH_KNOTS('',2,(#12082,#12083,#12084),
 .UNSPECIFIED.,.F.,.F.,(3,3),(0.,1.),.PIECEWISE_BEZIER_KNOTS.);
#294=B_SPLINE_CURVE_WITH_KNOTS('',2,(#12095,#12096,#12097),
 .UNSPECIFIED.,.F.,.F.,(3,3),(0.,1.),.PIECEWISE_BEZIER_KNOTS.);
#295=B_SPLINE_CURVE_WITH_KNOTS('',2,(#12114,#12115,#12116),
 .UNSPECIFIED.,.F.,.F.,(3,3),(0.,1.),.PIECEWISE_BEZIER_KNOTS.);
#296=B_SPLINE_CURVE_WITH_KNOTS('',2,(#12121,#12122,#12123),
 .UNSPECIFIED.,.F.,.F.,(3,3),(0.,1.),.PIECEWISE_BEZIER_KNOTS.);
#297=B_SPLINE_CURVE_WITH_KNOTS('',2,(#12134,#12135,#12136),
 .UNSPECIFIED.,.F.,.F.,(3,3),(0.,1.),.PIECEWISE_BEZIER_KNOTS.);
#298=B_SPLINE_CURVE_WITH_KNOTS('',2,(#12140,#12141,#12142),
 .UNSPECIFIED.,.F.,.F.,(3,3),(0.,1.),.PIECEWISE_BEZIER_KNOTS.);
#299=B_SPLINE_CURVE_WITH_KNOTS('',2,(#12151,#12152,#12153),
 .UNSPECIFIED.,.F.,.F.,(3,3),(0.,1.),.PIECEWISE_BEZIER_KNOTS.);
#300=B_SPLINE_CURVE_WITH_KNOTS('',2,(#12157,#12158,#12159),
 .UNSPECIFIED.,.F.,.F.,(3,3),(0.,1.),.PIECEWISE_BEZIER_KNOTS.);
#301=B_SPLINE_CURVE_WITH_KNOTS('',2,(#12168,#12169,#12170),
 .UNSPECIFIED.,.F.,.F.,(3,3),(0.,1.),.PIECEWISE_BEZIER_KNOTS.);
#302=B_SPLINE_CURVE_WITH_KNOTS('',2,(#12174,#12175,#12176),
 .UNSPECIFIED.,.F.,.F.,(3,3),(0.,1.),.PIECEWISE_BEZIER_KNOTS.);
#303=B_SPLINE_CURVE_WITH_KNOTS('',2,(#12191,#12192,#12193),
 .UNSPECIFIED.,.F.,.F.,(3,3),(0.,1.),.PIECEWISE_BEZIER_KNOTS.);
#304=B_SPLINE_CURVE_WITH_KNOTS('',2,(#12194,#12195,#12196),
 .UNSPECIFIED.,.F.,.F.,(3,3),(0.,1.),.PIECEWISE_BEZIER_KNOTS.);
#305=B_SPLINE_CURVE_WITH_KNOTS('',2,(#12221,#12222,#12223),
 .UNSPECIFIED.,.F.,.F.,(3,3),(0.,1.),.PIECEWISE_BEZIER_KNOTS.);
#306=B_SPLINE_CURVE_WITH_KNOTS('',2,(#12234,#12235,#12236),
 .UNSPECIFIED.,.F.,.F.,(3,3),(0.,1.),.PIECEWISE_BEZIER_KNOTS.);
#307=B_SPLINE_CURVE_WITH_KNOTS('',2,(#12247,#12248,#12249),
 .UNSPECIFIED.,.F.,.F.,(3,3),(0.,1.),.PIECEWISE_BEZIER_KNOTS.);
#308=B_SPLINE_CURVE_WITH_KNOTS('',2,(#12260,#12261,#12262),
 .UNSPECIFIED.,.F.,.F.,(3,3),(0.,1.),.PIECEWISE_BEZIER_KNOTS.);
#309=B_SPLINE_CURVE_WITH_KNOTS('',2,(#12297,#12298,#12299),
 .UNSPECIFIED.,.F.,.F.,(3,3),(0.,1.),.PIECEWISE_BEZIER_KNOTS.);
#310=B_SPLINE_CURVE_WITH_KNOTS('',2,(#12310,#12311,#12312),
 .UNSPECIFIED.,.F.,.F.,(3,3),(0.,1.),.PIECEWISE_BEZIER_KNOTS.);
#311=B_SPLINE_CURVE_WITH_KNOTS('',2,(#12323,#12324,#12325),
 .UNSPECIFIED.,.F.,.F.,(3,3),(0.,1.),.PIECEWISE_BEZIER_KNOTS.);
#312=B_SPLINE_CURVE_WITH_KNOTS('',2,(#12349,#12350,#12351),
 .UNSPECIFIED.,.F.,.F.,(3,3),(0.,1.),.PIECEWISE_BEZIER_KNOTS.);
#313=B_SPLINE_CURVE_WITH_KNOTS('',2,(#12362,#12363,#12364),
 .UNSPECIFIED.,.F.,.F.,(3,3),(0.,1.),.PIECEWISE_BEZIER_KNOTS.);
#314=B_SPLINE_CURVE_WITH_KNOTS('',2,(#12375,#12376,#12377),
 .UNSPECIFIED.,.F.,.F.,(3,3),(0.,1.),.PIECEWISE_BEZIER_KNOTS.);
#315=B_SPLINE_CURVE_WITH_KNOTS('',2,(#12404,#12405,#12406),
 .UNSPECIFIED.,.F.,.F.,(3,3),(0.,1.),.PIECEWISE_BEZIER_KNOTS.);
#316=B_SPLINE_CURVE_WITH_KNOTS('',2,(#12417,#12418,#12419),
 .UNSPECIFIED.,.F.,.F.,(3,3),(0.,1.),.PIECEWISE_BEZIER_KNOTS.);
#317=B_SPLINE_CURVE_WITH_KNOTS('',2,(#12430,#12431,#12432),
 .UNSPECIFIED.,.F.,.F.,(3,3),(0.,1.),.PIECEWISE_BEZIER_KNOTS.);
#318=B_SPLINE_CURVE_WITH_KNOTS('',2,(#12443,#12444,#12445),
 .UNSPECIFIED.,.F.,.F.,(3,3),(0.,1.),.PIECEWISE_BEZIER_KNOTS.);
#319=B_SPLINE_CURVE_WITH_KNOTS('',2,(#12456,#12457,#12458),
 .UNSPECIFIED.,.F.,.F.,(3,3),(0.,1.),.PIECEWISE_BEZIER_KNOTS.);
#320=B_SPLINE_CURVE_WITH_KNOTS('',2,(#12469,#12470,#12471),
 .UNSPECIFIED.,.F.,.F.,(3,3),(0.,1.),.PIECEWISE_BEZIER_KNOTS.);
#321=B_SPLINE_CURVE_WITH_KNOTS('',2,(#12482,#12483,#12484),
 .UNSPECIFIED.,.F.,.F.,(3,3),(0.,1.),.PIECEWISE_BEZIER_KNOTS.);
#322=B_SPLINE_CURVE_WITH_KNOTS('',2,(#12495,#12496,#12497),
 .UNSPECIFIED.,.F.,.F.,(3,3),(0.,1.),.PIECEWISE_BEZIER_KNOTS.);
#323=B_SPLINE_CURVE_WITH_KNOTS('',2,(#12508,#12509,#12510),
 .UNSPECIFIED.,.F.,.F.,(3,3),(0.,1.),.PIECEWISE_BEZIER_KNOTS.);
#324=B_SPLINE_CURVE_WITH_KNOTS('',2,(#12541,#12542,#12543),
 .UNSPECIFIED.,.F.,.F.,(3,3),(0.,1.),.PIECEWISE_BEZIER_KNOTS.);
#325=B_SPLINE_CURVE_WITH_KNOTS('',2,(#12556,#12557,#12558),
 .UNSPECIFIED.,.F.,.F.,(3,3),(0.,1.),.PIECEWISE_BEZIER_KNOTS.);
#326=LINE('',#9847,#1036);
#327=LINE('',#9851,#1037);
#328=LINE('',#9855,#1038);
#329=LINE('',#9859,#1039);
#330=LINE('',#9863,#1040);
#331=LINE('',#9867,#1041);
#332=LINE('',#9871,#1042);
#333=LINE('',#9875,#1043);
#334=LINE('',#9879,#1044);
#335=LINE('',#9883,#1045);
#336=LINE('',#9887,#1046);
#337=LINE('',#9891,#1047);
#338=LINE('',#9895,#1048);
#339=LINE('',#9899,#1049);
#340=LINE('',#9903,#1050);
#341=LINE('',#9907,#1051);
#342=LINE('',#9908,#1052);
#343=LINE('',#9913,#1053);
#344=LINE('',#9917,#1054);
#345=LINE('',#9921,#1055);
#346=LINE('',#9927,#1056);
#347=LINE('',#9931,#1057);
#348=LINE('',#9935,#1058);
#349=LINE('',#9939,#1059);
#350=LINE('',#9943,#1060);
#351=LINE('',#9947,#1061);
#352=LINE('',#9951,#1062);
#353=LINE('',#9955,#1063);
#354=LINE('',#9956,#1064);
#355=LINE('',#9961,#1065);
#356=LINE('',#9965,#1066);
#357=LINE('',#9969,#1067);
#358=LINE('',#9972,#1068);
#359=LINE('',#9977,#1069);
#360=LINE('',#9981,#1070);
#361=LINE('',#9985,#1071);
#362=LINE('',#9988,#1072);
#363=LINE('',#9993,#1073);
#364=LINE('',#9997,#1074);
#365=LINE('',#10001,#1075);
#366=LINE('',#10007,#1076);
#367=LINE('',#10011,#1077);
#368=LINE('',#10015,#1078);
#369=LINE('',#10019,#1079);
#370=LINE('',#10020,#1080);
#371=LINE('',#10025,#1081);
#372=LINE('',#10029,#1082);
#373=LINE('',#10033,#1083);
#374=LINE('',#10036,#1084);
#375=LINE('',#10039,#1085);
#376=LINE('',#10041,#1086);
#377=LINE('',#10043,#1087);
#378=LINE('',#10044,#1088);
#379=LINE('',#10047,#1089);
#380=LINE('',#10049,#1090);
#381=LINE('',#10051,#1091);
#382=LINE('',#10052,#1092);
#383=LINE('',#10055,#1093);
#384=LINE('',#10057,#1094);
#385=LINE('',#10059,#1095);
#386=LINE('',#10060,#1096);
#387=LINE('',#10063,#1097);
#388=LINE('',#10065,#1098);
#389=LINE('',#10067,#1099);
#390=LINE('',#10068,#1100);
#391=LINE('',#10071,#1101);
#392=LINE('',#10073,#1102);
#393=LINE('',#10075,#1103);
#394=LINE('',#10076,#1104);
#395=LINE('',#10079,#1105);
#396=LINE('',#10081,#1106);
#397=LINE('',#10083,#1107);
#398=LINE('',#10084,#1108);
#399=LINE('',#10087,#1109);
#400=LINE('',#10089,#1110);
#401=LINE('',#10091,#1111);
#402=LINE('',#10092,#1112);
#403=LINE('',#10095,#1113);
#404=LINE('',#10097,#1114);
#405=LINE('',#10099,#1115);
#406=LINE('',#10119,#1116);
#407=LINE('',#10121,#1117);
#408=LINE('',#10123,#1118);
#409=LINE('',#10125,#1119);
#410=LINE('',#10163,#1120);
#411=LINE('',#10165,#1121);
#412=LINE('',#10167,#1122);
#413=LINE('',#10169,#1123);
#414=LINE('',#10178,#1124);
#415=LINE('',#10181,#1125);
#416=LINE('',#10183,#1126);
#417=LINE('',#10199,#1127);
#418=LINE('',#10201,#1128);
#419=LINE('',#10203,#1129);
#420=LINE('',#10205,#1130);
#421=LINE('',#10207,#1131);
#422=LINE('',#10209,#1132);
#423=LINE('',#10235,#1133);
#424=LINE('',#10237,#1134);
#425=LINE('',#10239,#1135);
#426=LINE('',#10255,#1136);
#427=LINE('',#10301,#1137);
#428=LINE('',#10317,#1138);
#429=LINE('',#10319,#1139);
#430=LINE('',#10321,#1140);
#431=LINE('',#10323,#1141);
#432=LINE('',#10325,#1142);
#433=LINE('',#10327,#1143);
#434=LINE('',#10329,#1144);
#435=LINE('',#10331,#1145);
#436=LINE('',#10333,#1146);
#437=LINE('',#10335,#1147);
#438=LINE('',#10337,#1148);
#439=LINE('',#10357,#1149);
#440=LINE('',#10399,#1150);
#441=LINE('',#10430,#1151);
#442=LINE('',#10433,#1152);
#443=LINE('',#10435,#1153);
#444=LINE('',#10437,#1154);
#445=LINE('',#10438,#1155);
#446=LINE('',#10443,#1156);
#447=LINE('',#10453,#1157);
#448=LINE('',#10463,#1158);
#449=LINE('',#10467,#1159);
#450=LINE('',#10471,#1160);
#451=LINE('',#10475,#1161);
#452=LINE('',#10479,#1162);
#453=LINE('',#10482,#1163);
#454=LINE('',#10487,#1164);
#455=LINE('',#10491,#1165);
#456=LINE('',#10495,#1166);
#457=LINE('',#10498,#1167);
#458=LINE('',#10503,#1168);
#459=LINE('',#10507,#1169);
#460=LINE('',#10511,#1170);
#461=LINE('',#10517,#1171);
#462=LINE('',#10521,#1172);
#463=LINE('',#10525,#1173);
#464=LINE('',#10529,#1174);
#465=LINE('',#10530,#1175);
#466=LINE('',#10535,#1176);
#467=LINE('',#10539,#1177);
#468=LINE('',#10543,#1178);
#469=LINE('',#10549,#1179);
#470=LINE('',#10553,#1180);
#471=LINE('',#10557,#1181);
#472=LINE('',#10561,#1182);
#473=LINE('',#10565,#1183);
#474=LINE('',#10569,#1184);
#475=LINE('',#10573,#1185);
#476=LINE('',#10577,#1186);
#477=LINE('',#10578,#1187);
#478=LINE('',#10583,#1188);
#479=LINE('',#10587,#1189);
#480=LINE('',#10591,#1190);
#481=LINE('',#10597,#1191);
#482=LINE('',#10601,#1192);
#483=LINE('',#10605,#1193);
#484=LINE('',#10609,#1194);
#485=LINE('',#10613,#1195);
#486=LINE('',#10617,#1196);
#487=LINE('',#10621,#1197);
#488=LINE('',#10625,#1198);
#489=LINE('',#10626,#1199);
#490=LINE('',#10631,#1200);
#491=LINE('',#10635,#1201);
#492=LINE('',#10639,#1202);
#493=LINE('',#10645,#1203);
#494=LINE('',#10649,#1204);
#495=LINE('',#10653,#1205);
#496=LINE('',#10657,#1206);
#497=LINE('',#10658,#1207);
#498=LINE('',#10663,#1208);
#499=LINE('',#10667,#1209);
#500=LINE('',#10671,#1210);
#501=LINE('',#10675,#1211);
#502=LINE('',#10678,#1212);
#503=LINE('',#10679,#1213);
#504=LINE('',#10681,#1214);
#505=LINE('',#10686,#1215);
#506=LINE('',#10690,#1216);
#507=LINE('',#10694,#1217);
#508=LINE('',#10700,#1218);
#509=LINE('',#10704,#1219);
#510=LINE('',#10708,#1220);
#511=LINE('',#10712,#1221);
#512=LINE('',#10716,#1222);
#513=LINE('',#10720,#1223);
#514=LINE('',#10724,#1224);
#515=LINE('',#10728,#1225);
#516=LINE('',#10732,#1226);
#517=LINE('',#10736,#1227);
#518=LINE('',#10740,#1228);
#519=LINE('',#10744,#1229);
#520=LINE('',#10748,#1230);
#521=LINE('',#10752,#1231);
#522=LINE('',#10756,#1232);
#523=LINE('',#10760,#1233);
#524=LINE('',#10761,#1234);
#525=LINE('',#10766,#1235);
#526=LINE('',#10770,#1236);
#527=LINE('',#10774,#1237);
#528=LINE('',#10780,#1238);
#529=LINE('',#10784,#1239);
#530=LINE('',#10788,#1240);
#531=LINE('',#10792,#1241);
#532=LINE('',#10793,#1242);
#533=LINE('',#10798,#1243);
#534=LINE('',#10802,#1244);
#535=LINE('',#10806,#1245);
#536=LINE('',#10812,#1246);
#537=LINE('',#10816,#1247);
#538=LINE('',#10820,#1248);
#539=LINE('',#10824,#1249);
#540=LINE('',#10828,#1250);
#541=LINE('',#10832,#1251);
#542=LINE('',#10836,#1252);
#543=LINE('',#10840,#1253);
#544=LINE('',#10841,#1254);
#545=LINE('',#10846,#1255);
#546=LINE('',#10850,#1256);
#547=LINE('',#10854,#1257);
#548=LINE('',#10857,#1258);
#549=LINE('',#10862,#1259);
#550=LINE('',#10866,#1260);
#551=LINE('',#10870,#1261);
#552=LINE('',#10873,#1262);
#553=LINE('',#10879,#1263);
#554=LINE('',#10883,#1264);
#555=LINE('',#10887,#1265);
#556=LINE('',#10891,#1266);
#557=LINE('',#10895,#1267);
#558=LINE('',#10905,#1268);
#559=LINE('',#10925,#1269);
#560=LINE('',#10929,#1270);
#561=LINE('',#10933,#1271);
#562=LINE('',#10937,#1272);
#563=LINE('',#10938,#1273);
#564=LINE('',#10943,#1274);
#565=LINE('',#10947,#1275);
#566=LINE('',#10951,#1276);
#567=LINE('',#10957,#1277);
#568=LINE('',#10961,#1278);
#569=LINE('',#10965,#1279);
#570=LINE('',#10969,#1280);
#571=LINE('',#10973,#1281);
#572=LINE('',#10977,#1282);
#573=LINE('',#10981,#1283);
#574=LINE('',#10985,#1284);
#575=LINE('',#10986,#1285);
#576=LINE('',#10991,#1286);
#577=LINE('',#10995,#1287);
#578=LINE('',#10999,#1288);
#579=LINE('',#11002,#1289);
#580=LINE('',#11007,#1290);
#581=LINE('',#11011,#1291);
#582=LINE('',#11015,#1292);
#583=LINE('',#11021,#1293);
#584=LINE('',#11025,#1294);
#585=LINE('',#11029,#1295);
#586=LINE('',#11033,#1296);
#587=LINE('',#11034,#1297);
#588=LINE('',#11039,#1298);
#589=LINE('',#11043,#1299);
#590=LINE('',#11047,#1300);
#591=LINE('',#11053,#1301);
#592=LINE('',#11057,#1302);
#593=LINE('',#11061,#1303);
#594=LINE('',#11065,#1304);
#595=LINE('',#11069,#1305);
#596=LINE('',#11073,#1306);
#597=LINE('',#11077,#1307);
#598=LINE('',#11081,#1308);
#599=LINE('',#11082,#1309);
#600=LINE('',#11087,#1310);
#601=LINE('',#11091,#1311);
#602=LINE('',#11095,#1312);
#603=LINE('',#11098,#1313);
#604=LINE('',#11103,#1314);
#605=LINE('',#11107,#1315);
#606=LINE('',#11111,#1316);
#607=LINE('',#11115,#1317);
#608=LINE('',#11116,#1318);
#609=LINE('',#11118,#1319);
#610=LINE('',#11119,#1320);
#611=LINE('',#11121,#1321);
#612=LINE('',#11122,#1322);
#613=LINE('',#11131,#1323);
#614=LINE('',#11132,#1324);
#615=LINE('',#11134,#1325);
#616=LINE('',#11135,#1326);
#617=LINE('',#11144,#1327);
#618=LINE('',#11145,#1328);
#619=LINE('',#11151,#1329);
#620=LINE('',#11152,#1330);
#621=LINE('',#11154,#1331);
#622=LINE('',#11156,#1332);
#623=LINE('',#11158,#1333);
#624=LINE('',#11160,#1334);
#625=LINE('',#11162,#1335);
#626=LINE('',#11164,#1336);
#627=LINE('',#11167,#1337);
#628=LINE('',#11168,#1338);
#629=LINE('',#11170,#1339);
#630=LINE('',#11172,#1340);
#631=LINE('',#11174,#1341);
#632=LINE('',#11176,#1342);
#633=LINE('',#11178,#1343);
#634=LINE('',#11180,#1344);
#635=LINE('',#11183,#1345);
#636=LINE('',#11184,#1346);
#637=LINE('',#11186,#1347);
#638=LINE('',#11188,#1348);
#639=LINE('',#11190,#1349);
#640=LINE('',#11192,#1350);
#641=LINE('',#11194,#1351);
#642=LINE('',#11196,#1352);
#643=LINE('',#11199,#1353);
#644=LINE('',#11200,#1354);
#645=LINE('',#11202,#1355);
#646=LINE('',#11204,#1356);
#647=LINE('',#11206,#1357);
#648=LINE('',#11208,#1358);
#649=LINE('',#11210,#1359);
#650=LINE('',#11212,#1360);
#651=LINE('',#11215,#1361);
#652=LINE('',#11216,#1362);
#653=LINE('',#11218,#1363);
#654=LINE('',#11220,#1364);
#655=LINE('',#11222,#1365);
#656=LINE('',#11224,#1366);
#657=LINE('',#11226,#1367);
#658=LINE('',#11228,#1368);
#659=LINE('',#11231,#1369);
#660=LINE('',#11232,#1370);
#661=LINE('',#11234,#1371);
#662=LINE('',#11236,#1372);
#663=LINE('',#11238,#1373);
#664=LINE('',#11240,#1374);
#665=LINE('',#11242,#1375);
#666=LINE('',#11244,#1376);
#667=LINE('',#11247,#1377);
#668=LINE('',#11248,#1378);
#669=LINE('',#11250,#1379);
#670=LINE('',#11252,#1380);
#671=LINE('',#11254,#1381);
#672=LINE('',#11256,#1382);
#673=LINE('',#11258,#1383);
#674=LINE('',#11260,#1384);
#675=LINE('',#11263,#1385);
#676=LINE('',#11264,#1386);
#677=LINE('',#11266,#1387);
#678=LINE('',#11268,#1388);
#679=LINE('',#11270,#1389);
#680=LINE('',#11272,#1390);
#681=LINE('',#11274,#1391);
#682=LINE('',#11276,#1392);
#683=LINE('',#11279,#1393);
#684=LINE('',#11280,#1394);
#685=LINE('',#11282,#1395);
#686=LINE('',#11284,#1396);
#687=LINE('',#11286,#1397);
#688=LINE('',#11288,#1398);
#689=LINE('',#11290,#1399);
#690=LINE('',#11292,#1400);
#691=LINE('',#11295,#1401);
#692=LINE('',#11296,#1402);
#693=LINE('',#11298,#1403);
#694=LINE('',#11300,#1404);
#695=LINE('',#11302,#1405);
#696=LINE('',#11304,#1406);
#697=LINE('',#11306,#1407);
#698=LINE('',#11308,#1408);
#699=LINE('',#11311,#1409);
#700=LINE('',#11312,#1410);
#701=LINE('',#11314,#1411);
#702=LINE('',#11316,#1412);
#703=LINE('',#11318,#1413);
#704=LINE('',#11320,#1414);
#705=LINE('',#11322,#1415);
#706=LINE('',#11324,#1416);
#707=LINE('',#11327,#1417);
#708=LINE('',#11328,#1418);
#709=LINE('',#11330,#1419);
#710=LINE('',#11332,#1420);
#711=LINE('',#11334,#1421);
#712=LINE('',#11336,#1422);
#713=LINE('',#11338,#1423);
#714=LINE('',#11340,#1424);
#715=LINE('',#11343,#1425);
#716=LINE('',#11344,#1426);
#717=LINE('',#11346,#1427);
#718=LINE('',#11348,#1428);
#719=LINE('',#11350,#1429);
#720=LINE('',#11352,#1430);
#721=LINE('',#11354,#1431);
#722=LINE('',#11356,#1432);
#723=LINE('',#11359,#1433);
#724=LINE('',#11360,#1434);
#725=LINE('',#11362,#1435);
#726=LINE('',#11364,#1436);
#727=LINE('',#11366,#1437);
#728=LINE('',#11368,#1438);
#729=LINE('',#11370,#1439);
#730=LINE('',#11372,#1440);
#731=LINE('',#11375,#1441);
#732=LINE('',#11376,#1442);
#733=LINE('',#11378,#1443);
#734=LINE('',#11380,#1444);
#735=LINE('',#11382,#1445);
#736=LINE('',#11384,#1446);
#737=LINE('',#11386,#1447);
#738=LINE('',#11388,#1448);
#739=LINE('',#11391,#1449);
#740=LINE('',#11392,#1450);
#741=LINE('',#11394,#1451);
#742=LINE('',#11396,#1452);
#743=LINE('',#11398,#1453);
#744=LINE('',#11400,#1454);
#745=LINE('',#11402,#1455);
#746=LINE('',#11404,#1456);
#747=LINE('',#11407,#1457);
#748=LINE('',#11408,#1458);
#749=LINE('',#11410,#1459);
#750=LINE('',#11412,#1460);
#751=LINE('',#11414,#1461);
#752=LINE('',#11416,#1462);
#753=LINE('',#11418,#1463);
#754=LINE('',#11420,#1464);
#755=LINE('',#11423,#1465);
#756=LINE('',#11424,#1466);
#757=LINE('',#11426,#1467);
#758=LINE('',#11428,#1468);
#759=LINE('',#11430,#1469);
#760=LINE('',#11432,#1470);
#761=LINE('',#11434,#1471);
#762=LINE('',#11436,#1472);
#763=LINE('',#11439,#1473);
#764=LINE('',#11440,#1474);
#765=LINE('',#11442,#1475);
#766=LINE('',#11444,#1476);
#767=LINE('',#11446,#1477);
#768=LINE('',#11448,#1478);
#769=LINE('',#11450,#1479);
#770=LINE('',#11452,#1480);
#771=LINE('',#11455,#1481);
#772=LINE('',#11456,#1482);
#773=LINE('',#11458,#1483);
#774=LINE('',#11460,#1484);
#775=LINE('',#11462,#1485);
#776=LINE('',#11464,#1486);
#777=LINE('',#11466,#1487);
#778=LINE('',#11468,#1488);
#779=LINE('',#11471,#1489);
#780=LINE('',#11472,#1490);
#781=LINE('',#11474,#1491);
#782=LINE('',#11476,#1492);
#783=LINE('',#11478,#1493);
#784=LINE('',#11480,#1494);
#785=LINE('',#11482,#1495);
#786=LINE('',#11484,#1496);
#787=LINE('',#11487,#1497);
#788=LINE('',#11488,#1498);
#789=LINE('',#11490,#1499);
#790=LINE('',#11492,#1500);
#791=LINE('',#11494,#1501);
#792=LINE('',#11496,#1502);
#793=LINE('',#11498,#1503);
#794=LINE('',#11500,#1504);
#795=LINE('',#11503,#1505);
#796=LINE('',#11504,#1506);
#797=LINE('',#11506,#1507);
#798=LINE('',#11508,#1508);
#799=LINE('',#11510,#1509);
#800=LINE('',#11512,#1510);
#801=LINE('',#11514,#1511);
#802=LINE('',#11516,#1512);
#803=LINE('',#11519,#1513);
#804=LINE('',#11520,#1514);
#805=LINE('',#11522,#1515);
#806=LINE('',#11524,#1516);
#807=LINE('',#11526,#1517);
#808=LINE('',#11528,#1518);
#809=LINE('',#11530,#1519);
#810=LINE('',#11532,#1520);
#811=LINE('',#11542,#1521);
#812=LINE('',#11548,#1522);
#813=LINE('',#11550,#1523);
#814=LINE('',#11561,#1524);
#815=LINE('',#11574,#1525);
#816=LINE('',#11587,#1526);
#817=LINE('',#11593,#1527);
#818=LINE('',#11604,#1528);
#819=LINE('',#11617,#1529);
#820=LINE('',#11623,#1530);
#821=LINE('',#11625,#1531);
#822=LINE('',#11634,#1532);
#823=LINE('',#11647,#1533);
#824=LINE('',#11660,#1534);
#825=LINE('',#11673,#1535);
#826=LINE('',#11686,#1536);
#827=LINE('',#11699,#1537);
#828=LINE('',#11712,#1538);
#829=LINE('',#11725,#1539);
#830=LINE('',#11738,#1540);
#831=LINE('',#11751,#1541);
#832=LINE('',#11757,#1542);
#833=LINE('',#11759,#1543);
#834=LINE('',#11761,#1544);
#835=LINE('',#11772,#1545);
#836=LINE('',#11797,#1546);
#837=LINE('',#11803,#1547);
#838=LINE('',#11812,#1548);
#839=LINE('',#11818,#1549);
#840=LINE('',#11822,#1550);
#841=LINE('',#11824,#1551);
#842=LINE('',#11826,#1552);
#843=LINE('',#11828,#1553);
#844=LINE('',#11830,#1554);
#845=LINE('',#11832,#1555);
#846=LINE('',#11834,#1556);
#847=LINE('',#11836,#1557);
#848=LINE('',#11838,#1558);
#849=LINE('',#11840,#1559);
#850=LINE('',#11842,#1560);
#851=LINE('',#11844,#1561);
#852=LINE('',#11846,#1562);
#853=LINE('',#11848,#1563);
#854=LINE('',#11850,#1564);
#855=LINE('',#11852,#1565);
#856=LINE('',#11854,#1566);
#857=LINE('',#11856,#1567);
#858=LINE('',#11858,#1568);
#859=LINE('',#11860,#1569);
#860=LINE('',#11862,#1570);
#861=LINE('',#11864,#1571);
#862=LINE('',#11866,#1572);
#863=LINE('',#11877,#1573);
#864=LINE('',#11890,#1574);
#865=LINE('',#11903,#1575);
#866=LINE('',#11909,#1576);
#867=LINE('',#11919,#1577);
#868=LINE('',#11925,#1578);
#869=LINE('',#11934,#1579);
#870=LINE('',#11940,#1580);
#871=LINE('',#11951,#1581);
#872=LINE('',#11957,#1582);
#873=LINE('',#11968,#1583);
#874=LINE('',#11981,#1584);
#875=LINE('',#11994,#1585);
#876=LINE('',#12007,#1586);
#877=LINE('',#12020,#1587);
#878=LINE('',#12033,#1588);
#879=LINE('',#12046,#1589);
#880=LINE('',#12052,#1590);
#881=LINE('',#12054,#1591);
#882=LINE('',#12063,#1592);
#883=LINE('',#12069,#1593);
#884=LINE('',#12080,#1594);
#885=LINE('',#12093,#1595);
#886=LINE('',#12099,#1596);
#887=LINE('',#12101,#1597);
#888=LINE('',#12103,#1598);
#889=LINE('',#12105,#1599);
#890=LINE('',#12119,#1600);
#891=LINE('',#12125,#1601);
#892=LINE('',#12138,#1602);
#893=LINE('',#12155,#1603);
#894=LINE('',#12172,#1604);
#895=LINE('',#12178,#1605);
#896=LINE('',#12180,#1606);
#897=LINE('',#12182,#1607);
#898=LINE('',#12198,#1608);
#899=LINE('',#12202,#1609);
#900=LINE('',#12204,#1610);
#901=LINE('',#12206,#1611);
#902=LINE('',#12208,#1612);
#903=LINE('',#12210,#1613);
#904=LINE('',#12219,#1614);
#905=LINE('',#12232,#1615);
#906=LINE('',#12245,#1616);
#907=LINE('',#12258,#1617);
#908=LINE('',#12264,#1618);
#909=LINE('',#12266,#1619);
#910=LINE('',#12268,#1620);
#911=LINE('',#12270,#1621);
#912=LINE('',#12272,#1622);
#913=LINE('',#12274,#1623);
#914=LINE('',#12276,#1624);
#915=LINE('',#12278,#1625);
#916=LINE('',#12280,#1626);
#917=LINE('',#12282,#1627);
#918=LINE('',#12284,#1628);
#919=LINE('',#12286,#1629);
#920=LINE('',#12295,#1630);
#921=LINE('',#12308,#1631);
#922=LINE('',#12321,#1632);
#923=LINE('',#12327,#1633);
#924=LINE('',#12331,#1634);
#925=LINE('',#12334,#1635);
#926=LINE('',#12338,#1636);
#927=LINE('',#12347,#1637);
#928=LINE('',#12360,#1638);
#929=LINE('',#12373,#1639);
#930=LINE('',#12379,#1640);
#931=LINE('',#12381,#1641);
#932=LINE('',#12383,#1642);
#933=LINE('',#12385,#1643);
#934=LINE('',#12387,#1644);
#935=LINE('',#12389,#1645);
#936=LINE('',#12391,#1646);
#937=LINE('',#12393,#1647);
#938=LINE('',#12402,#1648);
#939=LINE('',#12415,#1649);
#940=LINE('',#12428,#1650);
#941=LINE('',#12441,#1651);
#942=LINE('',#12454,#1652);
#943=LINE('',#12467,#1653);
#944=LINE('',#12480,#1654);
#945=LINE('',#12493,#1655);
#946=LINE('',#12506,#1656);
#947=LINE('',#12512,#1657);
#948=LINE('',#12514,#1658);
#949=LINE('',#12516,#1659);
#950=LINE('',#12518,#1660);
#951=LINE('',#12520,#1661);
#952=LINE('',#12522,#1662);
#953=LINE('',#12524,#1663);
#954=LINE('',#12526,#1664);
#955=LINE('',#12528,#1665);
#956=LINE('',#12539,#1666);
#957=LINE('',#12545,#1667);
#958=LINE('',#12561,#1668);
#959=LINE('',#12563,#1669);
#960=LINE('',#12565,#1670);
#961=LINE('',#12567,#1671);
#962=LINE('',#12569,#1672);
#963=LINE('',#12571,#1673);
#964=LINE('',#12573,#1674);
#965=LINE('',#12575,#1675);
#966=LINE('',#12578,#1676);
#967=LINE('',#12580,#1677);
#968=LINE('',#12582,#1678);
#969=LINE('',#12584,#1679);
#970=LINE('',#12586,#1680);
#971=LINE('',#12588,#1681);
#972=LINE('',#12590,#1682);
#973=LINE('',#12592,#1683);
#974=LINE('',#12595,#1684);
#975=LINE('',#12597,#1685);
#976=LINE('',#12599,#1686);
#977=LINE('',#12601,#1687);
#978=LINE('',#12603,#1688);
#979=LINE('',#12605,#1689);
#980=LINE('',#12607,#1690);
#981=LINE('',#12609,#1691);
#982=LINE('',#12612,#1692);
#983=LINE('',#12614,#1693);
#984=LINE('',#12616,#1694);
#985=LINE('',#12618,#1695);
#986=LINE('',#12620,#1696);
#987=LINE('',#12622,#1697);
#988=LINE('',#12624,#1698);
#989=LINE('',#12626,#1699);
#990=LINE('',#12629,#1700);
#991=LINE('',#12631,#1701);
#992=LINE('',#12633,#1702);
#993=LINE('',#12635,#1703);
#994=LINE('',#12637,#1704);
#995=LINE('',#12639,#1705);
#996=LINE('',#12641,#1706);
#997=LINE('',#12643,#1707);
#998=LINE('',#12646,#1708);
#999=LINE('',#12648,#1709);
#1000=LINE('',#12650,#1710);
#1001=LINE('',#12652,#1711);
#1002=LINE('',#12654,#1712);
#1003=LINE('',#12656,#1713);
#1004=LINE('',#12658,#1714);
#1005=LINE('',#12660,#1715);
#1006=LINE('',#12663,#1716);
#1007=LINE('',#12665,#1717);
#1008=LINE('',#12667,#1718);
#1009=LINE('',#12669,#1719);
#1010=LINE('',#12671,#1720);
#1011=LINE('',#12673,#1721);
#1012=LINE('',#12675,#1722);
#1013=LINE('',#12677,#1723);
#1014=LINE('',#12680,#1724);
#1015=LINE('',#12682,#1725);
#1016=LINE('',#12684,#1726);
#1017=LINE('',#12686,#1727);
#1018=LINE('',#12688,#1728);
#1019=LINE('',#12690,#1729);
#1020=LINE('',#12692,#1730);
#1021=LINE('',#12694,#1731);
#1022=LINE('',#12697,#1732);
#1023=LINE('',#12699,#1733);
#1024=LINE('',#12701,#1734);
#1025=LINE('',#12703,#1735);
#1026=LINE('',#12705,#1736);
#1027=LINE('',#12707,#1737);
#1028=LINE('',#12709,#1738);
#1029=LINE('',#12711,#1739);
#1030=LINE('',#12714,#1740);
#1031=LINE('',#12715,#1741);
#1032=LINE('',#12717,#1742);
#1033=LINE('',#12718,#1743);
#1034=LINE('',#12720,#1744);
#1035=LINE('',#12721,#1745);
#1036=VECTOR('',#8018,1.);
#1037=VECTOR('',#8021,1.);
#1038=VECTOR('',#8024,1.);
#1039=VECTOR('',#8027,1.);
#1040=VECTOR('',#8030,1.);
#1041=VECTOR('',#8033,1.);
#1042=VECTOR('',#8036,1.);
#1043=VECTOR('',#8039,1.);
#1044=VECTOR('',#8042,1.);
#1045=VECTOR('',#8045,1.);
#1046=VECTOR('',#8048,1.);
#1047=VECTOR('',#8051,1.);
#1048=VECTOR('',#8054,1.);
#1049=VECTOR('',#8057,1.);
#1050=VECTOR('',#8060,1.);
#1051=VECTOR('',#8063,1.);
#1052=VECTOR('',#8064,1.);
#1053=VECTOR('',#8067,1.);
#1054=VECTOR('',#8070,1.);
#1055=VECTOR('',#8073,1.);
#1056=VECTOR('',#8078,1.);
#1057=VECTOR('',#8081,1.);
#1058=VECTOR('',#8084,1.);
#1059=VECTOR('',#8087,1.);
#1060=VECTOR('',#8090,1.);
#1061=VECTOR('',#8093,1.);
#1062=VECTOR('',#8096,1.);
#1063=VECTOR('',#8099,1.);
#1064=VECTOR('',#8100,1.);
#1065=VECTOR('',#8103,1.);
#1066=VECTOR('',#8106,1.);
#1067=VECTOR('',#8109,1.);
#1068=VECTOR('',#8112,1.);
#1069=VECTOR('',#8115,1.);
#1070=VECTOR('',#8118,1.);
#1071=VECTOR('',#8121,1.);
#1072=VECTOR('',#8124,1.);
#1073=VECTOR('',#8127,1.);
#1074=VECTOR('',#8130,1.);
#1075=VECTOR('',#8133,1.);
#1076=VECTOR('',#8138,1.);
#1077=VECTOR('',#8141,1.);
#1078=VECTOR('',#8144,1.);
#1079=VECTOR('',#8147,1.);
#1080=VECTOR('',#8148,1.);
#1081=VECTOR('',#8151,1.);
#1082=VECTOR('',#8154,1.);
#1083=VECTOR('',#8157,1.);
#1084=VECTOR('',#8160,1.);
#1085=VECTOR('',#8161,1.);
#1086=VECTOR('',#8162,1.);
#1087=VECTOR('',#8163,1.);
#1088=VECTOR('',#8164,1.);
#1089=VECTOR('',#8165,1.);
#1090=VECTOR('',#8166,1.);
#1091=VECTOR('',#8167,1.);
#1092=VECTOR('',#8168,1.);
#1093=VECTOR('',#8169,1.);
#1094=VECTOR('',#8170,1.);
#1095=VECTOR('',#8171,1.);
#1096=VECTOR('',#8172,1.);
#1097=VECTOR('',#8173,1.);
#1098=VECTOR('',#8174,1.);
#1099=VECTOR('',#8175,1.);
#1100=VECTOR('',#8176,1.);
#1101=VECTOR('',#8177,1.);
#1102=VECTOR('',#8178,1.);
#1103=VECTOR('',#8179,1.);
#1104=VECTOR('',#8180,1.);
#1105=VECTOR('',#8181,1.);
#1106=VECTOR('',#8182,1.);
#1107=VECTOR('',#8183,1.);
#1108=VECTOR('',#8184,1.);
#1109=VECTOR('',#8185,1.);
#1110=VECTOR('',#8186,1.);
#1111=VECTOR('',#8187,1.);
#1112=VECTOR('',#8188,1.);
#1113=VECTOR('',#8189,1.);
#1114=VECTOR('',#8190,1.);
#1115=VECTOR('',#8191,1.);
#1116=VECTOR('',#8198,1.);
#1117=VECTOR('',#8199,1.);
#1118=VECTOR('',#8200,1.);
#1119=VECTOR('',#8201,1.);
#1120=VECTOR('',#8202,1.);
#1121=VECTOR('',#8203,1.);
#1122=VECTOR('',#8204,1.);
#1123=VECTOR('',#8205,1.);
#1124=VECTOR('',#8206,1.);
#1125=VECTOR('',#8207,1.);
#1126=VECTOR('',#8208,1.);
#1127=VECTOR('',#8211,1.);
#1128=VECTOR('',#8212,1.);
#1129=VECTOR('',#8213,1.);
#1130=VECTOR('',#8214,1.);
#1131=VECTOR('',#8215,1.);
#1132=VECTOR('',#8216,1.);
#1133=VECTOR('',#8217,1.);
#1134=VECTOR('',#8218,1.);
#1135=VECTOR('',#8219,1.);
#1136=VECTOR('',#8222,1.);
#1137=VECTOR('',#8227,1.);
#1138=VECTOR('',#8230,1.);
#1139=VECTOR('',#8231,1.);
#1140=VECTOR('',#8232,1.);
#1141=VECTOR('',#8233,1.);
#1142=VECTOR('',#8234,1.);
#1143=VECTOR('',#8235,1.);
#1144=VECTOR('',#8236,1.);
#1145=VECTOR('',#8237,1.);
#1146=VECTOR('',#8238,1.);
#1147=VECTOR('',#8239,1.);
#1148=VECTOR('',#8240,1.);
#1149=VECTOR('',#8247,1.);
#1150=VECTOR('',#8248,1.);
#1151=VECTOR('',#8259,1.);
#1152=VECTOR('',#8260,1.);
#1153=VECTOR('',#8261,1.);
#1154=VECTOR('',#8262,1.);
#1155=VECTOR('',#8263,1.);
#1156=VECTOR('',#8266,1.);
#1157=VECTOR('',#8271,1.);
#1158=VECTOR('',#8276,1.);
#1159=VECTOR('',#8279,1.);
#1160=VECTOR('',#8282,1.);
#1161=VECTOR('',#8285,1.);
#1162=VECTOR('',#8288,1.);
#1163=VECTOR('',#8291,1.);
#1164=VECTOR('',#8294,1.);
#1165=VECTOR('',#8297,1.);
#1166=VECTOR('',#8300,1.);
#1167=VECTOR('',#8303,1.);
#1168=VECTOR('',#8306,1.);
#1169=VECTOR('',#8309,1.);
#1170=VECTOR('',#8312,1.);
#1171=VECTOR('',#8317,1.);
#1172=VECTOR('',#8320,1.);
#1173=VECTOR('',#8323,1.);
#1174=VECTOR('',#8326,1.);
#1175=VECTOR('',#8327,1.);
#1176=VECTOR('',#8330,1.);
#1177=VECTOR('',#8333,1.);
#1178=VECTOR('',#8336,1.);
#1179=VECTOR('',#8341,1.);
#1180=VECTOR('',#8344,1.);
#1181=VECTOR('',#8347,1.);
#1182=VECTOR('',#8350,1.);
#1183=VECTOR('',#8353,1.);
#1184=VECTOR('',#8356,1.);
#1185=VECTOR('',#8359,1.);
#1186=VECTOR('',#8362,1.);
#1187=VECTOR('',#8363,1.);
#1188=VECTOR('',#8366,1.);
#1189=VECTOR('',#8369,1.);
#1190=VECTOR('',#8372,1.);
#1191=VECTOR('',#8377,1.);
#1192=VECTOR('',#8380,1.);
#1193=VECTOR('',#8383,1.);
#1194=VECTOR('',#8386,1.);
#1195=VECTOR('',#8389,1.);
#1196=VECTOR('',#8392,1.);
#1197=VECTOR('',#8395,1.);
#1198=VECTOR('',#8398,1.);
#1199=VECTOR('',#8399,1.);
#1200=VECTOR('',#8402,1.);
#1201=VECTOR('',#8405,1.);
#1202=VECTOR('',#8408,1.);
#1203=VECTOR('',#8413,1.);
#1204=VECTOR('',#8416,1.);
#1205=VECTOR('',#8419,1.);
#1206=VECTOR('',#8422,1.);
#1207=VECTOR('',#8423,1.);
#1208=VECTOR('',#8426,1.);
#1209=VECTOR('',#8429,1.);
#1210=VECTOR('',#8432,1.);
#1211=VECTOR('',#8437,1.);
#1212=VECTOR('',#8438,1.);
#1213=VECTOR('',#8439,1.);
#1214=VECTOR('',#8442,1.);
#1215=VECTOR('',#8445,1.);
#1216=VECTOR('',#8448,1.);
#1217=VECTOR('',#8451,1.);
#1218=VECTOR('',#8456,1.);
#1219=VECTOR('',#8459,1.);
#1220=VECTOR('',#8462,1.);
#1221=VECTOR('',#8465,1.);
#1222=VECTOR('',#8468,1.);
#1223=VECTOR('',#8471,1.);
#1224=VECTOR('',#8474,1.);
#1225=VECTOR('',#8477,1.);
#1226=VECTOR('',#8480,1.);
#1227=VECTOR('',#8483,1.);
#1228=VECTOR('',#8486,1.);
#1229=VECTOR('',#8489,1.);
#1230=VECTOR('',#8492,1.);
#1231=VECTOR('',#8495,1.);
#1232=VECTOR('',#8498,1.);
#1233=VECTOR('',#8501,1.);
#1234=VECTOR('',#8502,1.);
#1235=VECTOR('',#8505,1.);
#1236=VECTOR('',#8508,1.);
#1237=VECTOR('',#8511,1.);
#1238=VECTOR('',#8516,1.);
#1239=VECTOR('',#8519,1.);
#1240=VECTOR('',#8522,1.);
#1241=VECTOR('',#8525,1.);
#1242=VECTOR('',#8526,1.);
#1243=VECTOR('',#8529,1.);
#1244=VECTOR('',#8532,1.);
#1245=VECTOR('',#8535,1.);
#1246=VECTOR('',#8540,1.);
#1247=VECTOR('',#8543,1.);
#1248=VECTOR('',#8546,1.);
#1249=VECTOR('',#8549,1.);
#1250=VECTOR('',#8552,1.);
#1251=VECTOR('',#8555,1.);
#1252=VECTOR('',#8558,1.);
#1253=VECTOR('',#8561,1.);
#1254=VECTOR('',#8562,1.);
#1255=VECTOR('',#8565,1.);
#1256=VECTOR('',#8568,1.);
#1257=VECTOR('',#8571,1.);
#1258=VECTOR('',#8574,1.);
#1259=VECTOR('',#8577,1.);
#1260=VECTOR('',#8580,1.);
#1261=VECTOR('',#8583,1.);
#1262=VECTOR('',#8586,1.);
#1263=VECTOR('',#8591,1.);
#1264=VECTOR('',#8594,1.);
#1265=VECTOR('',#8597,1.);
#1266=VECTOR('',#8600,1.);
#1267=VECTOR('',#8603,1.);
#1268=VECTOR('',#8608,1.);
#1269=VECTOR('',#8623,1.);
#1270=VECTOR('',#8626,1.);
#1271=VECTOR('',#8629,1.);
#1272=VECTOR('',#8632,1.);
#1273=VECTOR('',#8633,1.);
#1274=VECTOR('',#8636,1.);
#1275=VECTOR('',#8639,1.);
#1276=VECTOR('',#8642,1.);
#1277=VECTOR('',#8647,1.);
#1278=VECTOR('',#8650,1.);
#1279=VECTOR('',#8653,1.);
#1280=VECTOR('',#8656,1.);
#1281=VECTOR('',#8659,1.);
#1282=VECTOR('',#8662,1.);
#1283=VECTOR('',#8665,1.);
#1284=VECTOR('',#8668,1.);
#1285=VECTOR('',#8669,1.);
#1286=VECTOR('',#8672,1.);
#1287=VECTOR('',#8675,1.);
#1288=VECTOR('',#8678,1.);
#1289=VECTOR('',#8681,1.);
#1290=VECTOR('',#8684,1.);
#1291=VECTOR('',#8687,1.);
#1292=VECTOR('',#8690,1.);
#1293=VECTOR('',#8695,1.);
#1294=VECTOR('',#8698,1.);
#1295=VECTOR('',#8701,1.);
#1296=VECTOR('',#8704,1.);
#1297=VECTOR('',#8705,1.);
#1298=VECTOR('',#8708,1.);
#1299=VECTOR('',#8711,1.);
#1300=VECTOR('',#8714,1.);
#1301=VECTOR('',#8719,1.);
#1302=VECTOR('',#8722,1.);
#1303=VECTOR('',#8725,1.);
#1304=VECTOR('',#8728,1.);
#1305=VECTOR('',#8731,1.);
#1306=VECTOR('',#8734,1.);
#1307=VECTOR('',#8737,1.);
#1308=VECTOR('',#8740,1.);
#1309=VECTOR('',#8741,1.);
#1310=VECTOR('',#8744,1.);
#1311=VECTOR('',#8747,1.);
#1312=VECTOR('',#8750,1.);
#1313=VECTOR('',#8753,1.);
#1314=VECTOR('',#8756,1.);
#1315=VECTOR('',#8759,1.);
#1316=VECTOR('',#8762,1.);
#1317=VECTOR('',#8767,1.);
#1318=VECTOR('',#8768,1.);
#1319=VECTOR('',#8771,1.);
#1320=VECTOR('',#8772,1.);
#1321=VECTOR('',#8775,1.);
#1322=VECTOR('',#8776,1.);
#1323=VECTOR('',#8777,1.);
#1324=VECTOR('',#8778,1.);
#1325=VECTOR('',#8781,1.);
#1326=VECTOR('',#8782,1.);
#1327=VECTOR('',#8783,1.);
#1328=VECTOR('',#8784,1.);
#1329=VECTOR('',#8795,1.);
#1330=VECTOR('',#8796,1.);
#1331=VECTOR('',#8799,1.);
#1332=VECTOR('',#8802,1.);
#1333=VECTOR('',#8805,1.);
#1334=VECTOR('',#8808,1.);
#1335=VECTOR('',#8811,1.);
#1336=VECTOR('',#8814,1.);
#1337=VECTOR('',#8819,1.);
#1338=VECTOR('',#8820,1.);
#1339=VECTOR('',#8823,1.);
#1340=VECTOR('',#8826,1.);
#1341=VECTOR('',#8829,1.);
#1342=VECTOR('',#8832,1.);
#1343=VECTOR('',#8835,1.);
#1344=VECTOR('',#8838,1.);
#1345=VECTOR('',#8843,1.);
#1346=VECTOR('',#8844,1.);
#1347=VECTOR('',#8847,1.);
#1348=VECTOR('',#8850,1.);
#1349=VECTOR('',#8853,1.);
#1350=VECTOR('',#8856,1.);
#1351=VECTOR('',#8859,1.);
#1352=VECTOR('',#8862,1.);
#1353=VECTOR('',#8867,1.);
#1354=VECTOR('',#8868,1.);
#1355=VECTOR('',#8871,1.);
#1356=VECTOR('',#8874,1.);
#1357=VECTOR('',#8877,1.);
#1358=VECTOR('',#8880,1.);
#1359=VECTOR('',#8883,1.);
#1360=VECTOR('',#8886,1.);
#1361=VECTOR('',#8891,1.);
#1362=VECTOR('',#8892,1.);
#1363=VECTOR('',#8895,1.);
#1364=VECTOR('',#8898,1.);
#1365=VECTOR('',#8901,1.);
#1366=VECTOR('',#8904,1.);
#1367=VECTOR('',#8907,1.);
#1368=VECTOR('',#8910,1.);
#1369=VECTOR('',#8915,1.);
#1370=VECTOR('',#8916,1.);
#1371=VECTOR('',#8919,1.);
#1372=VECTOR('',#8922,1.);
#1373=VECTOR('',#8925,1.);
#1374=VECTOR('',#8928,1.);
#1375=VECTOR('',#8931,1.);
#1376=VECTOR('',#8934,1.);
#1377=VECTOR('',#8939,1.);
#1378=VECTOR('',#8940,1.);
#1379=VECTOR('',#8943,1.);
#1380=VECTOR('',#8946,1.);
#1381=VECTOR('',#8949,1.);
#1382=VECTOR('',#8952,1.);
#1383=VECTOR('',#8955,1.);
#1384=VECTOR('',#8958,1.);
#1385=VECTOR('',#8963,1.);
#1386=VECTOR('',#8964,1.);
#1387=VECTOR('',#8967,1.);
#1388=VECTOR('',#8970,1.);
#1389=VECTOR('',#8973,1.);
#1390=VECTOR('',#8976,1.);
#1391=VECTOR('',#8979,1.);
#1392=VECTOR('',#8982,1.);
#1393=VECTOR('',#8987,1.);
#1394=VECTOR('',#8988,1.);
#1395=VECTOR('',#8991,1.);
#1396=VECTOR('',#8994,1.);
#1397=VECTOR('',#8997,1.);
#1398=VECTOR('',#9000,1.);
#1399=VECTOR('',#9003,1.);
#1400=VECTOR('',#9006,1.);
#1401=VECTOR('',#9011,1.);
#1402=VECTOR('',#9012,1.);
#1403=VECTOR('',#9015,1.);
#1404=VECTOR('',#9018,1.);
#1405=VECTOR('',#9021,1.);
#1406=VECTOR('',#9024,1.);
#1407=VECTOR('',#9027,1.);
#1408=VECTOR('',#9030,1.);
#1409=VECTOR('',#9035,1.);
#1410=VECTOR('',#9036,1.);
#1411=VECTOR('',#9039,1.);
#1412=VECTOR('',#9042,1.);
#1413=VECTOR('',#9045,1.);
#1414=VECTOR('',#9048,1.);
#1415=VECTOR('',#9051,1.);
#1416=VECTOR('',#9054,1.);
#1417=VECTOR('',#9059,1.);
#1418=VECTOR('',#9060,1.);
#1419=VECTOR('',#9063,1.);
#1420=VECTOR('',#9066,1.);
#1421=VECTOR('',#9069,1.);
#1422=VECTOR('',#9072,1.);
#1423=VECTOR('',#9075,1.);
#1424=VECTOR('',#9078,1.);
#1425=VECTOR('',#9083,1.);
#1426=VECTOR('',#9084,1.);
#1427=VECTOR('',#9087,1.);
#1428=VECTOR('',#9090,1.);
#1429=VECTOR('',#9093,1.);
#1430=VECTOR('',#9096,1.);
#1431=VECTOR('',#9099,1.);
#1432=VECTOR('',#9102,1.);
#1433=VECTOR('',#9107,1.);
#1434=VECTOR('',#9108,1.);
#1435=VECTOR('',#9111,1.);
#1436=VECTOR('',#9114,1.);
#1437=VECTOR('',#9117,1.);
#1438=VECTOR('',#9120,1.);
#1439=VECTOR('',#9123,1.);
#1440=VECTOR('',#9126,1.);
#1441=VECTOR('',#9131,1.);
#1442=VECTOR('',#9132,1.);
#1443=VECTOR('',#9135,1.);
#1444=VECTOR('',#9138,1.);
#1445=VECTOR('',#9141,1.);
#1446=VECTOR('',#9144,1.);
#1447=VECTOR('',#9147,1.);
#1448=VECTOR('',#9150,1.);
#1449=VECTOR('',#9155,1.);
#1450=VECTOR('',#9156,1.);
#1451=VECTOR('',#9159,1.);
#1452=VECTOR('',#9162,1.);
#1453=VECTOR('',#9165,1.);
#1454=VECTOR('',#9168,1.);
#1455=VECTOR('',#9171,1.);
#1456=VECTOR('',#9174,1.);
#1457=VECTOR('',#9179,1.);
#1458=VECTOR('',#9180,1.);
#1459=VECTOR('',#9183,1.);
#1460=VECTOR('',#9186,1.);
#1461=VECTOR('',#9189,1.);
#1462=VECTOR('',#9192,1.);
#1463=VECTOR('',#9195,1.);
#1464=VECTOR('',#9198,1.);
#1465=VECTOR('',#9203,1.);
#1466=VECTOR('',#9204,1.);
#1467=VECTOR('',#9207,1.);
#1468=VECTOR('',#9210,1.);
#1469=VECTOR('',#9213,1.);
#1470=VECTOR('',#9216,1.);
#1471=VECTOR('',#9219,1.);
#1472=VECTOR('',#9222,1.);
#1473=VECTOR('',#9227,1.);
#1474=VECTOR('',#9228,1.);
#1475=VECTOR('',#9231,1.);
#1476=VECTOR('',#9234,1.);
#1477=VECTOR('',#9237,1.);
#1478=VECTOR('',#9240,1.);
#1479=VECTOR('',#9243,1.);
#1480=VECTOR('',#9246,1.);
#1481=VECTOR('',#9251,1.);
#1482=VECTOR('',#9252,1.);
#1483=VECTOR('',#9255,1.);
#1484=VECTOR('',#9258,1.);
#1485=VECTOR('',#9261,1.);
#1486=VECTOR('',#9264,1.);
#1487=VECTOR('',#9267,1.);
#1488=VECTOR('',#9270,1.);
#1489=VECTOR('',#9275,1.);
#1490=VECTOR('',#9276,1.);
#1491=VECTOR('',#9279,1.);
#1492=VECTOR('',#9282,1.);
#1493=VECTOR('',#9285,1.);
#1494=VECTOR('',#9288,1.);
#1495=VECTOR('',#9291,1.);
#1496=VECTOR('',#9294,1.);
#1497=VECTOR('',#9299,1.);
#1498=VECTOR('',#9300,1.);
#1499=VECTOR('',#9303,1.);
#1500=VECTOR('',#9306,1.);
#1501=VECTOR('',#9309,1.);
#1502=VECTOR('',#9312,1.);
#1503=VECTOR('',#9315,1.);
#1504=VECTOR('',#9318,1.);
#1505=VECTOR('',#9323,1.);
#1506=VECTOR('',#9324,1.);
#1507=VECTOR('',#9327,1.);
#1508=VECTOR('',#9330,1.);
#1509=VECTOR('',#9333,1.);
#1510=VECTOR('',#9336,1.);
#1511=VECTOR('',#9339,1.);
#1512=VECTOR('',#9342,1.);
#1513=VECTOR('',#9347,1.);
#1514=VECTOR('',#9348,1.);
#1515=VECTOR('',#9351,1.);
#1516=VECTOR('',#9354,1.);
#1517=VECTOR('',#9357,1.);
#1518=VECTOR('',#9360,1.);
#1519=VECTOR('',#9363,1.);
#1520=VECTOR('',#9366,1.);
#1521=VECTOR('',#9369,1.);
#1522=VECTOR('',#9370,1.);
#1523=VECTOR('',#9373,1.);
#1524=VECTOR('',#9376,1.);
#1525=VECTOR('',#9377,1.);
#1526=VECTOR('',#9378,1.);
#1527=VECTOR('',#9381,1.);
#1528=VECTOR('',#9384,1.);
#1529=VECTOR('',#9385,1.);
#1530=VECTOR('',#9388,1.);
#1531=VECTOR('',#9389,1.);
#1532=VECTOR('',#9390,1.);
#1533=VECTOR('',#9391,1.);
#1534=VECTOR('',#9392,1.);
#1535=VECTOR('',#9393,1.);
#1536=VECTOR('',#9394,1.);
#1537=VECTOR('',#9395,1.);
#1538=VECTOR('',#9396,1.);
#1539=VECTOR('',#9397,1.);
#1540=VECTOR('',#9398,1.);
#1541=VECTOR('',#9399,1.);
#1542=VECTOR('',#9402,1.);
#1543=VECTOR('',#9403,1.);
#1544=VECTOR('',#9406,1.);
#1545=VECTOR('',#9409,1.);
#1546=VECTOR('',#9412,1.);
#1547=VECTOR('',#9413,1.);
#1548=VECTOR('',#9414,1.);
#1549=VECTOR('',#9417,1.);
#1550=VECTOR('',#9422,1.);
#1551=VECTOR('',#9423,1.);
#1552=VECTOR('',#9426,1.);
#1553=VECTOR('',#9427,1.);
#1554=VECTOR('',#9430,1.);
#1555=VECTOR('',#9431,1.);
#1556=VECTOR('',#9434,1.);
#1557=VECTOR('',#9435,1.);
#1558=VECTOR('',#9438,1.);
#1559=VECTOR('',#9439,1.);
#1560=VECTOR('',#9442,1.);
#1561=VECTOR('',#9443,1.);
#1562=VECTOR('',#9446,1.);
#1563=VECTOR('',#9447,1.);
#1564=VECTOR('',#9450,1.);
#1565=VECTOR('',#9451,1.);
#1566=VECTOR('',#9454,1.);
#1567=VECTOR('',#9455,1.);
#1568=VECTOR('',#9458,1.);
#1569=VECTOR('',#9459,1.);
#1570=VECTOR('',#9462,1.);
#1571=VECTOR('',#9463,1.);
#1572=VECTOR('',#9466,1.);
#1573=VECTOR('',#9469,1.);
#1574=VECTOR('',#9470,1.);
#1575=VECTOR('',#9471,1.);
#1576=VECTOR('',#9474,1.);
#1577=VECTOR('',#9477,1.);
#1578=VECTOR('',#9478,1.);
#1579=VECTOR('',#9479,1.);
#1580=VECTOR('',#9482,1.);
#1581=VECTOR('',#9485,1.);
#1582=VECTOR('',#9488,1.);
#1583=VECTOR('',#9491,1.);
#1584=VECTOR('',#9492,1.);
#1585=VECTOR('',#9493,1.);
#1586=VECTOR('',#9494,1.);
#1587=VECTOR('',#9495,1.);
#1588=VECTOR('',#9496,1.);
#1589=VECTOR('',#9497,1.);
#1590=VECTOR('',#9500,1.);
#1591=VECTOR('',#9501,1.);
#1592=VECTOR('',#9502,1.);
#1593=VECTOR('',#9505,1.);
#1594=VECTOR('',#9508,1.);
#1595=VECTOR('',#9509,1.);
#1596=VECTOR('',#9512,1.);
#1597=VECTOR('',#9513,1.);
#1598=VECTOR('',#9516,1.);
#1599=VECTOR('',#9517,1.);
#1600=VECTOR('',#9518,1.);
#1601=VECTOR('',#9519,1.);
#1602=VECTOR('',#9520,1.);
#1603=VECTOR('',#9521,1.);
#1604=VECTOR('',#9522,1.);
#1605=VECTOR('',#9525,1.);
#1606=VECTOR('',#9526,1.);
#1607=VECTOR('',#9527,1.);
#1608=VECTOR('',#9530,1.);
#1609=VECTOR('',#9537,1.);
#1610=VECTOR('',#9538,1.);
#1611=VECTOR('',#9539,1.);
#1612=VECTOR('',#9542,1.);
#1613=VECTOR('',#9543,1.);
#1614=VECTOR('',#9544,1.);
#1615=VECTOR('',#9545,1.);
#1616=VECTOR('',#9546,1.);
#1617=VECTOR('',#9547,1.);
#1618=VECTOR('',#9550,1.);
#1619=VECTOR('',#9551,1.);
#1620=VECTOR('',#9554,1.);
#1621=VECTOR('',#9555,1.);
#1622=VECTOR('',#9558,1.);
#1623=VECTOR('',#9559,1.);
#1624=VECTOR('',#9562,1.);
#1625=VECTOR('',#9563,1.);
#1626=VECTOR('',#9566,1.);
#1627=VECTOR('',#9567,1.);
#1628=VECTOR('',#9570,1.);
#1629=VECTOR('',#9571,1.);
#1630=VECTOR('',#9572,1.);
#1631=VECTOR('',#9573,1.);
#1632=VECTOR('',#9574,1.);
#1633=VECTOR('',#9577,1.);
#1634=VECTOR('',#9582,1.);
#1635=VECTOR('',#9587,1.);
#1636=VECTOR('',#9590,1.);
#1637=VECTOR('',#9591,1.);
#1638=VECTOR('',#9592,1.);
#1639=VECTOR('',#9593,1.);
#1640=VECTOR('',#9596,1.);
#1641=VECTOR('',#9597,1.);
#1642=VECTOR('',#9600,1.);
#1643=VECTOR('',#9601,1.);
#1644=VECTOR('',#9604,1.);
#1645=VECTOR('',#9605,1.);
#1646=VECTOR('',#9608,1.);
#1647=VECTOR('',#9609,1.);
#1648=VECTOR('',#9610,1.);
#1649=VECTOR('',#9611,1.);
#1650=VECTOR('',#9612,1.);
#1651=VECTOR('',#9613,1.);
#1652=VECTOR('',#9614,1.);
#1653=VECTOR('',#9615,1.);
#1654=VECTOR('',#9616,1.);
#1655=VECTOR('',#9617,1.);
#1656=VECTOR('',#9618,1.);
#1657=VECTOR('',#9621,1.);
#1658=VECTOR('',#9622,1.);
#1659=VECTOR('',#9625,1.);
#1660=VECTOR('',#9626,1.);
#1661=VECTOR('',#9629,1.);
#1662=VECTOR('',#9630,1.);
#1663=VECTOR('',#9633,1.);
#1664=VECTOR('',#9634,1.);
#1665=VECTOR('',#9637,1.);
#1666=VECTOR('',#9640,1.);
#1667=VECTOR('',#9643,1.);
#1668=VECTOR('',#9650,1.);
#1669=VECTOR('',#9651,1.);
#1670=VECTOR('',#9652,1.);
#1671=VECTOR('',#9655,1.);
#1672=VECTOR('',#9656,1.);
#1673=VECTOR('',#9659,1.);
#1674=VECTOR('',#9660,1.);
#1675=VECTOR('',#9663,1.);
#1676=VECTOR('',#9668,1.);
#1677=VECTOR('',#9669,1.);
#1678=VECTOR('',#9670,1.);
#1679=VECTOR('',#9673,1.);
#1680=VECTOR('',#9674,1.);
#1681=VECTOR('',#9677,1.);
#1682=VECTOR('',#9678,1.);
#1683=VECTOR('',#9681,1.);
#1684=VECTOR('',#9686,1.);
#1685=VECTOR('',#9687,1.);
#1686=VECTOR('',#9688,1.);
#1687=VECTOR('',#9691,1.);
#1688=VECTOR('',#9692,1.);
#1689=VECTOR('',#9695,1.);
#1690=VECTOR('',#9696,1.);
#1691=VECTOR('',#9699,1.);
#1692=VECTOR('',#9704,1.);
#1693=VECTOR('',#9705,1.);
#1694=VECTOR('',#9706,1.);
#1695=VECTOR('',#9709,1.);
#1696=VECTOR('',#9710,1.);
#1697=VECTOR('',#9713,1.);
#1698=VECTOR('',#9714,1.);
#1699=VECTOR('',#9717,1.);
#1700=VECTOR('',#9722,1.);
#1701=VECTOR('',#9723,1.);
#1702=VECTOR('',#9724,1.);
#1703=VECTOR('',#9727,1.);
#1704=VECTOR('',#9728,1.);
#1705=VECTOR('',#9731,1.);
#1706=VECTOR('',#9732,1.);
#1707=VECTOR('',#9735,1.);
#1708=VECTOR('',#9740,1.);
#1709=VECTOR('',#9741,1.);
#1710=VECTOR('',#9742,1.);
#1711=VECTOR('',#9745,1.);
#1712=VECTOR('',#9746,1.);
#1713=VECTOR('',#9749,1.);
#1714=VECTOR('',#9750,1.);
#1715=VECTOR('',#9753,1.);
#1716=VECTOR('',#9758,1.);
#1717=VECTOR('',#9759,1.);
#1718=VECTOR('',#9760,1.);
#1719=VECTOR('',#9763,1.);
#1720=VECTOR('',#9764,1.);
#1721=VECTOR('',#9767,1.);
#1722=VECTOR('',#9768,1.);
#1723=VECTOR('',#9771,1.);
#1724=VECTOR('',#9776,1.);
#1725=VECTOR('',#9777,1.);
#1726=VECTOR('',#9778,1.);
#1727=VECTOR('',#9781,1.);
#1728=VECTOR('',#9782,1.);
#1729=VECTOR('',#9785,1.);
#1730=VECTOR('',#9786,1.);
#1731=VECTOR('',#9789,1.);
#1732=VECTOR('',#9794,1.);
#1733=VECTOR('',#9795,1.);
#1734=VECTOR('',#9796,1.);
#1735=VECTOR('',#9799,1.);
#1736=VECTOR('',#9800,1.);
#1737=VECTOR('',#9803,1.);
#1738=VECTOR('',#9804,1.);
#1739=VECTOR('',#9807,1.);
#1740=VECTOR('',#9812,1.);
#1741=VECTOR('',#9813,1.);
#1742=VECTOR('',#9816,1.);
#1743=VECTOR('',#9817,1.);
#1744=VECTOR('',#9820,1.);
#1745=VECTOR('',#9821,1.);
#1746=ORIENTED_EDGE('',*,*,#3910,.T.);
#1747=ORIENTED_EDGE('',*,*,#3911,.T.);
#1748=ORIENTED_EDGE('',*,*,#3912,.T.);
#1749=ORIENTED_EDGE('',*,*,#3913,.T.);
#1750=ORIENTED_EDGE('',*,*,#3914,.T.);
#1751=ORIENTED_EDGE('',*,*,#3915,.F.);
#1752=ORIENTED_EDGE('',*,*,#3916,.T.);
#1753=ORIENTED_EDGE('',*,*,#3917,.F.);
#1754=ORIENTED_EDGE('',*,*,#3918,.T.);
#1755=ORIENTED_EDGE('',*,*,#3919,.T.);
#1756=ORIENTED_EDGE('',*,*,#3920,.T.);
#1757=ORIENTED_EDGE('',*,*,#3921,.T.);
#1758=ORIENTED_EDGE('',*,*,#3922,.T.);
#1759=ORIENTED_EDGE('',*,*,#3923,.F.);
#1760=ORIENTED_EDGE('',*,*,#3924,.T.);
#1761=ORIENTED_EDGE('',*,*,#3925,.F.);
#1762=ORIENTED_EDGE('',*,*,#3926,.T.);
#1763=ORIENTED_EDGE('',*,*,#3927,.T.);
#1764=ORIENTED_EDGE('',*,*,#3928,.T.);
#1765=ORIENTED_EDGE('',*,*,#3929,.T.);
#1766=ORIENTED_EDGE('',*,*,#3930,.T.);
#1767=ORIENTED_EDGE('',*,*,#3931,.F.);
#1768=ORIENTED_EDGE('',*,*,#3932,.T.);
#1769=ORIENTED_EDGE('',*,*,#3933,.F.);
#1770=ORIENTED_EDGE('',*,*,#3934,.T.);
#1771=ORIENTED_EDGE('',*,*,#3935,.T.);
#1772=ORIENTED_EDGE('',*,*,#3936,.T.);
#1773=ORIENTED_EDGE('',*,*,#3937,.F.);
#1774=ORIENTED_EDGE('',*,*,#3938,.T.);
#1775=ORIENTED_EDGE('',*,*,#3939,.F.);
#1776=ORIENTED_EDGE('',*,*,#3940,.T.);
#1777=ORIENTED_EDGE('',*,*,#3941,.T.);
#1778=ORIENTED_EDGE('',*,*,#3942,.F.);
#1779=ORIENTED_EDGE('',*,*,#3943,.T.);
#1780=ORIENTED_EDGE('',*,*,#3944,.T.);
#1781=ORIENTED_EDGE('',*,*,#3945,.T.);
#1782=ORIENTED_EDGE('',*,*,#3946,.T.);
#1783=ORIENTED_EDGE('',*,*,#3947,.T.);
#1784=ORIENTED_EDGE('',*,*,#3948,.F.);
#1785=ORIENTED_EDGE('',*,*,#3949,.T.);
#1786=ORIENTED_EDGE('',*,*,#3950,.T.);
#1787=ORIENTED_EDGE('',*,*,#3951,.T.);
#1788=ORIENTED_EDGE('',*,*,#3952,.T.);
#1789=ORIENTED_EDGE('',*,*,#3953,.T.);
#1790=ORIENTED_EDGE('',*,*,#3954,.T.);
#1791=ORIENTED_EDGE('',*,*,#3955,.F.);
#1792=ORIENTED_EDGE('',*,*,#3956,.T.);
#1793=ORIENTED_EDGE('',*,*,#3957,.F.);
#1794=ORIENTED_EDGE('',*,*,#3958,.T.);
#1795=ORIENTED_EDGE('',*,*,#3959,.T.);
#1796=ORIENTED_EDGE('',*,*,#3960,.T.);
#1797=ORIENTED_EDGE('',*,*,#3961,.T.);
#1798=ORIENTED_EDGE('',*,*,#3962,.T.);
#1799=ORIENTED_EDGE('',*,*,#3963,.F.);
#1800=ORIENTED_EDGE('',*,*,#3964,.T.);
#1801=ORIENTED_EDGE('',*,*,#3965,.F.);
#1802=ORIENTED_EDGE('',*,*,#3966,.F.);
#1803=ORIENTED_EDGE('',*,*,#3967,.T.);
#1804=ORIENTED_EDGE('',*,*,#3968,.T.);
#1805=ORIENTED_EDGE('',*,*,#3969,.T.);
#1806=ORIENTED_EDGE('',*,*,#3970,.T.);
#1807=ORIENTED_EDGE('',*,*,#3971,.T.);
#1808=ORIENTED_EDGE('',*,*,#3972,.F.);
#1809=ORIENTED_EDGE('',*,*,#3973,.T.);
#1810=ORIENTED_EDGE('',*,*,#3974,.F.);
#1811=ORIENTED_EDGE('',*,*,#3975,.T.);
#1812=ORIENTED_EDGE('',*,*,#3976,.T.);
#1813=ORIENTED_EDGE('',*,*,#3977,.T.);
#1814=ORIENTED_EDGE('',*,*,#3978,.T.);
#1815=ORIENTED_EDGE('',*,*,#3979,.T.);
#1816=ORIENTED_EDGE('',*,*,#3980,.F.);
#1817=ORIENTED_EDGE('',*,*,#3981,.T.);
#1818=ORIENTED_EDGE('',*,*,#3982,.F.);
#1819=ORIENTED_EDGE('',*,*,#3983,.T.);
#1820=ORIENTED_EDGE('',*,*,#3984,.T.);
#1821=ORIENTED_EDGE('',*,*,#3985,.T.);
#1822=ORIENTED_EDGE('',*,*,#3986,.T.);
#1823=ORIENTED_EDGE('',*,*,#3987,.T.);
#1824=ORIENTED_EDGE('',*,*,#3988,.F.);
#1825=ORIENTED_EDGE('',*,*,#3989,.T.);
#1826=ORIENTED_EDGE('',*,*,#3990,.T.);
#1827=ORIENTED_EDGE('',*,*,#3991,.T.);
#1828=ORIENTED_EDGE('',*,*,#3992,.T.);
#1829=ORIENTED_EDGE('',*,*,#3993,.F.);
#1830=ORIENTED_EDGE('',*,*,#3994,.T.);
#1831=ORIENTED_EDGE('',*,*,#3995,.F.);
#1832=ORIENTED_EDGE('',*,*,#3996,.T.);
#1833=ORIENTED_EDGE('',*,*,#3997,.T.);
#1834=ORIENTED_EDGE('',*,*,#3998,.F.);
#1835=ORIENTED_EDGE('',*,*,#3999,.T.);
#1836=ORIENTED_EDGE('',*,*,#4000,.T.);
#1837=ORIENTED_EDGE('',*,*,#4001,.T.);
#1838=ORIENTED_EDGE('',*,*,#4002,.T.);
#1839=ORIENTED_EDGE('',*,*,#4003,.T.);
#1840=ORIENTED_EDGE('',*,*,#4004,.F.);
#1841=ORIENTED_EDGE('',*,*,#4005,.T.);
#1842=ORIENTED_EDGE('',*,*,#4006,.F.);
#1843=ORIENTED_EDGE('',*,*,#4007,.T.);
#1844=ORIENTED_EDGE('',*,*,#4008,.T.);
#1845=ORIENTED_EDGE('',*,*,#4009,.F.);
#1846=ORIENTED_EDGE('',*,*,#4010,.F.);
#1847=ORIENTED_EDGE('',*,*,#4011,.T.);
#1848=ORIENTED_EDGE('',*,*,#4012,.T.);
#1849=ORIENTED_EDGE('',*,*,#4013,.F.);
#1850=ORIENTED_EDGE('',*,*,#4014,.F.);
#1851=ORIENTED_EDGE('',*,*,#4015,.T.);
#1852=ORIENTED_EDGE('',*,*,#4016,.T.);
#1853=ORIENTED_EDGE('',*,*,#4017,.F.);
#1854=ORIENTED_EDGE('',*,*,#4018,.F.);
#1855=ORIENTED_EDGE('',*,*,#4019,.T.);
#1856=ORIENTED_EDGE('',*,*,#4020,.T.);
#1857=ORIENTED_EDGE('',*,*,#4021,.F.);
#1858=ORIENTED_EDGE('',*,*,#4022,.F.);
#1859=ORIENTED_EDGE('',*,*,#4023,.T.);
#1860=ORIENTED_EDGE('',*,*,#4024,.T.);
#1861=ORIENTED_EDGE('',*,*,#4025,.F.);
#1862=ORIENTED_EDGE('',*,*,#4026,.F.);
#1863=ORIENTED_EDGE('',*,*,#4027,.T.);
#1864=ORIENTED_EDGE('',*,*,#4028,.T.);
#1865=ORIENTED_EDGE('',*,*,#4029,.F.);
#1866=ORIENTED_EDGE('',*,*,#4030,.F.);
#1867=ORIENTED_EDGE('',*,*,#4031,.T.);
#1868=ORIENTED_EDGE('',*,*,#4032,.T.);
#1869=ORIENTED_EDGE('',*,*,#4033,.F.);
#1870=ORIENTED_EDGE('',*,*,#4034,.F.);
#1871=ORIENTED_EDGE('',*,*,#4035,.T.);
#1872=ORIENTED_EDGE('',*,*,#4036,.T.);
#1873=ORIENTED_EDGE('',*,*,#4037,.F.);
#1874=ORIENTED_EDGE('',*,*,#4038,.T.);
#1875=ORIENTED_EDGE('',*,*,#4039,.T.);
#1876=ORIENTED_EDGE('',*,*,#4040,.T.);
#1877=ORIENTED_EDGE('',*,*,#4041,.T.);
#1878=ORIENTED_EDGE('',*,*,#4042,.T.);
#1879=ORIENTED_EDGE('',*,*,#4043,.T.);
#1880=ORIENTED_EDGE('',*,*,#4044,.T.);
#1881=ORIENTED_EDGE('',*,*,#4045,.T.);
#1882=ORIENTED_EDGE('',*,*,#4046,.T.);
#1883=ORIENTED_EDGE('',*,*,#4047,.T.);
#1884=ORIENTED_EDGE('',*,*,#4048,.T.);
#1885=ORIENTED_EDGE('',*,*,#4049,.T.);
#1886=ORIENTED_EDGE('',*,*,#4050,.T.);
#1887=ORIENTED_EDGE('',*,*,#4051,.T.);
#1888=ORIENTED_EDGE('',*,*,#4052,.T.);
#1889=ORIENTED_EDGE('',*,*,#4053,.T.);
#1890=ORIENTED_EDGE('',*,*,#4054,.T.);
#1891=ORIENTED_EDGE('',*,*,#4055,.T.);
#1892=ORIENTED_EDGE('',*,*,#4056,.T.);
#1893=ORIENTED_EDGE('',*,*,#4057,.T.);
#1894=ORIENTED_EDGE('',*,*,#4058,.T.);
#1895=ORIENTED_EDGE('',*,*,#4059,.T.);
#1896=ORIENTED_EDGE('',*,*,#4060,.T.);
#1897=ORIENTED_EDGE('',*,*,#4061,.T.);
#1898=ORIENTED_EDGE('',*,*,#4062,.T.);
#1899=ORIENTED_EDGE('',*,*,#4063,.T.);
#1900=ORIENTED_EDGE('',*,*,#4064,.T.);
#1901=ORIENTED_EDGE('',*,*,#4065,.T.);
#1902=ORIENTED_EDGE('',*,*,#4066,.T.);
#1903=ORIENTED_EDGE('',*,*,#4067,.T.);
#1904=ORIENTED_EDGE('',*,*,#4068,.T.);
#1905=ORIENTED_EDGE('',*,*,#4069,.T.);
#1906=ORIENTED_EDGE('',*,*,#4070,.T.);
#1907=ORIENTED_EDGE('',*,*,#4071,.T.);
#1908=ORIENTED_EDGE('',*,*,#4072,.T.);
#1909=ORIENTED_EDGE('',*,*,#4073,.T.);
#1910=ORIENTED_EDGE('',*,*,#4074,.T.);
#1911=ORIENTED_EDGE('',*,*,#4075,.T.);
#1912=ORIENTED_EDGE('',*,*,#4076,.T.);
#1913=ORIENTED_EDGE('',*,*,#4077,.T.);
#1914=ORIENTED_EDGE('',*,*,#4078,.T.);
#1915=ORIENTED_EDGE('',*,*,#4079,.T.);
#1916=ORIENTED_EDGE('',*,*,#4080,.T.);
#1917=ORIENTED_EDGE('',*,*,#4081,.T.);
#1918=ORIENTED_EDGE('',*,*,#4082,.T.);
#1919=ORIENTED_EDGE('',*,*,#4083,.T.);
#1920=ORIENTED_EDGE('',*,*,#4084,.T.);
#1921=ORIENTED_EDGE('',*,*,#4085,.T.);
#1922=ORIENTED_EDGE('',*,*,#4086,.T.);
#1923=ORIENTED_EDGE('',*,*,#4087,.T.);
#1924=ORIENTED_EDGE('',*,*,#4088,.T.);
#1925=ORIENTED_EDGE('',*,*,#4089,.T.);
#1926=ORIENTED_EDGE('',*,*,#4090,.T.);
#1927=ORIENTED_EDGE('',*,*,#4091,.T.);
#1928=ORIENTED_EDGE('',*,*,#4092,.T.);
#1929=ORIENTED_EDGE('',*,*,#4093,.T.);
#1930=ORIENTED_EDGE('',*,*,#4094,.T.);
#1931=ORIENTED_EDGE('',*,*,#4095,.T.);
#1932=ORIENTED_EDGE('',*,*,#4096,.T.);
#1933=ORIENTED_EDGE('',*,*,#4097,.T.);
#1934=ORIENTED_EDGE('',*,*,#4098,.T.);
#1935=ORIENTED_EDGE('',*,*,#4099,.T.);
#1936=ORIENTED_EDGE('',*,*,#4100,.T.);
#1937=ORIENTED_EDGE('',*,*,#4101,.T.);
#1938=ORIENTED_EDGE('',*,*,#4102,.T.);
#1939=ORIENTED_EDGE('',*,*,#4103,.T.);
#1940=ORIENTED_EDGE('',*,*,#4104,.T.);
#1941=ORIENTED_EDGE('',*,*,#4105,.T.);
#1942=ORIENTED_EDGE('',*,*,#4106,.T.);
#1943=ORIENTED_EDGE('',*,*,#4107,.T.);
#1944=ORIENTED_EDGE('',*,*,#4108,.T.);
#1945=ORIENTED_EDGE('',*,*,#4109,.T.);
#1946=ORIENTED_EDGE('',*,*,#4110,.T.);
#1947=ORIENTED_EDGE('',*,*,#4111,.T.);
#1948=ORIENTED_EDGE('',*,*,#4112,.T.);
#1949=ORIENTED_EDGE('',*,*,#4113,.T.);
#1950=ORIENTED_EDGE('',*,*,#4114,.T.);
#1951=ORIENTED_EDGE('',*,*,#4115,.T.);
#1952=ORIENTED_EDGE('',*,*,#4116,.T.);
#1953=ORIENTED_EDGE('',*,*,#4117,.T.);
#1954=ORIENTED_EDGE('',*,*,#4118,.T.);
#1955=ORIENTED_EDGE('',*,*,#4119,.T.);
#1956=ORIENTED_EDGE('',*,*,#4120,.T.);
#1957=ORIENTED_EDGE('',*,*,#4121,.T.);
#1958=ORIENTED_EDGE('',*,*,#4122,.T.);
#1959=ORIENTED_EDGE('',*,*,#4123,.T.);
#1960=ORIENTED_EDGE('',*,*,#4124,.T.);
#1961=ORIENTED_EDGE('',*,*,#4125,.T.);
#1962=ORIENTED_EDGE('',*,*,#4126,.T.);
#1963=ORIENTED_EDGE('',*,*,#4127,.T.);
#1964=ORIENTED_EDGE('',*,*,#4128,.T.);
#1965=ORIENTED_EDGE('',*,*,#4129,.T.);
#1966=ORIENTED_EDGE('',*,*,#4130,.T.);
#1967=ORIENTED_EDGE('',*,*,#4131,.T.);
#1968=ORIENTED_EDGE('',*,*,#4132,.T.);
#1969=ORIENTED_EDGE('',*,*,#4133,.T.);
#1970=ORIENTED_EDGE('',*,*,#4134,.T.);
#1971=ORIENTED_EDGE('',*,*,#4135,.T.);
#1972=ORIENTED_EDGE('',*,*,#4136,.T.);
#1973=ORIENTED_EDGE('',*,*,#4137,.T.);
#1974=ORIENTED_EDGE('',*,*,#4138,.T.);
#1975=ORIENTED_EDGE('',*,*,#4139,.T.);
#1976=ORIENTED_EDGE('',*,*,#4140,.T.);
#1977=ORIENTED_EDGE('',*,*,#4141,.T.);
#1978=ORIENTED_EDGE('',*,*,#4142,.F.);
#1979=ORIENTED_EDGE('',*,*,#4143,.F.);
#1980=ORIENTED_EDGE('',*,*,#4144,.F.);
#1981=ORIENTED_EDGE('',*,*,#4145,.F.);
#1982=ORIENTED_EDGE('',*,*,#4146,.F.);
#1983=ORIENTED_EDGE('',*,*,#4147,.T.);
#1984=ORIENTED_EDGE('',*,*,#4148,.T.);
#1985=ORIENTED_EDGE('',*,*,#4149,.F.);
#1986=ORIENTED_EDGE('',*,*,#4150,.T.);
#1987=ORIENTED_EDGE('',*,*,#4151,.T.);
#1988=ORIENTED_EDGE('',*,*,#4152,.F.);
#1989=ORIENTED_EDGE('',*,*,#4153,.T.);
#1990=ORIENTED_EDGE('',*,*,#4154,.F.);
#1991=ORIENTED_EDGE('',*,*,#4155,.T.);
#1992=ORIENTED_EDGE('',*,*,#4156,.T.);
#1993=ORIENTED_EDGE('',*,*,#4157,.T.);
#1994=ORIENTED_EDGE('',*,*,#4158,.T.);
#1995=ORIENTED_EDGE('',*,*,#4159,.T.);
#1996=ORIENTED_EDGE('',*,*,#4160,.F.);
#1997=ORIENTED_EDGE('',*,*,#4161,.T.);
#1998=ORIENTED_EDGE('',*,*,#4162,.T.);
#1999=ORIENTED_EDGE('',*,*,#4163,.T.);
#2000=ORIENTED_EDGE('',*,*,#4164,.F.);
#2001=ORIENTED_EDGE('',*,*,#4165,.T.);
#2002=ORIENTED_EDGE('',*,*,#4166,.F.);
#2003=ORIENTED_EDGE('',*,*,#4167,.T.);
#2004=ORIENTED_EDGE('',*,*,#4168,.F.);
#2005=ORIENTED_EDGE('',*,*,#4169,.T.);
#2006=ORIENTED_EDGE('',*,*,#4170,.F.);
#2007=ORIENTED_EDGE('',*,*,#4171,.T.);
#2008=ORIENTED_EDGE('',*,*,#4172,.T.);
#2009=ORIENTED_EDGE('',*,*,#4173,.T.);
#2010=ORIENTED_EDGE('',*,*,#4174,.T.);
#2011=ORIENTED_EDGE('',*,*,#4175,.T.);
#2012=ORIENTED_EDGE('',*,*,#4176,.F.);
#2013=ORIENTED_EDGE('',*,*,#4177,.T.);
#2014=ORIENTED_EDGE('',*,*,#4178,.F.);
#2015=ORIENTED_EDGE('',*,*,#4179,.T.);
#2016=ORIENTED_EDGE('',*,*,#4180,.T.);
#2017=ORIENTED_EDGE('',*,*,#4181,.T.);
#2018=ORIENTED_EDGE('',*,*,#4182,.T.);
#2019=ORIENTED_EDGE('',*,*,#4183,.T.);
#2020=ORIENTED_EDGE('',*,*,#4184,.F.);
#2021=ORIENTED_EDGE('',*,*,#4185,.T.);
#2022=ORIENTED_EDGE('',*,*,#4186,.T.);
#2023=ORIENTED_EDGE('',*,*,#4187,.T.);
#2024=ORIENTED_EDGE('',*,*,#4188,.T.);
#2025=ORIENTED_EDGE('',*,*,#4189,.T.);
#2026=ORIENTED_EDGE('',*,*,#4190,.T.);
#2027=ORIENTED_EDGE('',*,*,#4191,.F.);
#2028=ORIENTED_EDGE('',*,*,#4192,.T.);
#2029=ORIENTED_EDGE('',*,*,#4193,.F.);
#2030=ORIENTED_EDGE('',*,*,#4194,.F.);
#2031=ORIENTED_EDGE('',*,*,#4195,.T.);
#2032=ORIENTED_EDGE('',*,*,#4196,.T.);
#2033=ORIENTED_EDGE('',*,*,#4197,.T.);
#2034=ORIENTED_EDGE('',*,*,#4198,.T.);
#2035=ORIENTED_EDGE('',*,*,#4199,.T.);
#2036=ORIENTED_EDGE('',*,*,#4200,.F.);
#2037=ORIENTED_EDGE('',*,*,#4201,.T.);
#2038=ORIENTED_EDGE('',*,*,#4202,.T.);
#2039=ORIENTED_EDGE('',*,*,#4203,.T.);
#2040=ORIENTED_EDGE('',*,*,#4204,.T.);
#2041=ORIENTED_EDGE('',*,*,#4205,.F.);
#2042=ORIENTED_EDGE('',*,*,#4206,.T.);
#2043=ORIENTED_EDGE('',*,*,#4207,.F.);
#2044=ORIENTED_EDGE('',*,*,#4208,.T.);
#2045=ORIENTED_EDGE('',*,*,#4209,.T.);
#2046=ORIENTED_EDGE('',*,*,#4210,.T.);
#2047=ORIENTED_EDGE('',*,*,#4211,.T.);
#2048=ORIENTED_EDGE('',*,*,#4212,.T.);
#2049=ORIENTED_EDGE('',*,*,#4213,.T.);
#2050=ORIENTED_EDGE('',*,*,#4214,.T.);
#2051=ORIENTED_EDGE('',*,*,#4215,.F.);
#2052=ORIENTED_EDGE('',*,*,#4216,.T.);
#2053=ORIENTED_EDGE('',*,*,#4217,.F.);
#2054=ORIENTED_EDGE('',*,*,#4218,.F.);
#2055=ORIENTED_EDGE('',*,*,#4219,.T.);
#2056=ORIENTED_EDGE('',*,*,#4220,.T.);
#2057=ORIENTED_EDGE('',*,*,#4221,.T.);
#2058=ORIENTED_EDGE('',*,*,#4222,.T.);
#2059=ORIENTED_EDGE('',*,*,#4223,.T.);
#2060=ORIENTED_EDGE('',*,*,#4224,.F.);
#2061=ORIENTED_EDGE('',*,*,#4225,.T.);
#2062=ORIENTED_EDGE('',*,*,#4226,.T.);
#2063=ORIENTED_EDGE('',*,*,#4227,.T.);
#2064=ORIENTED_EDGE('',*,*,#4228,.T.);
#2065=ORIENTED_EDGE('',*,*,#4229,.T.);
#2066=ORIENTED_EDGE('',*,*,#4230,.T.);
#2067=ORIENTED_EDGE('',*,*,#4231,.F.);
#2068=ORIENTED_EDGE('',*,*,#4232,.T.);
#2069=ORIENTED_EDGE('',*,*,#4233,.F.);
#2070=ORIENTED_EDGE('',*,*,#4234,.T.);
#2071=ORIENTED_EDGE('',*,*,#4235,.T.);
#2072=ORIENTED_EDGE('',*,*,#4236,.T.);
#2073=ORIENTED_EDGE('',*,*,#4237,.F.);
#2074=ORIENTED_EDGE('',*,*,#4238,.T.);
#2075=ORIENTED_EDGE('',*,*,#4239,.F.);
#2076=ORIENTED_EDGE('',*,*,#4240,.T.);
#2077=ORIENTED_EDGE('',*,*,#4241,.T.);
#2078=ORIENTED_EDGE('',*,*,#4242,.F.);
#2079=ORIENTED_EDGE('',*,*,#4243,.T.);
#2080=ORIENTED_EDGE('',*,*,#4244,.T.);
#2081=ORIENTED_EDGE('',*,*,#4245,.T.);
#2082=ORIENTED_EDGE('',*,*,#4246,.T.);
#2083=ORIENTED_EDGE('',*,*,#4247,.T.);
#2084=ORIENTED_EDGE('',*,*,#4248,.F.);
#2085=ORIENTED_EDGE('',*,*,#4249,.T.);
#2086=ORIENTED_EDGE('',*,*,#4250,.T.);
#2087=ORIENTED_EDGE('',*,*,#4251,.T.);
#2088=ORIENTED_EDGE('',*,*,#4252,.T.);
#2089=ORIENTED_EDGE('',*,*,#4253,.T.);
#2090=ORIENTED_EDGE('',*,*,#4254,.T.);
#2091=ORIENTED_EDGE('',*,*,#4255,.F.);
#2092=ORIENTED_EDGE('',*,*,#4256,.T.);
#2093=ORIENTED_EDGE('',*,*,#4257,.F.);
#2094=ORIENTED_EDGE('',*,*,#4258,.F.);
#2095=ORIENTED_EDGE('',*,*,#4259,.T.);
#2096=ORIENTED_EDGE('',*,*,#4260,.T.);
#2097=ORIENTED_EDGE('',*,*,#4261,.T.);
#2098=ORIENTED_EDGE('',*,*,#4262,.T.);
#2099=ORIENTED_EDGE('',*,*,#4263,.T.);
#2100=ORIENTED_EDGE('',*,*,#4264,.F.);
#2101=ORIENTED_EDGE('',*,*,#4265,.T.);
#2102=ORIENTED_EDGE('',*,*,#4266,.T.);
#2103=ORIENTED_EDGE('',*,*,#4267,.T.);
#2104=ORIENTED_EDGE('',*,*,#4150,.F.);
#2105=ORIENTED_EDGE('',*,*,#4268,.T.);
#2106=ORIENTED_EDGE('',*,*,#4269,.F.);
#2107=ORIENTED_EDGE('',*,*,#4270,.T.);
#2108=ORIENTED_EDGE('',*,*,#4271,.F.);
#2109=ORIENTED_EDGE('',*,*,#4272,.T.);
#2110=ORIENTED_EDGE('',*,*,#4273,.T.);
#2111=ORIENTED_EDGE('',*,*,#4274,.T.);
#2112=ORIENTED_EDGE('',*,*,#4275,.T.);
#2113=ORIENTED_EDGE('',*,*,#4276,.T.);
#2114=ORIENTED_EDGE('',*,*,#4277,.T.);
#2115=ORIENTED_EDGE('',*,*,#4278,.T.);
#2116=ORIENTED_EDGE('',*,*,#4279,.T.);
#2117=ORIENTED_EDGE('',*,*,#4280,.F.);
#2118=ORIENTED_EDGE('',*,*,#4281,.T.);
#2119=ORIENTED_EDGE('',*,*,#4282,.F.);
#2120=ORIENTED_EDGE('',*,*,#4283,.T.);
#2121=ORIENTED_EDGE('',*,*,#4284,.T.);
#2122=ORIENTED_EDGE('',*,*,#4285,.T.);
#2123=ORIENTED_EDGE('',*,*,#4286,.T.);
#2124=ORIENTED_EDGE('',*,*,#4287,.T.);
#2125=ORIENTED_EDGE('',*,*,#4288,.F.);
#2126=ORIENTED_EDGE('',*,*,#4289,.T.);
#2127=ORIENTED_EDGE('',*,*,#4290,.F.);
#2128=ORIENTED_EDGE('',*,*,#4291,.T.);
#2129=ORIENTED_EDGE('',*,*,#4292,.T.);
#2130=ORIENTED_EDGE('',*,*,#4293,.T.);
#2131=ORIENTED_EDGE('',*,*,#4294,.T.);
#2132=ORIENTED_EDGE('',*,*,#4295,.T.);
#2133=ORIENTED_EDGE('',*,*,#4296,.T.);
#2134=ORIENTED_EDGE('',*,*,#4297,.T.);
#2135=ORIENTED_EDGE('',*,*,#4298,.F.);
#2136=ORIENTED_EDGE('',*,*,#4299,.T.);
#2137=ORIENTED_EDGE('',*,*,#4300,.F.);
#2138=ORIENTED_EDGE('',*,*,#4301,.T.);
#2139=ORIENTED_EDGE('',*,*,#4302,.T.);
#2140=ORIENTED_EDGE('',*,*,#4303,.T.);
#2141=ORIENTED_EDGE('',*,*,#4304,.T.);
#2142=ORIENTED_EDGE('',*,*,#4305,.T.);
#2143=ORIENTED_EDGE('',*,*,#4306,.F.);
#2144=ORIENTED_EDGE('',*,*,#4307,.T.);
#2145=ORIENTED_EDGE('',*,*,#4308,.F.);
#2146=ORIENTED_EDGE('',*,*,#4309,.F.);
#2147=ORIENTED_EDGE('',*,*,#4310,.T.);
#2148=ORIENTED_EDGE('',*,*,#4311,.F.);
#2149=ORIENTED_EDGE('',*,*,#4312,.T.);
#2150=ORIENTED_EDGE('',*,*,#4313,.T.);
#2151=ORIENTED_EDGE('',*,*,#4314,.T.);
#2152=ORIENTED_EDGE('',*,*,#4315,.T.);
#2153=ORIENTED_EDGE('',*,*,#4316,.T.);
#2154=ORIENTED_EDGE('',*,*,#4317,.T.);
#2155=ORIENTED_EDGE('',*,*,#4318,.T.);
#2156=ORIENTED_EDGE('',*,*,#4319,.T.);
#2157=ORIENTED_EDGE('',*,*,#4320,.F.);
#2158=ORIENTED_EDGE('',*,*,#4321,.T.);
#2159=ORIENTED_EDGE('',*,*,#4322,.F.);
#2160=ORIENTED_EDGE('',*,*,#4323,.T.);
#2161=ORIENTED_EDGE('',*,*,#4324,.T.);
#2162=ORIENTED_EDGE('',*,*,#4325,.F.);
#2163=ORIENTED_EDGE('',*,*,#4326,.T.);
#2164=ORIENTED_EDGE('',*,*,#4327,.F.);
#2165=ORIENTED_EDGE('',*,*,#4328,.T.);
#2166=ORIENTED_EDGE('',*,*,#4329,.T.);
#2167=ORIENTED_EDGE('',*,*,#4330,.T.);
#2168=ORIENTED_EDGE('',*,*,#4331,.T.);
#2169=ORIENTED_EDGE('',*,*,#4332,.T.);
#2170=ORIENTED_EDGE('',*,*,#4333,.T.);
#2171=ORIENTED_EDGE('',*,*,#4334,.T.);
#2172=ORIENTED_EDGE('',*,*,#4335,.T.);
#2173=ORIENTED_EDGE('',*,*,#4336,.F.);
#2174=ORIENTED_EDGE('',*,*,#4337,.T.);
#2175=ORIENTED_EDGE('',*,*,#4338,.F.);
#2176=ORIENTED_EDGE('',*,*,#4339,.T.);
#2177=ORIENTED_EDGE('',*,*,#4340,.T.);
#2178=ORIENTED_EDGE('',*,*,#4341,.T.);
#2179=ORIENTED_EDGE('',*,*,#4342,.T.);
#2180=ORIENTED_EDGE('',*,*,#4343,.T.);
#2181=ORIENTED_EDGE('',*,*,#4344,.T.);
#2182=ORIENTED_EDGE('',*,*,#4345,.T.);
#2183=ORIENTED_EDGE('',*,*,#4346,.F.);
#2184=ORIENTED_EDGE('',*,*,#4347,.T.);
#2185=ORIENTED_EDGE('',*,*,#4348,.F.);
#2186=ORIENTED_EDGE('',*,*,#4349,.F.);
#2187=ORIENTED_EDGE('',*,*,#4350,.T.);
#2188=ORIENTED_EDGE('',*,*,#4351,.F.);
#2189=ORIENTED_EDGE('',*,*,#4352,.T.);
#2190=ORIENTED_EDGE('',*,*,#4353,.T.);
#2191=ORIENTED_EDGE('',*,*,#4354,.T.);
#2192=ORIENTED_EDGE('',*,*,#4355,.T.);
#2193=ORIENTED_EDGE('',*,*,#4356,.T.);
#2194=ORIENTED_EDGE('',*,*,#4357,.F.);
#2195=ORIENTED_EDGE('',*,*,#4358,.T.);
#2196=ORIENTED_EDGE('',*,*,#4359,.F.);
#2197=ORIENTED_EDGE('',*,*,#4360,.T.);
#2198=ORIENTED_EDGE('',*,*,#4361,.T.);
#2199=ORIENTED_EDGE('',*,*,#4362,.T.);
#2200=ORIENTED_EDGE('',*,*,#4363,.T.);
#2201=ORIENTED_EDGE('',*,*,#4364,.T.);
#2202=ORIENTED_EDGE('',*,*,#4365,.T.);
#2203=ORIENTED_EDGE('',*,*,#4366,.T.);
#2204=ORIENTED_EDGE('',*,*,#4266,.F.);
#2205=ORIENTED_EDGE('',*,*,#4367,.T.);
#2206=ORIENTED_EDGE('',*,*,#4368,.T.);
#2207=ORIENTED_EDGE('',*,*,#4369,.T.);
#2208=ORIENTED_EDGE('',*,*,#4370,.T.);
#2209=ORIENTED_EDGE('',*,*,#4371,.T.);
#2210=ORIENTED_EDGE('',*,*,#4372,.T.);
#2211=ORIENTED_EDGE('',*,*,#4373,.T.);
#2212=ORIENTED_EDGE('',*,*,#4374,.F.);
#2213=ORIENTED_EDGE('',*,*,#4375,.T.);
#2214=ORIENTED_EDGE('',*,*,#4376,.T.);
#2215=ORIENTED_EDGE('',*,*,#4377,.T.);
#2216=ORIENTED_EDGE('',*,*,#4378,.F.);
#2217=ORIENTED_EDGE('',*,*,#4379,.T.);
#2218=ORIENTED_EDGE('',*,*,#4380,.F.);
#2219=ORIENTED_EDGE('',*,*,#4381,.T.);
#2220=ORIENTED_EDGE('',*,*,#4382,.T.);
#2221=ORIENTED_EDGE('',*,*,#4383,.T.);
#2222=ORIENTED_EDGE('',*,*,#4384,.T.);
#2223=ORIENTED_EDGE('',*,*,#4385,.T.);
#2224=ORIENTED_EDGE('',*,*,#4386,.T.);
#2225=ORIENTED_EDGE('',*,*,#4387,.T.);
#2226=ORIENTED_EDGE('',*,*,#4388,.T.);
#2227=ORIENTED_EDGE('',*,*,#4389,.T.);
#2228=ORIENTED_EDGE('',*,*,#4390,.T.);
#2229=ORIENTED_EDGE('',*,*,#4391,.F.);
#2230=ORIENTED_EDGE('',*,*,#4392,.T.);
#2231=ORIENTED_EDGE('',*,*,#4393,.F.);
#2232=ORIENTED_EDGE('',*,*,#4394,.T.);
#2233=ORIENTED_EDGE('',*,*,#4395,.T.);
#2234=ORIENTED_EDGE('',*,*,#4396,.F.);
#2235=ORIENTED_EDGE('',*,*,#4397,.T.);
#2236=ORIENTED_EDGE('',*,*,#4398,.F.);
#2237=ORIENTED_EDGE('',*,*,#4399,.T.);
#2238=ORIENTED_EDGE('',*,*,#4400,.T.);
#2239=ORIENTED_EDGE('',*,*,#4401,.T.);
#2240=ORIENTED_EDGE('',*,*,#4402,.T.);
#2241=ORIENTED_EDGE('',*,*,#4403,.T.);
#2242=ORIENTED_EDGE('',*,*,#4404,.T.);
#2243=ORIENTED_EDGE('',*,*,#4405,.T.);
#2244=ORIENTED_EDGE('',*,*,#4406,.T.);
#2245=ORIENTED_EDGE('',*,*,#4407,.T.);
#2246=ORIENTED_EDGE('',*,*,#4408,.T.);
#2247=ORIENTED_EDGE('',*,*,#4409,.F.);
#2248=ORIENTED_EDGE('',*,*,#4410,.T.);
#2249=ORIENTED_EDGE('',*,*,#4411,.F.);
#2250=ORIENTED_EDGE('',*,*,#4412,.T.);
#2251=ORIENTED_EDGE('',*,*,#4413,.T.);
#2252=ORIENTED_EDGE('',*,*,#4414,.T.);
#2253=ORIENTED_EDGE('',*,*,#4415,.F.);
#2254=ORIENTED_EDGE('',*,*,#4416,.T.);
#2255=ORIENTED_EDGE('',*,*,#4417,.F.);
#2256=ORIENTED_EDGE('',*,*,#4418,.T.);
#2257=ORIENTED_EDGE('',*,*,#4419,.T.);
#2258=ORIENTED_EDGE('',*,*,#4420,.F.);
#2259=ORIENTED_EDGE('',*,*,#4421,.T.);
#2260=ORIENTED_EDGE('',*,*,#4422,.F.);
#2261=ORIENTED_EDGE('',*,*,#4423,.T.);
#2262=ORIENTED_EDGE('',*,*,#4424,.T.);
#2263=ORIENTED_EDGE('',*,*,#4425,.T.);
#2264=ORIENTED_EDGE('',*,*,#4426,.T.);
#2265=ORIENTED_EDGE('',*,*,#4427,.T.);
#2266=ORIENTED_EDGE('',*,*,#4428,.F.);
#2267=ORIENTED_EDGE('',*,*,#4429,.T.);
#2268=ORIENTED_EDGE('',*,*,#4430,.F.);
#2269=ORIENTED_EDGE('',*,*,#4431,.T.);
#2270=ORIENTED_EDGE('',*,*,#4432,.T.);
#2271=ORIENTED_EDGE('',*,*,#4433,.T.);
#2272=ORIENTED_EDGE('',*,*,#4434,.T.);
#2273=ORIENTED_EDGE('',*,*,#4435,.T.);
#2274=ORIENTED_EDGE('',*,*,#4436,.T.);
#2275=ORIENTED_EDGE('',*,*,#4437,.T.);
#2276=ORIENTED_EDGE('',*,*,#4438,.T.);
#2277=ORIENTED_EDGE('',*,*,#4439,.F.);
#2278=ORIENTED_EDGE('',*,*,#4440,.T.);
#2279=ORIENTED_EDGE('',*,*,#4441,.F.);
#2280=ORIENTED_EDGE('',*,*,#4442,.T.);
#2281=ORIENTED_EDGE('',*,*,#4443,.T.);
#2282=ORIENTED_EDGE('',*,*,#4444,.F.);
#2283=ORIENTED_EDGE('',*,*,#4445,.T.);
#2284=ORIENTED_EDGE('',*,*,#4446,.F.);
#2285=ORIENTED_EDGE('',*,*,#4447,.T.);
#2286=ORIENTED_EDGE('',*,*,#4448,.T.);
#2287=ORIENTED_EDGE('',*,*,#4449,.T.);
#2288=ORIENTED_EDGE('',*,*,#4450,.T.);
#2289=ORIENTED_EDGE('',*,*,#4451,.T.);
#2290=ORIENTED_EDGE('',*,*,#4452,.T.);
#2291=ORIENTED_EDGE('',*,*,#4453,.T.);
#2292=ORIENTED_EDGE('',*,*,#4454,.T.);
#2293=ORIENTED_EDGE('',*,*,#4455,.F.);
#2294=ORIENTED_EDGE('',*,*,#4456,.T.);
#2295=ORIENTED_EDGE('',*,*,#4457,.F.);
#2296=ORIENTED_EDGE('',*,*,#4458,.T.);
#2297=ORIENTED_EDGE('',*,*,#4459,.T.);
#2298=ORIENTED_EDGE('',*,*,#4460,.T.);
#2299=ORIENTED_EDGE('',*,*,#4461,.T.);
#2300=ORIENTED_EDGE('',*,*,#4462,.T.);
#2301=ORIENTED_EDGE('',*,*,#4463,.F.);
#2302=ORIENTED_EDGE('',*,*,#4464,.T.);
#2303=ORIENTED_EDGE('',*,*,#4465,.F.);
#2304=ORIENTED_EDGE('',*,*,#4466,.T.);
#2305=ORIENTED_EDGE('',*,*,#4467,.T.);
#2306=ORIENTED_EDGE('',*,*,#4468,.F.);
#2307=ORIENTED_EDGE('',*,*,#4469,.T.);
#2308=ORIENTED_EDGE('',*,*,#4470,.F.);
#2309=ORIENTED_EDGE('',*,*,#4471,.T.);
#2310=ORIENTED_EDGE('',*,*,#4472,.T.);
#2311=ORIENTED_EDGE('',*,*,#4473,.T.);
#2312=ORIENTED_EDGE('',*,*,#4474,.T.);
#2313=ORIENTED_EDGE('',*,*,#4475,.T.);
#2314=ORIENTED_EDGE('',*,*,#4476,.F.);
#2315=ORIENTED_EDGE('',*,*,#4477,.T.);
#2316=ORIENTED_EDGE('',*,*,#4478,.F.);
#2317=ORIENTED_EDGE('',*,*,#4479,.T.);
#2318=ORIENTED_EDGE('',*,*,#4480,.T.);
#2319=ORIENTED_EDGE('',*,*,#4481,.T.);
#2320=ORIENTED_EDGE('',*,*,#4482,.T.);
#2321=ORIENTED_EDGE('',*,*,#4483,.T.);
#2322=ORIENTED_EDGE('',*,*,#4160,.T.);
#2323=ORIENTED_EDGE('',*,*,#4484,.T.);
#2324=ORIENTED_EDGE('',*,*,#4376,.F.);
#2325=ORIENTED_EDGE('',*,*,#4485,.T.);
#2326=ORIENTED_EDGE('',*,*,#4162,.F.);
#2327=ORIENTED_EDGE('',*,*,#4486,.T.);
#2328=ORIENTED_EDGE('',*,*,#4374,.T.);
#2329=ORIENTED_EDGE('',*,*,#4487,.T.);
#2330=ORIENTED_EDGE('',*,*,#4152,.T.);
#2331=ORIENTED_EDGE('',*,*,#4488,.T.);
#2332=ORIENTED_EDGE('',*,*,#4365,.F.);
#2333=ORIENTED_EDGE('',*,*,#4489,.T.);
#2334=ORIENTED_EDGE('',*,*,#4154,.T.);
#2335=ORIENTED_EDGE('',*,*,#4490,.T.);
#2336=ORIENTED_EDGE('',*,*,#4382,.F.);
#2337=ORIENTED_EDGE('',*,*,#4491,.T.);
#2338=ORIENTED_EDGE('',*,*,#4156,.F.);
#2339=ORIENTED_EDGE('',*,*,#4492,.T.);
#2340=ORIENTED_EDGE('',*,*,#4380,.T.);
#2341=ORIENTED_EDGE('',*,*,#4493,.T.);
#2342=ORIENTED_EDGE('',*,*,#4158,.F.);
#2343=ORIENTED_EDGE('',*,*,#4494,.T.);
#2344=ORIENTED_EDGE('',*,*,#4378,.T.);
#2345=ORIENTED_EDGE('',*,*,#4495,.T.);
#2346=ORIENTED_EDGE('',*,*,#4142,.T.);
#2347=ORIENTED_EDGE('',*,*,#4384,.F.);
#2348=ORIENTED_EDGE('',*,*,#4143,.T.);
#2349=ORIENTED_EDGE('',*,*,#4385,.F.);
#2350=ORIENTED_EDGE('',*,*,#4144,.T.);
#2351=ORIENTED_EDGE('',*,*,#4386,.F.);
#2352=ORIENTED_EDGE('',*,*,#4145,.T.);
#2353=ORIENTED_EDGE('',*,*,#4387,.F.);
#2354=ORIENTED_EDGE('',*,*,#4496,.T.);
#2355=ORIENTED_EDGE('',*,*,#4211,.F.);
#2356=ORIENTED_EDGE('',*,*,#4497,.F.);
#2357=ORIENTED_EDGE('',*,*,#4389,.F.);
#2358=ORIENTED_EDGE('',*,*,#4497,.T.);
#2359=ORIENTED_EDGE('',*,*,#4210,.F.);
#2360=ORIENTED_EDGE('',*,*,#4498,.F.);
#2361=ORIENTED_EDGE('',*,*,#4390,.F.);
#2362=ORIENTED_EDGE('',*,*,#4391,.T.);
#2363=ORIENTED_EDGE('',*,*,#4498,.T.);
#2364=ORIENTED_EDGE('',*,*,#4217,.T.);
#2365=ORIENTED_EDGE('',*,*,#4499,.F.);
#2366=ORIENTED_EDGE('',*,*,#4499,.T.);
#2367=ORIENTED_EDGE('',*,*,#4216,.F.);
#2368=ORIENTED_EDGE('',*,*,#4500,.F.);
#2369=ORIENTED_EDGE('',*,*,#4392,.F.);
#2370=ORIENTED_EDGE('',*,*,#4393,.T.);
#2371=ORIENTED_EDGE('',*,*,#4500,.T.);
#2372=ORIENTED_EDGE('',*,*,#4215,.T.);
#2373=ORIENTED_EDGE('',*,*,#4501,.F.);
#2374=ORIENTED_EDGE('',*,*,#4501,.T.);
#2375=ORIENTED_EDGE('',*,*,#4214,.F.);
#2376=ORIENTED_EDGE('',*,*,#4502,.F.);
#2377=ORIENTED_EDGE('',*,*,#4394,.F.);
#2378=ORIENTED_EDGE('',*,*,#4502,.T.);
#2379=ORIENTED_EDGE('',*,*,#4213,.F.);
#2380=ORIENTED_EDGE('',*,*,#4503,.F.);
#2381=ORIENTED_EDGE('',*,*,#4395,.F.);
#2382=ORIENTED_EDGE('',*,*,#4503,.T.);
#2383=ORIENTED_EDGE('',*,*,#4212,.F.);
#2384=ORIENTED_EDGE('',*,*,#4496,.F.);
#2385=ORIENTED_EDGE('',*,*,#4388,.F.);
#2386=ORIENTED_EDGE('',*,*,#4396,.T.);
#2387=ORIENTED_EDGE('',*,*,#4504,.T.);
#2388=ORIENTED_EDGE('',*,*,#3982,.T.);
#2389=ORIENTED_EDGE('',*,*,#4505,.F.);
#2390=ORIENTED_EDGE('',*,*,#4505,.T.);
#2391=ORIENTED_EDGE('',*,*,#3989,.F.);
#2392=ORIENTED_EDGE('',*,*,#4506,.F.);
#2393=ORIENTED_EDGE('',*,*,#4397,.F.);
#2394=ORIENTED_EDGE('',*,*,#4398,.T.);
#2395=ORIENTED_EDGE('',*,*,#4506,.T.);
#2396=ORIENTED_EDGE('',*,*,#3988,.T.);
#2397=ORIENTED_EDGE('',*,*,#4507,.F.);
#2398=ORIENTED_EDGE('',*,*,#4507,.T.);
#2399=ORIENTED_EDGE('',*,*,#3987,.F.);
#2400=ORIENTED_EDGE('',*,*,#4508,.F.);
#2401=ORIENTED_EDGE('',*,*,#4399,.F.);
#2402=ORIENTED_EDGE('',*,*,#4508,.T.);
#2403=ORIENTED_EDGE('',*,*,#3986,.F.);
#2404=ORIENTED_EDGE('',*,*,#4509,.F.);
#2405=ORIENTED_EDGE('',*,*,#4400,.F.);
#2406=ORIENTED_EDGE('',*,*,#4509,.T.);
#2407=ORIENTED_EDGE('',*,*,#3985,.F.);
#2408=ORIENTED_EDGE('',*,*,#4510,.F.);
#2409=ORIENTED_EDGE('',*,*,#4401,.F.);
#2410=ORIENTED_EDGE('',*,*,#4510,.T.);
#2411=ORIENTED_EDGE('',*,*,#3984,.F.);
#2412=ORIENTED_EDGE('',*,*,#4511,.F.);
#2413=ORIENTED_EDGE('',*,*,#4402,.F.);
#2414=ORIENTED_EDGE('',*,*,#4511,.T.);
#2415=ORIENTED_EDGE('',*,*,#3983,.F.);
#2416=ORIENTED_EDGE('',*,*,#4504,.F.);
#2417=ORIENTED_EDGE('',*,*,#4403,.F.);
#2418=ORIENTED_EDGE('',*,*,#4357,.T.);
#2419=ORIENTED_EDGE('',*,*,#4512,.T.);
#2420=ORIENTED_EDGE('',*,*,#4178,.T.);
#2421=ORIENTED_EDGE('',*,*,#4513,.F.);
#2422=ORIENTED_EDGE('',*,*,#4513,.T.);
#2423=ORIENTED_EDGE('',*,*,#4185,.F.);
#2424=ORIENTED_EDGE('',*,*,#4514,.F.);
#2425=ORIENTED_EDGE('',*,*,#4358,.F.);
#2426=ORIENTED_EDGE('',*,*,#4359,.T.);
#2427=ORIENTED_EDGE('',*,*,#4514,.T.);
#2428=ORIENTED_EDGE('',*,*,#4184,.T.);
#2429=ORIENTED_EDGE('',*,*,#4515,.F.);
#2430=ORIENTED_EDGE('',*,*,#4515,.T.);
#2431=ORIENTED_EDGE('',*,*,#4183,.F.);
#2432=ORIENTED_EDGE('',*,*,#4516,.F.);
#2433=ORIENTED_EDGE('',*,*,#4360,.F.);
#2434=ORIENTED_EDGE('',*,*,#4516,.T.);
#2435=ORIENTED_EDGE('',*,*,#4182,.F.);
#2436=ORIENTED_EDGE('',*,*,#4517,.F.);
#2437=ORIENTED_EDGE('',*,*,#4361,.F.);
#2438=ORIENTED_EDGE('',*,*,#4517,.T.);
#2439=ORIENTED_EDGE('',*,*,#4181,.F.);
#2440=ORIENTED_EDGE('',*,*,#4518,.F.);
#2441=ORIENTED_EDGE('',*,*,#4362,.F.);
#2442=ORIENTED_EDGE('',*,*,#4518,.T.);
#2443=ORIENTED_EDGE('',*,*,#4180,.F.);
#2444=ORIENTED_EDGE('',*,*,#4519,.F.);
#2445=ORIENTED_EDGE('',*,*,#4363,.F.);
#2446=ORIENTED_EDGE('',*,*,#4519,.T.);
#2447=ORIENTED_EDGE('',*,*,#4179,.F.);
#2448=ORIENTED_EDGE('',*,*,#4512,.F.);
#2449=ORIENTED_EDGE('',*,*,#4364,.F.);
#2450=ORIENTED_EDGE('',*,*,#4520,.T.);
#2451=ORIENTED_EDGE('',*,*,#3991,.F.);
#2452=ORIENTED_EDGE('',*,*,#4521,.F.);
#2453=ORIENTED_EDGE('',*,*,#4405,.F.);
#2454=ORIENTED_EDGE('',*,*,#4521,.T.);
#2455=ORIENTED_EDGE('',*,*,#3990,.F.);
#2456=ORIENTED_EDGE('',*,*,#4522,.F.);
#2457=ORIENTED_EDGE('',*,*,#4406,.F.);
#2458=ORIENTED_EDGE('',*,*,#4522,.T.);
#2459=ORIENTED_EDGE('',*,*,#3997,.F.);
#2460=ORIENTED_EDGE('',*,*,#4523,.F.);
#2461=ORIENTED_EDGE('',*,*,#4407,.F.);
#2462=ORIENTED_EDGE('',*,*,#4523,.T.);
#2463=ORIENTED_EDGE('',*,*,#3996,.F.);
#2464=ORIENTED_EDGE('',*,*,#4524,.F.);
#2465=ORIENTED_EDGE('',*,*,#4408,.F.);
#2466=ORIENTED_EDGE('',*,*,#4409,.T.);
#2467=ORIENTED_EDGE('',*,*,#4524,.T.);
#2468=ORIENTED_EDGE('',*,*,#3995,.T.);
#2469=ORIENTED_EDGE('',*,*,#4525,.F.);
#2470=ORIENTED_EDGE('',*,*,#4525,.T.);
#2471=ORIENTED_EDGE('',*,*,#3994,.F.);
#2472=ORIENTED_EDGE('',*,*,#4526,.F.);
#2473=ORIENTED_EDGE('',*,*,#4410,.F.);
#2474=ORIENTED_EDGE('',*,*,#4411,.T.);
#2475=ORIENTED_EDGE('',*,*,#4526,.T.);
#2476=ORIENTED_EDGE('',*,*,#3993,.T.);
#2477=ORIENTED_EDGE('',*,*,#4527,.F.);
#2478=ORIENTED_EDGE('',*,*,#4527,.T.);
#2479=ORIENTED_EDGE('',*,*,#3992,.F.);
#2480=ORIENTED_EDGE('',*,*,#4520,.F.);
#2481=ORIENTED_EDGE('',*,*,#4404,.F.);
#2482=ORIENTED_EDGE('',*,*,#4528,.T.);
#2483=ORIENTED_EDGE('',*,*,#4187,.F.);
#2484=ORIENTED_EDGE('',*,*,#4529,.F.);
#2485=ORIENTED_EDGE('',*,*,#4413,.F.);
#2486=ORIENTED_EDGE('',*,*,#4529,.T.);
#2487=ORIENTED_EDGE('',*,*,#4186,.F.);
#2488=ORIENTED_EDGE('',*,*,#4530,.F.);
#2489=ORIENTED_EDGE('',*,*,#4414,.F.);
#2490=ORIENTED_EDGE('',*,*,#4415,.T.);
#2491=ORIENTED_EDGE('',*,*,#4530,.T.);
#2492=ORIENTED_EDGE('',*,*,#4193,.T.);
#2493=ORIENTED_EDGE('',*,*,#4531,.F.);
#2494=ORIENTED_EDGE('',*,*,#4531,.T.);
#2495=ORIENTED_EDGE('',*,*,#4192,.F.);
#2496=ORIENTED_EDGE('',*,*,#4532,.F.);
#2497=ORIENTED_EDGE('',*,*,#4416,.F.);
#2498=ORIENTED_EDGE('',*,*,#4417,.T.);
#2499=ORIENTED_EDGE('',*,*,#4532,.T.);
#2500=ORIENTED_EDGE('',*,*,#4191,.T.);
#2501=ORIENTED_EDGE('',*,*,#4533,.F.);
#2502=ORIENTED_EDGE('',*,*,#4533,.T.);
#2503=ORIENTED_EDGE('',*,*,#4190,.F.);
#2504=ORIENTED_EDGE('',*,*,#4534,.F.);
#2505=ORIENTED_EDGE('',*,*,#4418,.F.);
#2506=ORIENTED_EDGE('',*,*,#4534,.T.);
#2507=ORIENTED_EDGE('',*,*,#4189,.F.);
#2508=ORIENTED_EDGE('',*,*,#4535,.F.);
#2509=ORIENTED_EDGE('',*,*,#4419,.F.);
#2510=ORIENTED_EDGE('',*,*,#4535,.T.);
#2511=ORIENTED_EDGE('',*,*,#4188,.F.);
#2512=ORIENTED_EDGE('',*,*,#4528,.F.);
#2513=ORIENTED_EDGE('',*,*,#4412,.F.);
#2514=ORIENTED_EDGE('',*,*,#4420,.T.);
#2515=ORIENTED_EDGE('',*,*,#4536,.T.);
#2516=ORIENTED_EDGE('',*,*,#3974,.T.);
#2517=ORIENTED_EDGE('',*,*,#4537,.F.);
#2518=ORIENTED_EDGE('',*,*,#4537,.T.);
#2519=ORIENTED_EDGE('',*,*,#3981,.F.);
#2520=ORIENTED_EDGE('',*,*,#4538,.F.);
#2521=ORIENTED_EDGE('',*,*,#4421,.F.);
#2522=ORIENTED_EDGE('',*,*,#4422,.T.);
#2523=ORIENTED_EDGE('',*,*,#4538,.T.);
#2524=ORIENTED_EDGE('',*,*,#3980,.T.);
#2525=ORIENTED_EDGE('',*,*,#4539,.F.);
#2526=ORIENTED_EDGE('',*,*,#4539,.T.);
#2527=ORIENTED_EDGE('',*,*,#3979,.F.);
#2528=ORIENTED_EDGE('',*,*,#4540,.F.);
#2529=ORIENTED_EDGE('',*,*,#4423,.F.);
#2530=ORIENTED_EDGE('',*,*,#4540,.T.);
#2531=ORIENTED_EDGE('',*,*,#3978,.F.);
#2532=ORIENTED_EDGE('',*,*,#4541,.F.);
#2533=ORIENTED_EDGE('',*,*,#4424,.F.);
#2534=ORIENTED_EDGE('',*,*,#4541,.T.);
#2535=ORIENTED_EDGE('',*,*,#3977,.F.);
#2536=ORIENTED_EDGE('',*,*,#4542,.F.);
#2537=ORIENTED_EDGE('',*,*,#4425,.F.);
#2538=ORIENTED_EDGE('',*,*,#4542,.T.);
#2539=ORIENTED_EDGE('',*,*,#3976,.F.);
#2540=ORIENTED_EDGE('',*,*,#4543,.F.);
#2541=ORIENTED_EDGE('',*,*,#4426,.F.);
#2542=ORIENTED_EDGE('',*,*,#4543,.T.);
#2543=ORIENTED_EDGE('',*,*,#3975,.F.);
#2544=ORIENTED_EDGE('',*,*,#4536,.F.);
#2545=ORIENTED_EDGE('',*,*,#4427,.F.);
#2546=ORIENTED_EDGE('',*,*,#4349,.T.);
#2547=ORIENTED_EDGE('',*,*,#4544,.T.);
#2548=ORIENTED_EDGE('',*,*,#4194,.T.);
#2549=ORIENTED_EDGE('',*,*,#4545,.F.);
#2550=ORIENTED_EDGE('',*,*,#4545,.T.);
#2551=ORIENTED_EDGE('',*,*,#4201,.F.);
#2552=ORIENTED_EDGE('',*,*,#4546,.F.);
#2553=ORIENTED_EDGE('',*,*,#4350,.F.);
#2554=ORIENTED_EDGE('',*,*,#4351,.T.);
#2555=ORIENTED_EDGE('',*,*,#4546,.T.);
#2556=ORIENTED_EDGE('',*,*,#4200,.T.);
#2557=ORIENTED_EDGE('',*,*,#4547,.F.);
#2558=ORIENTED_EDGE('',*,*,#4547,.T.);
#2559=ORIENTED_EDGE('',*,*,#4199,.F.);
#2560=ORIENTED_EDGE('',*,*,#4548,.F.);
#2561=ORIENTED_EDGE('',*,*,#4352,.F.);
#2562=ORIENTED_EDGE('',*,*,#4548,.T.);
#2563=ORIENTED_EDGE('',*,*,#4198,.F.);
#2564=ORIENTED_EDGE('',*,*,#4549,.F.);
#2565=ORIENTED_EDGE('',*,*,#4353,.F.);
#2566=ORIENTED_EDGE('',*,*,#4549,.T.);
#2567=ORIENTED_EDGE('',*,*,#4197,.F.);
#2568=ORIENTED_EDGE('',*,*,#4550,.F.);
#2569=ORIENTED_EDGE('',*,*,#4354,.F.);
#2570=ORIENTED_EDGE('',*,*,#4550,.T.);
#2571=ORIENTED_EDGE('',*,*,#4196,.F.);
#2572=ORIENTED_EDGE('',*,*,#4551,.F.);
#2573=ORIENTED_EDGE('',*,*,#4355,.F.);
#2574=ORIENTED_EDGE('',*,*,#4551,.T.);
#2575=ORIENTED_EDGE('',*,*,#4195,.F.);
#2576=ORIENTED_EDGE('',*,*,#4544,.F.);
#2577=ORIENTED_EDGE('',*,*,#4356,.F.);
#2578=ORIENTED_EDGE('',*,*,#4428,.T.);
#2579=ORIENTED_EDGE('',*,*,#4552,.T.);
#2580=ORIENTED_EDGE('',*,*,#3998,.T.);
#2581=ORIENTED_EDGE('',*,*,#4553,.F.);
#2582=ORIENTED_EDGE('',*,*,#4553,.T.);
#2583=ORIENTED_EDGE('',*,*,#4005,.F.);
#2584=ORIENTED_EDGE('',*,*,#4554,.F.);
#2585=ORIENTED_EDGE('',*,*,#4429,.F.);
#2586=ORIENTED_EDGE('',*,*,#4430,.T.);
#2587=ORIENTED_EDGE('',*,*,#4554,.T.);
#2588=ORIENTED_EDGE('',*,*,#4004,.T.);
#2589=ORIENTED_EDGE('',*,*,#4555,.F.);
#2590=ORIENTED_EDGE('',*,*,#4555,.T.);
#2591=ORIENTED_EDGE('',*,*,#4003,.F.);
#2592=ORIENTED_EDGE('',*,*,#4556,.F.);
#2593=ORIENTED_EDGE('',*,*,#4431,.F.);
#2594=ORIENTED_EDGE('',*,*,#4556,.T.);
#2595=ORIENTED_EDGE('',*,*,#4002,.F.);
#2596=ORIENTED_EDGE('',*,*,#4557,.F.);
#2597=ORIENTED_EDGE('',*,*,#4432,.F.);
#2598=ORIENTED_EDGE('',*,*,#4557,.T.);
#2599=ORIENTED_EDGE('',*,*,#4001,.F.);
#2600=ORIENTED_EDGE('',*,*,#4558,.F.);
#2601=ORIENTED_EDGE('',*,*,#4433,.F.);
#2602=ORIENTED_EDGE('',*,*,#4558,.T.);
#2603=ORIENTED_EDGE('',*,*,#4000,.F.);
#2604=ORIENTED_EDGE('',*,*,#4559,.F.);
#2605=ORIENTED_EDGE('',*,*,#4434,.F.);
#2606=ORIENTED_EDGE('',*,*,#4559,.T.);
#2607=ORIENTED_EDGE('',*,*,#3999,.F.);
#2608=ORIENTED_EDGE('',*,*,#4552,.F.);
#2609=ORIENTED_EDGE('',*,*,#4435,.F.);
#2610=ORIENTED_EDGE('',*,*,#4560,.T.);
#2611=ORIENTED_EDGE('',*,*,#3935,.F.);
#2612=ORIENTED_EDGE('',*,*,#4561,.F.);
#2613=ORIENTED_EDGE('',*,*,#4342,.F.);
#2614=ORIENTED_EDGE('',*,*,#4561,.T.);
#2615=ORIENTED_EDGE('',*,*,#3934,.F.);
#2616=ORIENTED_EDGE('',*,*,#4562,.F.);
#2617=ORIENTED_EDGE('',*,*,#4343,.F.);
#2618=ORIENTED_EDGE('',*,*,#4562,.T.);
#2619=ORIENTED_EDGE('',*,*,#3941,.F.);
#2620=ORIENTED_EDGE('',*,*,#4563,.F.);
#2621=ORIENTED_EDGE('',*,*,#4344,.F.);
#2622=ORIENTED_EDGE('',*,*,#4563,.T.);
#2623=ORIENTED_EDGE('',*,*,#3940,.F.);
#2624=ORIENTED_EDGE('',*,*,#4564,.F.);
#2625=ORIENTED_EDGE('',*,*,#4345,.F.);
#2626=ORIENTED_EDGE('',*,*,#4346,.T.);
#2627=ORIENTED_EDGE('',*,*,#4564,.T.);
#2628=ORIENTED_EDGE('',*,*,#3939,.T.);
#2629=ORIENTED_EDGE('',*,*,#4565,.F.);
#2630=ORIENTED_EDGE('',*,*,#4565,.T.);
#2631=ORIENTED_EDGE('',*,*,#3938,.F.);
#2632=ORIENTED_EDGE('',*,*,#4566,.F.);
#2633=ORIENTED_EDGE('',*,*,#4347,.F.);
#2634=ORIENTED_EDGE('',*,*,#4348,.T.);
#2635=ORIENTED_EDGE('',*,*,#4566,.T.);
#2636=ORIENTED_EDGE('',*,*,#3937,.T.);
#2637=ORIENTED_EDGE('',*,*,#4567,.F.);
#2638=ORIENTED_EDGE('',*,*,#4567,.T.);
#2639=ORIENTED_EDGE('',*,*,#3936,.F.);
#2640=ORIENTED_EDGE('',*,*,#4560,.F.);
#2641=ORIENTED_EDGE('',*,*,#4341,.F.);
#2642=ORIENTED_EDGE('',*,*,#4568,.T.);
#2643=ORIENTED_EDGE('',*,*,#3927,.F.);
#2644=ORIENTED_EDGE('',*,*,#4569,.F.);
#2645=ORIENTED_EDGE('',*,*,#4334,.F.);
#2646=ORIENTED_EDGE('',*,*,#4569,.T.);
#2647=ORIENTED_EDGE('',*,*,#3926,.F.);
#2648=ORIENTED_EDGE('',*,*,#4570,.F.);
#2649=ORIENTED_EDGE('',*,*,#4335,.F.);
#2650=ORIENTED_EDGE('',*,*,#4336,.T.);
#2651=ORIENTED_EDGE('',*,*,#4570,.T.);
#2652=ORIENTED_EDGE('',*,*,#3933,.T.);
#2653=ORIENTED_EDGE('',*,*,#4571,.F.);
#2654=ORIENTED_EDGE('',*,*,#4571,.T.);
#2655=ORIENTED_EDGE('',*,*,#3932,.F.);
#2656=ORIENTED_EDGE('',*,*,#4572,.F.);
#2657=ORIENTED_EDGE('',*,*,#4337,.F.);
#2658=ORIENTED_EDGE('',*,*,#4338,.T.);
#2659=ORIENTED_EDGE('',*,*,#4572,.T.);
#2660=ORIENTED_EDGE('',*,*,#3931,.T.);
#2661=ORIENTED_EDGE('',*,*,#4573,.F.);
#2662=ORIENTED_EDGE('',*,*,#4573,.T.);
#2663=ORIENTED_EDGE('',*,*,#3930,.F.);
#2664=ORIENTED_EDGE('',*,*,#4574,.F.);
#2665=ORIENTED_EDGE('',*,*,#4339,.F.);
#2666=ORIENTED_EDGE('',*,*,#4574,.T.);
#2667=ORIENTED_EDGE('',*,*,#3929,.F.);
#2668=ORIENTED_EDGE('',*,*,#4575,.F.);
#2669=ORIENTED_EDGE('',*,*,#4340,.F.);
#2670=ORIENTED_EDGE('',*,*,#4575,.T.);
#2671=ORIENTED_EDGE('',*,*,#3928,.F.);
#2672=ORIENTED_EDGE('',*,*,#4568,.F.);
#2673=ORIENTED_EDGE('',*,*,#4333,.F.);
#2674=ORIENTED_EDGE('',*,*,#4325,.T.);
#2675=ORIENTED_EDGE('',*,*,#4576,.T.);
#2676=ORIENTED_EDGE('',*,*,#3966,.T.);
#2677=ORIENTED_EDGE('',*,*,#4577,.F.);
#2678=ORIENTED_EDGE('',*,*,#4577,.T.);
#2679=ORIENTED_EDGE('',*,*,#3973,.F.);
#2680=ORIENTED_EDGE('',*,*,#4578,.F.);
#2681=ORIENTED_EDGE('',*,*,#4326,.F.);
#2682=ORIENTED_EDGE('',*,*,#4327,.T.);
#2683=ORIENTED_EDGE('',*,*,#4578,.T.);
#2684=ORIENTED_EDGE('',*,*,#3972,.T.);
#2685=ORIENTED_EDGE('',*,*,#4579,.F.);
#2686=ORIENTED_EDGE('',*,*,#4579,.T.);
#2687=ORIENTED_EDGE('',*,*,#3971,.F.);
#2688=ORIENTED_EDGE('',*,*,#4580,.F.);
#2689=ORIENTED_EDGE('',*,*,#4328,.F.);
#2690=ORIENTED_EDGE('',*,*,#4580,.T.);
#2691=ORIENTED_EDGE('',*,*,#3970,.F.);
#2692=ORIENTED_EDGE('',*,*,#4581,.F.);
#2693=ORIENTED_EDGE('',*,*,#4329,.F.);
#2694=ORIENTED_EDGE('',*,*,#4581,.T.);
#2695=ORIENTED_EDGE('',*,*,#3969,.F.);
#2696=ORIENTED_EDGE('',*,*,#4582,.F.);
#2697=ORIENTED_EDGE('',*,*,#4330,.F.);
#2698=ORIENTED_EDGE('',*,*,#4582,.T.);
#2699=ORIENTED_EDGE('',*,*,#3968,.F.);
#2700=ORIENTED_EDGE('',*,*,#4583,.F.);
#2701=ORIENTED_EDGE('',*,*,#4331,.F.);
#2702=ORIENTED_EDGE('',*,*,#4583,.T.);
#2703=ORIENTED_EDGE('',*,*,#3967,.F.);
#2704=ORIENTED_EDGE('',*,*,#4576,.F.);
#2705=ORIENTED_EDGE('',*,*,#4332,.F.);
#2706=ORIENTED_EDGE('',*,*,#4584,.T.);
#2707=ORIENTED_EDGE('',*,*,#4227,.F.);
#2708=ORIENTED_EDGE('',*,*,#4585,.F.);
#2709=ORIENTED_EDGE('',*,*,#4437,.F.);
#2710=ORIENTED_EDGE('',*,*,#4585,.T.);
#2711=ORIENTED_EDGE('',*,*,#4226,.F.);
#2712=ORIENTED_EDGE('',*,*,#4586,.F.);
#2713=ORIENTED_EDGE('',*,*,#4438,.F.);
#2714=ORIENTED_EDGE('',*,*,#4439,.T.);
#2715=ORIENTED_EDGE('',*,*,#4586,.T.);
#2716=ORIENTED_EDGE('',*,*,#4233,.T.);
#2717=ORIENTED_EDGE('',*,*,#4587,.F.);
#2718=ORIENTED_EDGE('',*,*,#4587,.T.);
#2719=ORIENTED_EDGE('',*,*,#4232,.F.);
#2720=ORIENTED_EDGE('',*,*,#4588,.F.);
#2721=ORIENTED_EDGE('',*,*,#4440,.F.);
#2722=ORIENTED_EDGE('',*,*,#4441,.T.);
#2723=ORIENTED_EDGE('',*,*,#4588,.T.);
#2724=ORIENTED_EDGE('',*,*,#4231,.T.);
#2725=ORIENTED_EDGE('',*,*,#4589,.F.);
#2726=ORIENTED_EDGE('',*,*,#4589,.T.);
#2727=ORIENTED_EDGE('',*,*,#4230,.F.);
#2728=ORIENTED_EDGE('',*,*,#4590,.F.);
#2729=ORIENTED_EDGE('',*,*,#4442,.F.);
#2730=ORIENTED_EDGE('',*,*,#4590,.T.);
#2731=ORIENTED_EDGE('',*,*,#4229,.F.);
#2732=ORIENTED_EDGE('',*,*,#4591,.F.);
#2733=ORIENTED_EDGE('',*,*,#4443,.F.);
#2734=ORIENTED_EDGE('',*,*,#4591,.T.);
#2735=ORIENTED_EDGE('',*,*,#4228,.F.);
#2736=ORIENTED_EDGE('',*,*,#4584,.F.);
#2737=ORIENTED_EDGE('',*,*,#4436,.F.);
#2738=ORIENTED_EDGE('',*,*,#4444,.T.);
#2739=ORIENTED_EDGE('',*,*,#4592,.T.);
#2740=ORIENTED_EDGE('',*,*,#4258,.T.);
#2741=ORIENTED_EDGE('',*,*,#4593,.F.);
#2742=ORIENTED_EDGE('',*,*,#4593,.T.);
#2743=ORIENTED_EDGE('',*,*,#4265,.F.);
#2744=ORIENTED_EDGE('',*,*,#4594,.F.);
#2745=ORIENTED_EDGE('',*,*,#4445,.F.);
#2746=ORIENTED_EDGE('',*,*,#4446,.T.);
#2747=ORIENTED_EDGE('',*,*,#4594,.T.);
#2748=ORIENTED_EDGE('',*,*,#4264,.T.);
#2749=ORIENTED_EDGE('',*,*,#4595,.F.);
#2750=ORIENTED_EDGE('',*,*,#4595,.T.);
#2751=ORIENTED_EDGE('',*,*,#4263,.F.);
#2752=ORIENTED_EDGE('',*,*,#4596,.F.);
#2753=ORIENTED_EDGE('',*,*,#4447,.F.);
#2754=ORIENTED_EDGE('',*,*,#4596,.T.);
#2755=ORIENTED_EDGE('',*,*,#4262,.F.);
#2756=ORIENTED_EDGE('',*,*,#4597,.F.);
#2757=ORIENTED_EDGE('',*,*,#4448,.F.);
#2758=ORIENTED_EDGE('',*,*,#4597,.T.);
#2759=ORIENTED_EDGE('',*,*,#4261,.F.);
#2760=ORIENTED_EDGE('',*,*,#4598,.F.);
#2761=ORIENTED_EDGE('',*,*,#4449,.F.);
#2762=ORIENTED_EDGE('',*,*,#4598,.T.);
#2763=ORIENTED_EDGE('',*,*,#4260,.F.);
#2764=ORIENTED_EDGE('',*,*,#4599,.F.);
#2765=ORIENTED_EDGE('',*,*,#4450,.F.);
#2766=ORIENTED_EDGE('',*,*,#4599,.T.);
#2767=ORIENTED_EDGE('',*,*,#4259,.F.);
#2768=ORIENTED_EDGE('',*,*,#4592,.F.);
#2769=ORIENTED_EDGE('',*,*,#4451,.F.);
#2770=ORIENTED_EDGE('',*,*,#4600,.T.);
#2771=ORIENTED_EDGE('',*,*,#4251,.F.);
#2772=ORIENTED_EDGE('',*,*,#4601,.F.);
#2773=ORIENTED_EDGE('',*,*,#4318,.F.);
#2774=ORIENTED_EDGE('',*,*,#4601,.T.);
#2775=ORIENTED_EDGE('',*,*,#4250,.F.);
#2776=ORIENTED_EDGE('',*,*,#4602,.F.);
#2777=ORIENTED_EDGE('',*,*,#4319,.F.);
#2778=ORIENTED_EDGE('',*,*,#4320,.T.);
#2779=ORIENTED_EDGE('',*,*,#4602,.T.);
#2780=ORIENTED_EDGE('',*,*,#4257,.T.);
#2781=ORIENTED_EDGE('',*,*,#4603,.F.);
#2782=ORIENTED_EDGE('',*,*,#4603,.T.);
#2783=ORIENTED_EDGE('',*,*,#4256,.F.);
#2784=ORIENTED_EDGE('',*,*,#4604,.F.);
#2785=ORIENTED_EDGE('',*,*,#4321,.F.);
#2786=ORIENTED_EDGE('',*,*,#4322,.T.);
#2787=ORIENTED_EDGE('',*,*,#4604,.T.);
#2788=ORIENTED_EDGE('',*,*,#4255,.T.);
#2789=ORIENTED_EDGE('',*,*,#4605,.F.);
#2790=ORIENTED_EDGE('',*,*,#4605,.T.);
#2791=ORIENTED_EDGE('',*,*,#4254,.F.);
#2792=ORIENTED_EDGE('',*,*,#4606,.F.);
#2793=ORIENTED_EDGE('',*,*,#4323,.F.);
#2794=ORIENTED_EDGE('',*,*,#4606,.T.);
#2795=ORIENTED_EDGE('',*,*,#4253,.F.);
#2796=ORIENTED_EDGE('',*,*,#4607,.F.);
#2797=ORIENTED_EDGE('',*,*,#4324,.F.);
#2798=ORIENTED_EDGE('',*,*,#4607,.T.);
#2799=ORIENTED_EDGE('',*,*,#4252,.F.);
#2800=ORIENTED_EDGE('',*,*,#4600,.F.);
#2801=ORIENTED_EDGE('',*,*,#4317,.F.);
#2802=ORIENTED_EDGE('',*,*,#4309,.T.);
#2803=ORIENTED_EDGE('',*,*,#4608,.T.);
#2804=ORIENTED_EDGE('',*,*,#3942,.T.);
#2805=ORIENTED_EDGE('',*,*,#4609,.F.);
#2806=ORIENTED_EDGE('',*,*,#4609,.T.);
#2807=ORIENTED_EDGE('',*,*,#3949,.F.);
#2808=ORIENTED_EDGE('',*,*,#4610,.F.);
#2809=ORIENTED_EDGE('',*,*,#4310,.F.);
#2810=ORIENTED_EDGE('',*,*,#4311,.T.);
#2811=ORIENTED_EDGE('',*,*,#4610,.T.);
#2812=ORIENTED_EDGE('',*,*,#3948,.T.);
#2813=ORIENTED_EDGE('',*,*,#4611,.F.);
#2814=ORIENTED_EDGE('',*,*,#4611,.T.);
#2815=ORIENTED_EDGE('',*,*,#3947,.F.);
#2816=ORIENTED_EDGE('',*,*,#4612,.F.);
#2817=ORIENTED_EDGE('',*,*,#4312,.F.);
#2818=ORIENTED_EDGE('',*,*,#4612,.T.);
#2819=ORIENTED_EDGE('',*,*,#3946,.F.);
#2820=ORIENTED_EDGE('',*,*,#4613,.F.);
#2821=ORIENTED_EDGE('',*,*,#4313,.F.);
#2822=ORIENTED_EDGE('',*,*,#4613,.T.);
#2823=ORIENTED_EDGE('',*,*,#3945,.F.);
#2824=ORIENTED_EDGE('',*,*,#4614,.F.);
#2825=ORIENTED_EDGE('',*,*,#4314,.F.);
#2826=ORIENTED_EDGE('',*,*,#4614,.T.);
#2827=ORIENTED_EDGE('',*,*,#3944,.F.);
#2828=ORIENTED_EDGE('',*,*,#4615,.F.);
#2829=ORIENTED_EDGE('',*,*,#4315,.F.);
#2830=ORIENTED_EDGE('',*,*,#4615,.T.);
#2831=ORIENTED_EDGE('',*,*,#3943,.F.);
#2832=ORIENTED_EDGE('',*,*,#4608,.F.);
#2833=ORIENTED_EDGE('',*,*,#4316,.F.);
#2834=ORIENTED_EDGE('',*,*,#4616,.T.);
#2835=ORIENTED_EDGE('',*,*,#3951,.F.);
#2836=ORIENTED_EDGE('',*,*,#4617,.F.);
#2837=ORIENTED_EDGE('',*,*,#4453,.F.);
#2838=ORIENTED_EDGE('',*,*,#4617,.T.);
#2839=ORIENTED_EDGE('',*,*,#3950,.F.);
#2840=ORIENTED_EDGE('',*,*,#4618,.F.);
#2841=ORIENTED_EDGE('',*,*,#4454,.F.);
#2842=ORIENTED_EDGE('',*,*,#4455,.T.);
#2843=ORIENTED_EDGE('',*,*,#4618,.T.);
#2844=ORIENTED_EDGE('',*,*,#3957,.T.);
#2845=ORIENTED_EDGE('',*,*,#4619,.F.);
#2846=ORIENTED_EDGE('',*,*,#4619,.T.);
#2847=ORIENTED_EDGE('',*,*,#3956,.F.);
#2848=ORIENTED_EDGE('',*,*,#4620,.F.);
#2849=ORIENTED_EDGE('',*,*,#4456,.F.);
#2850=ORIENTED_EDGE('',*,*,#4457,.T.);
#2851=ORIENTED_EDGE('',*,*,#4620,.T.);
#2852=ORIENTED_EDGE('',*,*,#3955,.T.);
#2853=ORIENTED_EDGE('',*,*,#4621,.F.);
#2854=ORIENTED_EDGE('',*,*,#4621,.T.);
#2855=ORIENTED_EDGE('',*,*,#3954,.F.);
#2856=ORIENTED_EDGE('',*,*,#4622,.F.);
#2857=ORIENTED_EDGE('',*,*,#4458,.F.);
#2858=ORIENTED_EDGE('',*,*,#4622,.T.);
#2859=ORIENTED_EDGE('',*,*,#3953,.F.);
#2860=ORIENTED_EDGE('',*,*,#4623,.F.);
#2861=ORIENTED_EDGE('',*,*,#4459,.F.);
#2862=ORIENTED_EDGE('',*,*,#4623,.T.);
#2863=ORIENTED_EDGE('',*,*,#3952,.F.);
#2864=ORIENTED_EDGE('',*,*,#4616,.F.);
#2865=ORIENTED_EDGE('',*,*,#4452,.F.);
#2866=ORIENTED_EDGE('',*,*,#4624,.T.);
#2867=ORIENTED_EDGE('',*,*,#3959,.F.);
#2868=ORIENTED_EDGE('',*,*,#4625,.F.);
#2869=ORIENTED_EDGE('',*,*,#4461,.F.);
#2870=ORIENTED_EDGE('',*,*,#4625,.T.);
#2871=ORIENTED_EDGE('',*,*,#3958,.F.);
#2872=ORIENTED_EDGE('',*,*,#4626,.F.);
#2873=ORIENTED_EDGE('',*,*,#4462,.F.);
#2874=ORIENTED_EDGE('',*,*,#4463,.T.);
#2875=ORIENTED_EDGE('',*,*,#4626,.T.);
#2876=ORIENTED_EDGE('',*,*,#3965,.T.);
#2877=ORIENTED_EDGE('',*,*,#4627,.F.);
#2878=ORIENTED_EDGE('',*,*,#4627,.T.);
#2879=ORIENTED_EDGE('',*,*,#3964,.F.);
#2880=ORIENTED_EDGE('',*,*,#4628,.F.);
#2881=ORIENTED_EDGE('',*,*,#4464,.F.);
#2882=ORIENTED_EDGE('',*,*,#4465,.T.);
#2883=ORIENTED_EDGE('',*,*,#4628,.T.);
#2884=ORIENTED_EDGE('',*,*,#3963,.T.);
#2885=ORIENTED_EDGE('',*,*,#4629,.F.);
#2886=ORIENTED_EDGE('',*,*,#4629,.T.);
#2887=ORIENTED_EDGE('',*,*,#3962,.F.);
#2888=ORIENTED_EDGE('',*,*,#4630,.F.);
#2889=ORIENTED_EDGE('',*,*,#4466,.F.);
#2890=ORIENTED_EDGE('',*,*,#4630,.T.);
#2891=ORIENTED_EDGE('',*,*,#3961,.F.);
#2892=ORIENTED_EDGE('',*,*,#4631,.F.);
#2893=ORIENTED_EDGE('',*,*,#4467,.F.);
#2894=ORIENTED_EDGE('',*,*,#4631,.T.);
#2895=ORIENTED_EDGE('',*,*,#3960,.F.);
#2896=ORIENTED_EDGE('',*,*,#4624,.F.);
#2897=ORIENTED_EDGE('',*,*,#4460,.F.);
#2898=ORIENTED_EDGE('',*,*,#4468,.T.);
#2899=ORIENTED_EDGE('',*,*,#4632,.T.);
#2900=ORIENTED_EDGE('',*,*,#4242,.T.);
#2901=ORIENTED_EDGE('',*,*,#4633,.F.);
#2902=ORIENTED_EDGE('',*,*,#4633,.T.);
#2903=ORIENTED_EDGE('',*,*,#4249,.F.);
#2904=ORIENTED_EDGE('',*,*,#4634,.F.);
#2905=ORIENTED_EDGE('',*,*,#4469,.F.);
#2906=ORIENTED_EDGE('',*,*,#4470,.T.);
#2907=ORIENTED_EDGE('',*,*,#4634,.T.);
#2908=ORIENTED_EDGE('',*,*,#4248,.T.);
#2909=ORIENTED_EDGE('',*,*,#4635,.F.);
#2910=ORIENTED_EDGE('',*,*,#4635,.T.);
#2911=ORIENTED_EDGE('',*,*,#4247,.F.);
#2912=ORIENTED_EDGE('',*,*,#4636,.F.);
#2913=ORIENTED_EDGE('',*,*,#4471,.F.);
#2914=ORIENTED_EDGE('',*,*,#4636,.T.);
#2915=ORIENTED_EDGE('',*,*,#4246,.F.);
#2916=ORIENTED_EDGE('',*,*,#4637,.F.);
#2917=ORIENTED_EDGE('',*,*,#4472,.F.);
#2918=ORIENTED_EDGE('',*,*,#4637,.T.);
#2919=ORIENTED_EDGE('',*,*,#4245,.F.);
#2920=ORIENTED_EDGE('',*,*,#4638,.F.);
#2921=ORIENTED_EDGE('',*,*,#4473,.F.);
#2922=ORIENTED_EDGE('',*,*,#4638,.T.);
#2923=ORIENTED_EDGE('',*,*,#4244,.F.);
#2924=ORIENTED_EDGE('',*,*,#4639,.F.);
#2925=ORIENTED_EDGE('',*,*,#4474,.F.);
#2926=ORIENTED_EDGE('',*,*,#4639,.T.);
#2927=ORIENTED_EDGE('',*,*,#4243,.F.);
#2928=ORIENTED_EDGE('',*,*,#4632,.F.);
#2929=ORIENTED_EDGE('',*,*,#4475,.F.);
#2930=ORIENTED_EDGE('',*,*,#4640,.T.);
#2931=ORIENTED_EDGE('',*,*,#4235,.F.);
#2932=ORIENTED_EDGE('',*,*,#4641,.F.);
#2933=ORIENTED_EDGE('',*,*,#4302,.F.);
#2934=ORIENTED_EDGE('',*,*,#4641,.T.);
#2935=ORIENTED_EDGE('',*,*,#4234,.F.);
#2936=ORIENTED_EDGE('',*,*,#4642,.F.);
#2937=ORIENTED_EDGE('',*,*,#4303,.F.);
#2938=ORIENTED_EDGE('',*,*,#4642,.T.);
#2939=ORIENTED_EDGE('',*,*,#4241,.F.);
#2940=ORIENTED_EDGE('',*,*,#4643,.F.);
#2941=ORIENTED_EDGE('',*,*,#4304,.F.);
#2942=ORIENTED_EDGE('',*,*,#4643,.T.);
#2943=ORIENTED_EDGE('',*,*,#4240,.F.);
#2944=ORIENTED_EDGE('',*,*,#4644,.F.);
#2945=ORIENTED_EDGE('',*,*,#4305,.F.);
#2946=ORIENTED_EDGE('',*,*,#4306,.T.);
#2947=ORIENTED_EDGE('',*,*,#4644,.T.);
#2948=ORIENTED_EDGE('',*,*,#4239,.T.);
#2949=ORIENTED_EDGE('',*,*,#4645,.F.);
#2950=ORIENTED_EDGE('',*,*,#4645,.T.);
#2951=ORIENTED_EDGE('',*,*,#4238,.F.);
#2952=ORIENTED_EDGE('',*,*,#4646,.F.);
#2953=ORIENTED_EDGE('',*,*,#4307,.F.);
#2954=ORIENTED_EDGE('',*,*,#4308,.T.);
#2955=ORIENTED_EDGE('',*,*,#4646,.T.);
#2956=ORIENTED_EDGE('',*,*,#4237,.T.);
#2957=ORIENTED_EDGE('',*,*,#4647,.F.);
#2958=ORIENTED_EDGE('',*,*,#4647,.T.);
#2959=ORIENTED_EDGE('',*,*,#4236,.F.);
#2960=ORIENTED_EDGE('',*,*,#4640,.F.);
#2961=ORIENTED_EDGE('',*,*,#4301,.F.);
#2962=ORIENTED_EDGE('',*,*,#4648,.T.);
#2963=ORIENTED_EDGE('',*,*,#4203,.F.);
#2964=ORIENTED_EDGE('',*,*,#4649,.F.);
#2965=ORIENTED_EDGE('',*,*,#4294,.F.);
#2966=ORIENTED_EDGE('',*,*,#4649,.T.);
#2967=ORIENTED_EDGE('',*,*,#4202,.F.);
#2968=ORIENTED_EDGE('',*,*,#4650,.F.);
#2969=ORIENTED_EDGE('',*,*,#4295,.F.);
#2970=ORIENTED_EDGE('',*,*,#4650,.T.);
#2971=ORIENTED_EDGE('',*,*,#4209,.F.);
#2972=ORIENTED_EDGE('',*,*,#4651,.F.);
#2973=ORIENTED_EDGE('',*,*,#4296,.F.);
#2974=ORIENTED_EDGE('',*,*,#4651,.T.);
#2975=ORIENTED_EDGE('',*,*,#4208,.F.);
#2976=ORIENTED_EDGE('',*,*,#4652,.F.);
#2977=ORIENTED_EDGE('',*,*,#4297,.F.);
#2978=ORIENTED_EDGE('',*,*,#4298,.T.);
#2979=ORIENTED_EDGE('',*,*,#4652,.T.);
#2980=ORIENTED_EDGE('',*,*,#4207,.T.);
#2981=ORIENTED_EDGE('',*,*,#4653,.F.);
#2982=ORIENTED_EDGE('',*,*,#4653,.T.);
#2983=ORIENTED_EDGE('',*,*,#4206,.F.);
#2984=ORIENTED_EDGE('',*,*,#4654,.F.);
#2985=ORIENTED_EDGE('',*,*,#4299,.F.);
#2986=ORIENTED_EDGE('',*,*,#4300,.T.);
#2987=ORIENTED_EDGE('',*,*,#4654,.T.);
#2988=ORIENTED_EDGE('',*,*,#4205,.T.);
#2989=ORIENTED_EDGE('',*,*,#4655,.F.);
#2990=ORIENTED_EDGE('',*,*,#4655,.T.);
#2991=ORIENTED_EDGE('',*,*,#4204,.F.);
#2992=ORIENTED_EDGE('',*,*,#4648,.F.);
#2993=ORIENTED_EDGE('',*,*,#4293,.F.);
#2994=ORIENTED_EDGE('',*,*,#4656,.T.);
#2995=ORIENTED_EDGE('',*,*,#3911,.F.);
#2996=ORIENTED_EDGE('',*,*,#4657,.F.);
#2997=ORIENTED_EDGE('',*,*,#4286,.F.);
#2998=ORIENTED_EDGE('',*,*,#4657,.T.);
#2999=ORIENTED_EDGE('',*,*,#3910,.F.);
#3000=ORIENTED_EDGE('',*,*,#4658,.F.);
#3001=ORIENTED_EDGE('',*,*,#4287,.F.);
#3002=ORIENTED_EDGE('',*,*,#4288,.T.);
#3003=ORIENTED_EDGE('',*,*,#4658,.T.);
#3004=ORIENTED_EDGE('',*,*,#3917,.T.);
#3005=ORIENTED_EDGE('',*,*,#4659,.F.);
#3006=ORIENTED_EDGE('',*,*,#4659,.T.);
#3007=ORIENTED_EDGE('',*,*,#3916,.F.);
#3008=ORIENTED_EDGE('',*,*,#4660,.F.);
#3009=ORIENTED_EDGE('',*,*,#4289,.F.);
#3010=ORIENTED_EDGE('',*,*,#4290,.T.);
#3011=ORIENTED_EDGE('',*,*,#4660,.T.);
#3012=ORIENTED_EDGE('',*,*,#3915,.T.);
#3013=ORIENTED_EDGE('',*,*,#4661,.F.);
#3014=ORIENTED_EDGE('',*,*,#4661,.T.);
#3015=ORIENTED_EDGE('',*,*,#3914,.F.);
#3016=ORIENTED_EDGE('',*,*,#4662,.F.);
#3017=ORIENTED_EDGE('',*,*,#4291,.F.);
#3018=ORIENTED_EDGE('',*,*,#4662,.T.);
#3019=ORIENTED_EDGE('',*,*,#3913,.F.);
#3020=ORIENTED_EDGE('',*,*,#4663,.F.);
#3021=ORIENTED_EDGE('',*,*,#4292,.F.);
#3022=ORIENTED_EDGE('',*,*,#4663,.T.);
#3023=ORIENTED_EDGE('',*,*,#3912,.F.);
#3024=ORIENTED_EDGE('',*,*,#4656,.F.);
#3025=ORIENTED_EDGE('',*,*,#4285,.F.);
#3026=ORIENTED_EDGE('',*,*,#4664,.T.);
#3027=ORIENTED_EDGE('',*,*,#3919,.F.);
#3028=ORIENTED_EDGE('',*,*,#4665,.F.);
#3029=ORIENTED_EDGE('',*,*,#4278,.F.);
#3030=ORIENTED_EDGE('',*,*,#4665,.T.);
#3031=ORIENTED_EDGE('',*,*,#3918,.F.);
#3032=ORIENTED_EDGE('',*,*,#4666,.F.);
#3033=ORIENTED_EDGE('',*,*,#4279,.F.);
#3034=ORIENTED_EDGE('',*,*,#4280,.T.);
#3035=ORIENTED_EDGE('',*,*,#4666,.T.);
#3036=ORIENTED_EDGE('',*,*,#3925,.T.);
#3037=ORIENTED_EDGE('',*,*,#4667,.F.);
#3038=ORIENTED_EDGE('',*,*,#4667,.T.);
#3039=ORIENTED_EDGE('',*,*,#3924,.F.);
#3040=ORIENTED_EDGE('',*,*,#4668,.F.);
#3041=ORIENTED_EDGE('',*,*,#4281,.F.);
#3042=ORIENTED_EDGE('',*,*,#4282,.T.);
#3043=ORIENTED_EDGE('',*,*,#4668,.T.);
#3044=ORIENTED_EDGE('',*,*,#3923,.T.);
#3045=ORIENTED_EDGE('',*,*,#4669,.F.);
#3046=ORIENTED_EDGE('',*,*,#4669,.T.);
#3047=ORIENTED_EDGE('',*,*,#3922,.F.);
#3048=ORIENTED_EDGE('',*,*,#4670,.F.);
#3049=ORIENTED_EDGE('',*,*,#4283,.F.);
#3050=ORIENTED_EDGE('',*,*,#4670,.T.);
#3051=ORIENTED_EDGE('',*,*,#3921,.F.);
#3052=ORIENTED_EDGE('',*,*,#4671,.F.);
#3053=ORIENTED_EDGE('',*,*,#4284,.F.);
#3054=ORIENTED_EDGE('',*,*,#4671,.T.);
#3055=ORIENTED_EDGE('',*,*,#3920,.F.);
#3056=ORIENTED_EDGE('',*,*,#4664,.F.);
#3057=ORIENTED_EDGE('',*,*,#4277,.F.);
#3058=ORIENTED_EDGE('',*,*,#4269,.T.);
#3059=ORIENTED_EDGE('',*,*,#4672,.T.);
#3060=ORIENTED_EDGE('',*,*,#4218,.T.);
#3061=ORIENTED_EDGE('',*,*,#4673,.F.);
#3062=ORIENTED_EDGE('',*,*,#4673,.T.);
#3063=ORIENTED_EDGE('',*,*,#4225,.F.);
#3064=ORIENTED_EDGE('',*,*,#4674,.F.);
#3065=ORIENTED_EDGE('',*,*,#4270,.F.);
#3066=ORIENTED_EDGE('',*,*,#4271,.T.);
#3067=ORIENTED_EDGE('',*,*,#4674,.T.);
#3068=ORIENTED_EDGE('',*,*,#4224,.T.);
#3069=ORIENTED_EDGE('',*,*,#4675,.F.);
#3070=ORIENTED_EDGE('',*,*,#4675,.T.);
#3071=ORIENTED_EDGE('',*,*,#4223,.F.);
#3072=ORIENTED_EDGE('',*,*,#4676,.F.);
#3073=ORIENTED_EDGE('',*,*,#4272,.F.);
#3074=ORIENTED_EDGE('',*,*,#4676,.T.);
#3075=ORIENTED_EDGE('',*,*,#4222,.F.);
#3076=ORIENTED_EDGE('',*,*,#4677,.F.);
#3077=ORIENTED_EDGE('',*,*,#4273,.F.);
#3078=ORIENTED_EDGE('',*,*,#4677,.T.);
#3079=ORIENTED_EDGE('',*,*,#4221,.F.);
#3080=ORIENTED_EDGE('',*,*,#4678,.F.);
#3081=ORIENTED_EDGE('',*,*,#4274,.F.);
#3082=ORIENTED_EDGE('',*,*,#4678,.T.);
#3083=ORIENTED_EDGE('',*,*,#4220,.F.);
#3084=ORIENTED_EDGE('',*,*,#4679,.F.);
#3085=ORIENTED_EDGE('',*,*,#4275,.F.);
#3086=ORIENTED_EDGE('',*,*,#4679,.T.);
#3087=ORIENTED_EDGE('',*,*,#4219,.F.);
#3088=ORIENTED_EDGE('',*,*,#4672,.F.);
#3089=ORIENTED_EDGE('',*,*,#4276,.F.);
#3090=ORIENTED_EDGE('',*,*,#4476,.T.);
#3091=ORIENTED_EDGE('',*,*,#4680,.T.);
#3092=ORIENTED_EDGE('',*,*,#4170,.T.);
#3093=ORIENTED_EDGE('',*,*,#4681,.F.);
#3094=ORIENTED_EDGE('',*,*,#4681,.T.);
#3095=ORIENTED_EDGE('',*,*,#4177,.F.);
#3096=ORIENTED_EDGE('',*,*,#4682,.F.);
#3097=ORIENTED_EDGE('',*,*,#4477,.F.);
#3098=ORIENTED_EDGE('',*,*,#4478,.T.);
#3099=ORIENTED_EDGE('',*,*,#4682,.T.);
#3100=ORIENTED_EDGE('',*,*,#4176,.T.);
#3101=ORIENTED_EDGE('',*,*,#4683,.F.);
#3102=ORIENTED_EDGE('',*,*,#4683,.T.);
#3103=ORIENTED_EDGE('',*,*,#4175,.F.);
#3104=ORIENTED_EDGE('',*,*,#4684,.F.);
#3105=ORIENTED_EDGE('',*,*,#4479,.F.);
#3106=ORIENTED_EDGE('',*,*,#4684,.T.);
#3107=ORIENTED_EDGE('',*,*,#4174,.F.);
#3108=ORIENTED_EDGE('',*,*,#4685,.F.);
#3109=ORIENTED_EDGE('',*,*,#4480,.F.);
#3110=ORIENTED_EDGE('',*,*,#4685,.T.);
#3111=ORIENTED_EDGE('',*,*,#4173,.F.);
#3112=ORIENTED_EDGE('',*,*,#4686,.F.);
#3113=ORIENTED_EDGE('',*,*,#4481,.F.);
#3114=ORIENTED_EDGE('',*,*,#4686,.T.);
#3115=ORIENTED_EDGE('',*,*,#4172,.F.);
#3116=ORIENTED_EDGE('',*,*,#4687,.F.);
#3117=ORIENTED_EDGE('',*,*,#4482,.F.);
#3118=ORIENTED_EDGE('',*,*,#4687,.T.);
#3119=ORIENTED_EDGE('',*,*,#4171,.F.);
#3120=ORIENTED_EDGE('',*,*,#4680,.F.);
#3121=ORIENTED_EDGE('',*,*,#4483,.F.);
#3122=ORIENTED_EDGE('',*,*,#4120,.F.);
#3123=ORIENTED_EDGE('',*,*,#4688,.F.);
#3124=ORIENTED_EDGE('',*,*,#4689,.T.);
#3125=ORIENTED_EDGE('',*,*,#4690,.T.);
#3126=ORIENTED_EDGE('',*,*,#4119,.F.);
#3127=ORIENTED_EDGE('',*,*,#4691,.F.);
#3128=ORIENTED_EDGE('',*,*,#4692,.T.);
#3129=ORIENTED_EDGE('',*,*,#4688,.T.);
#3130=ORIENTED_EDGE('',*,*,#4141,.F.);
#3131=ORIENTED_EDGE('',*,*,#4693,.F.);
#3132=ORIENTED_EDGE('',*,*,#4694,.T.);
#3133=ORIENTED_EDGE('',*,*,#4691,.T.);
#3134=ORIENTED_EDGE('',*,*,#4140,.F.);
#3135=ORIENTED_EDGE('',*,*,#4695,.F.);
#3136=ORIENTED_EDGE('',*,*,#4696,.T.);
#3137=ORIENTED_EDGE('',*,*,#4693,.T.);
#3138=ORIENTED_EDGE('',*,*,#4139,.F.);
#3139=ORIENTED_EDGE('',*,*,#4697,.F.);
#3140=ORIENTED_EDGE('',*,*,#4698,.T.);
#3141=ORIENTED_EDGE('',*,*,#4695,.T.);
#3142=ORIENTED_EDGE('',*,*,#4138,.F.);
#3143=ORIENTED_EDGE('',*,*,#4699,.F.);
#3144=ORIENTED_EDGE('',*,*,#4700,.T.);
#3145=ORIENTED_EDGE('',*,*,#4697,.T.);
#3146=ORIENTED_EDGE('',*,*,#4137,.F.);
#3147=ORIENTED_EDGE('',*,*,#4701,.F.);
#3148=ORIENTED_EDGE('',*,*,#4702,.T.);
#3149=ORIENTED_EDGE('',*,*,#4699,.T.);
#3150=ORIENTED_EDGE('',*,*,#4136,.F.);
#3151=ORIENTED_EDGE('',*,*,#4703,.F.);
#3152=ORIENTED_EDGE('',*,*,#4704,.T.);
#3153=ORIENTED_EDGE('',*,*,#4701,.T.);
#3154=ORIENTED_EDGE('',*,*,#4135,.F.);
#3155=ORIENTED_EDGE('',*,*,#4705,.F.);
#3156=ORIENTED_EDGE('',*,*,#4706,.T.);
#3157=ORIENTED_EDGE('',*,*,#4703,.T.);
#3158=ORIENTED_EDGE('',*,*,#4134,.F.);
#3159=ORIENTED_EDGE('',*,*,#4707,.F.);
#3160=ORIENTED_EDGE('',*,*,#4708,.T.);
#3161=ORIENTED_EDGE('',*,*,#4705,.T.);
#3162=ORIENTED_EDGE('',*,*,#4133,.F.);
#3163=ORIENTED_EDGE('',*,*,#4709,.F.);
#3164=ORIENTED_EDGE('',*,*,#4710,.T.);
#3165=ORIENTED_EDGE('',*,*,#4707,.T.);
#3166=ORIENTED_EDGE('',*,*,#4132,.F.);
#3167=ORIENTED_EDGE('',*,*,#4711,.F.);
#3168=ORIENTED_EDGE('',*,*,#4712,.T.);
#3169=ORIENTED_EDGE('',*,*,#4709,.T.);
#3170=ORIENTED_EDGE('',*,*,#4131,.F.);
#3171=ORIENTED_EDGE('',*,*,#4713,.F.);
#3172=ORIENTED_EDGE('',*,*,#4714,.T.);
#3173=ORIENTED_EDGE('',*,*,#4711,.T.);
#3174=ORIENTED_EDGE('',*,*,#4130,.F.);
#3175=ORIENTED_EDGE('',*,*,#4715,.F.);
#3176=ORIENTED_EDGE('',*,*,#4716,.T.);
#3177=ORIENTED_EDGE('',*,*,#4713,.T.);
#3178=ORIENTED_EDGE('',*,*,#4129,.F.);
#3179=ORIENTED_EDGE('',*,*,#4717,.F.);
#3180=ORIENTED_EDGE('',*,*,#4718,.T.);
#3181=ORIENTED_EDGE('',*,*,#4715,.T.);
#3182=ORIENTED_EDGE('',*,*,#4128,.F.);
#3183=ORIENTED_EDGE('',*,*,#4719,.F.);
#3184=ORIENTED_EDGE('',*,*,#4720,.T.);
#3185=ORIENTED_EDGE('',*,*,#4717,.T.);
#3186=ORIENTED_EDGE('',*,*,#4127,.F.);
#3187=ORIENTED_EDGE('',*,*,#4721,.F.);
#3188=ORIENTED_EDGE('',*,*,#4722,.T.);
#3189=ORIENTED_EDGE('',*,*,#4719,.T.);
#3190=ORIENTED_EDGE('',*,*,#4126,.F.);
#3191=ORIENTED_EDGE('',*,*,#4723,.F.);
#3192=ORIENTED_EDGE('',*,*,#4724,.T.);
#3193=ORIENTED_EDGE('',*,*,#4721,.T.);
#3194=ORIENTED_EDGE('',*,*,#4125,.F.);
#3195=ORIENTED_EDGE('',*,*,#4725,.F.);
#3196=ORIENTED_EDGE('',*,*,#4726,.T.);
#3197=ORIENTED_EDGE('',*,*,#4723,.T.);
#3198=ORIENTED_EDGE('',*,*,#4124,.F.);
#3199=ORIENTED_EDGE('',*,*,#4727,.F.);
#3200=ORIENTED_EDGE('',*,*,#4728,.T.);
#3201=ORIENTED_EDGE('',*,*,#4725,.T.);
#3202=ORIENTED_EDGE('',*,*,#4123,.F.);
#3203=ORIENTED_EDGE('',*,*,#4729,.F.);
#3204=ORIENTED_EDGE('',*,*,#4730,.T.);
#3205=ORIENTED_EDGE('',*,*,#4727,.T.);
#3206=ORIENTED_EDGE('',*,*,#4122,.F.);
#3207=ORIENTED_EDGE('',*,*,#4731,.F.);
#3208=ORIENTED_EDGE('',*,*,#4732,.T.);
#3209=ORIENTED_EDGE('',*,*,#4729,.T.);
#3210=ORIENTED_EDGE('',*,*,#4121,.F.);
#3211=ORIENTED_EDGE('',*,*,#4690,.F.);
#3212=ORIENTED_EDGE('',*,*,#4733,.T.);
#3213=ORIENTED_EDGE('',*,*,#4731,.T.);
#3214=ORIENTED_EDGE('',*,*,#4689,.F.);
#3215=ORIENTED_EDGE('',*,*,#4692,.F.);
#3216=ORIENTED_EDGE('',*,*,#4694,.F.);
#3217=ORIENTED_EDGE('',*,*,#4696,.F.);
#3218=ORIENTED_EDGE('',*,*,#4698,.F.);
#3219=ORIENTED_EDGE('',*,*,#4700,.F.);
#3220=ORIENTED_EDGE('',*,*,#4702,.F.);
#3221=ORIENTED_EDGE('',*,*,#4704,.F.);
#3222=ORIENTED_EDGE('',*,*,#4706,.F.);
#3223=ORIENTED_EDGE('',*,*,#4708,.F.);
#3224=ORIENTED_EDGE('',*,*,#4710,.F.);
#3225=ORIENTED_EDGE('',*,*,#4712,.F.);
#3226=ORIENTED_EDGE('',*,*,#4714,.F.);
#3227=ORIENTED_EDGE('',*,*,#4716,.F.);
#3228=ORIENTED_EDGE('',*,*,#4718,.F.);
#3229=ORIENTED_EDGE('',*,*,#4720,.F.);
#3230=ORIENTED_EDGE('',*,*,#4722,.F.);
#3231=ORIENTED_EDGE('',*,*,#4724,.F.);
#3232=ORIENTED_EDGE('',*,*,#4726,.F.);
#3233=ORIENTED_EDGE('',*,*,#4728,.F.);
#3234=ORIENTED_EDGE('',*,*,#4730,.F.);
#3235=ORIENTED_EDGE('',*,*,#4732,.F.);
#3236=ORIENTED_EDGE('',*,*,#4733,.F.);
#3237=ORIENTED_EDGE('',*,*,#4101,.F.);
#3238=ORIENTED_EDGE('',*,*,#4734,.F.);
#3239=ORIENTED_EDGE('',*,*,#4735,.T.);
#3240=ORIENTED_EDGE('',*,*,#4736,.T.);
#3241=ORIENTED_EDGE('',*,*,#4100,.F.);
#3242=ORIENTED_EDGE('',*,*,#4737,.F.);
#3243=ORIENTED_EDGE('',*,*,#4738,.T.);
#3244=ORIENTED_EDGE('',*,*,#4734,.T.);
#3245=ORIENTED_EDGE('',*,*,#4118,.F.);
#3246=ORIENTED_EDGE('',*,*,#4739,.F.);
#3247=ORIENTED_EDGE('',*,*,#4740,.T.);
#3248=ORIENTED_EDGE('',*,*,#4737,.T.);
#3249=ORIENTED_EDGE('',*,*,#4117,.F.);
#3250=ORIENTED_EDGE('',*,*,#4741,.F.);
#3251=ORIENTED_EDGE('',*,*,#4742,.T.);
#3252=ORIENTED_EDGE('',*,*,#4739,.T.);
#3253=ORIENTED_EDGE('',*,*,#4116,.F.);
#3254=ORIENTED_EDGE('',*,*,#4743,.F.);
#3255=ORIENTED_EDGE('',*,*,#4744,.T.);
#3256=ORIENTED_EDGE('',*,*,#4741,.T.);
#3257=ORIENTED_EDGE('',*,*,#4115,.F.);
#3258=ORIENTED_EDGE('',*,*,#4745,.F.);
#3259=ORIENTED_EDGE('',*,*,#4746,.T.);
#3260=ORIENTED_EDGE('',*,*,#4743,.T.);
#3261=ORIENTED_EDGE('',*,*,#4114,.F.);
#3262=ORIENTED_EDGE('',*,*,#4747,.F.);
#3263=ORIENTED_EDGE('',*,*,#4748,.T.);
#3264=ORIENTED_EDGE('',*,*,#4745,.T.);
#3265=ORIENTED_EDGE('',*,*,#4113,.F.);
#3266=ORIENTED_EDGE('',*,*,#4749,.F.);
#3267=ORIENTED_EDGE('',*,*,#4750,.T.);
#3268=ORIENTED_EDGE('',*,*,#4747,.T.);
#3269=ORIENTED_EDGE('',*,*,#4112,.F.);
#3270=ORIENTED_EDGE('',*,*,#4751,.F.);
#3271=ORIENTED_EDGE('',*,*,#4752,.T.);
#3272=ORIENTED_EDGE('',*,*,#4749,.T.);
#3273=ORIENTED_EDGE('',*,*,#4111,.F.);
#3274=ORIENTED_EDGE('',*,*,#4753,.F.);
#3275=ORIENTED_EDGE('',*,*,#4754,.T.);
#3276=ORIENTED_EDGE('',*,*,#4751,.T.);
#3277=ORIENTED_EDGE('',*,*,#4110,.F.);
#3278=ORIENTED_EDGE('',*,*,#4755,.F.);
#3279=ORIENTED_EDGE('',*,*,#4756,.T.);
#3280=ORIENTED_EDGE('',*,*,#4753,.T.);
#3281=ORIENTED_EDGE('',*,*,#4109,.F.);
#3282=ORIENTED_EDGE('',*,*,#4757,.F.);
#3283=ORIENTED_EDGE('',*,*,#4758,.T.);
#3284=ORIENTED_EDGE('',*,*,#4755,.T.);
#3285=ORIENTED_EDGE('',*,*,#4108,.F.);
#3286=ORIENTED_EDGE('',*,*,#4759,.F.);
#3287=ORIENTED_EDGE('',*,*,#4760,.T.);
#3288=ORIENTED_EDGE('',*,*,#4757,.T.);
#3289=ORIENTED_EDGE('',*,*,#4107,.F.);
#3290=ORIENTED_EDGE('',*,*,#4761,.F.);
#3291=ORIENTED_EDGE('',*,*,#4762,.T.);
#3292=ORIENTED_EDGE('',*,*,#4759,.T.);
#3293=ORIENTED_EDGE('',*,*,#4106,.F.);
#3294=ORIENTED_EDGE('',*,*,#4763,.F.);
#3295=ORIENTED_EDGE('',*,*,#4764,.T.);
#3296=ORIENTED_EDGE('',*,*,#4761,.T.);
#3297=ORIENTED_EDGE('',*,*,#4105,.F.);
#3298=ORIENTED_EDGE('',*,*,#4765,.F.);
#3299=ORIENTED_EDGE('',*,*,#4766,.T.);
#3300=ORIENTED_EDGE('',*,*,#4763,.T.);
#3301=ORIENTED_EDGE('',*,*,#4104,.F.);
#3302=ORIENTED_EDGE('',*,*,#4767,.F.);
#3303=ORIENTED_EDGE('',*,*,#4768,.T.);
#3304=ORIENTED_EDGE('',*,*,#4765,.T.);
#3305=ORIENTED_EDGE('',*,*,#4103,.F.);
#3306=ORIENTED_EDGE('',*,*,#4769,.F.);
#3307=ORIENTED_EDGE('',*,*,#4770,.T.);
#3308=ORIENTED_EDGE('',*,*,#4767,.T.);
#3309=ORIENTED_EDGE('',*,*,#4102,.F.);
#3310=ORIENTED_EDGE('',*,*,#4736,.F.);
#3311=ORIENTED_EDGE('',*,*,#4771,.T.);
#3312=ORIENTED_EDGE('',*,*,#4769,.T.);
#3313=ORIENTED_EDGE('',*,*,#4735,.F.);
#3314=ORIENTED_EDGE('',*,*,#4738,.F.);
#3315=ORIENTED_EDGE('',*,*,#4740,.F.);
#3316=ORIENTED_EDGE('',*,*,#4742,.F.);
#3317=ORIENTED_EDGE('',*,*,#4744,.F.);
#3318=ORIENTED_EDGE('',*,*,#4746,.F.);
#3319=ORIENTED_EDGE('',*,*,#4748,.F.);
#3320=ORIENTED_EDGE('',*,*,#4750,.F.);
#3321=ORIENTED_EDGE('',*,*,#4752,.F.);
#3322=ORIENTED_EDGE('',*,*,#4754,.F.);
#3323=ORIENTED_EDGE('',*,*,#4756,.F.);
#3324=ORIENTED_EDGE('',*,*,#4758,.F.);
#3325=ORIENTED_EDGE('',*,*,#4760,.F.);
#3326=ORIENTED_EDGE('',*,*,#4762,.F.);
#3327=ORIENTED_EDGE('',*,*,#4764,.F.);
#3328=ORIENTED_EDGE('',*,*,#4766,.F.);
#3329=ORIENTED_EDGE('',*,*,#4768,.F.);
#3330=ORIENTED_EDGE('',*,*,#4770,.F.);
#3331=ORIENTED_EDGE('',*,*,#4771,.F.);
#3332=ORIENTED_EDGE('',*,*,#4081,.F.);
#3333=ORIENTED_EDGE('',*,*,#4772,.F.);
#3334=ORIENTED_EDGE('',*,*,#4773,.T.);
#3335=ORIENTED_EDGE('',*,*,#4774,.T.);
#3336=ORIENTED_EDGE('',*,*,#4080,.F.);
#3337=ORIENTED_EDGE('',*,*,#4775,.F.);
#3338=ORIENTED_EDGE('',*,*,#4776,.T.);
#3339=ORIENTED_EDGE('',*,*,#4772,.T.);
#3340=ORIENTED_EDGE('',*,*,#4099,.F.);
#3341=ORIENTED_EDGE('',*,*,#4777,.F.);
#3342=ORIENTED_EDGE('',*,*,#4778,.T.);
#3343=ORIENTED_EDGE('',*,*,#4775,.T.);
#3344=ORIENTED_EDGE('',*,*,#4098,.F.);
#3345=ORIENTED_EDGE('',*,*,#4779,.F.);
#3346=ORIENTED_EDGE('',*,*,#4780,.T.);
#3347=ORIENTED_EDGE('',*,*,#4777,.T.);
#3348=ORIENTED_EDGE('',*,*,#4097,.F.);
#3349=ORIENTED_EDGE('',*,*,#4781,.F.);
#3350=ORIENTED_EDGE('',*,*,#4782,.T.);
#3351=ORIENTED_EDGE('',*,*,#4779,.T.);
#3352=ORIENTED_EDGE('',*,*,#4096,.F.);
#3353=ORIENTED_EDGE('',*,*,#4783,.F.);
#3354=ORIENTED_EDGE('',*,*,#4784,.T.);
#3355=ORIENTED_EDGE('',*,*,#4781,.T.);
#3356=ORIENTED_EDGE('',*,*,#4095,.F.);
#3357=ORIENTED_EDGE('',*,*,#4785,.F.);
#3358=ORIENTED_EDGE('',*,*,#4786,.T.);
#3359=ORIENTED_EDGE('',*,*,#4783,.T.);
#3360=ORIENTED_EDGE('',*,*,#4094,.F.);
#3361=ORIENTED_EDGE('',*,*,#4787,.F.);
#3362=ORIENTED_EDGE('',*,*,#4788,.T.);
#3363=ORIENTED_EDGE('',*,*,#4785,.T.);
#3364=ORIENTED_EDGE('',*,*,#4093,.F.);
#3365=ORIENTED_EDGE('',*,*,#4789,.F.);
#3366=ORIENTED_EDGE('',*,*,#4790,.T.);
#3367=ORIENTED_EDGE('',*,*,#4787,.T.);
#3368=ORIENTED_EDGE('',*,*,#4092,.F.);
#3369=ORIENTED_EDGE('',*,*,#4791,.F.);
#3370=ORIENTED_EDGE('',*,*,#4792,.T.);
#3371=ORIENTED_EDGE('',*,*,#4789,.T.);
#3372=ORIENTED_EDGE('',*,*,#4091,.F.);
#3373=ORIENTED_EDGE('',*,*,#4793,.F.);
#3374=ORIENTED_EDGE('',*,*,#4794,.T.);
#3375=ORIENTED_EDGE('',*,*,#4791,.T.);
#3376=ORIENTED_EDGE('',*,*,#4090,.F.);
#3377=ORIENTED_EDGE('',*,*,#4795,.F.);
#3378=ORIENTED_EDGE('',*,*,#4796,.T.);
#3379=ORIENTED_EDGE('',*,*,#4793,.T.);
#3380=ORIENTED_EDGE('',*,*,#4089,.F.);
#3381=ORIENTED_EDGE('',*,*,#4797,.F.);
#3382=ORIENTED_EDGE('',*,*,#4798,.T.);
#3383=ORIENTED_EDGE('',*,*,#4795,.T.);
#3384=ORIENTED_EDGE('',*,*,#4088,.F.);
#3385=ORIENTED_EDGE('',*,*,#4799,.F.);
#3386=ORIENTED_EDGE('',*,*,#4800,.T.);
#3387=ORIENTED_EDGE('',*,*,#4797,.T.);
#3388=ORIENTED_EDGE('',*,*,#4087,.F.);
#3389=ORIENTED_EDGE('',*,*,#4801,.F.);
#3390=ORIENTED_EDGE('',*,*,#4802,.T.);
#3391=ORIENTED_EDGE('',*,*,#4799,.T.);
#3392=ORIENTED_EDGE('',*,*,#4086,.F.);
#3393=ORIENTED_EDGE('',*,*,#4803,.F.);
#3394=ORIENTED_EDGE('',*,*,#4804,.T.);
#3395=ORIENTED_EDGE('',*,*,#4801,.T.);
#3396=ORIENTED_EDGE('',*,*,#4085,.F.);
#3397=ORIENTED_EDGE('',*,*,#4805,.F.);
#3398=ORIENTED_EDGE('',*,*,#4806,.T.);
#3399=ORIENTED_EDGE('',*,*,#4803,.T.);
#3400=ORIENTED_EDGE('',*,*,#4084,.F.);
#3401=ORIENTED_EDGE('',*,*,#4807,.F.);
#3402=ORIENTED_EDGE('',*,*,#4808,.T.);
#3403=ORIENTED_EDGE('',*,*,#4805,.T.);
#3404=ORIENTED_EDGE('',*,*,#4083,.F.);
#3405=ORIENTED_EDGE('',*,*,#4809,.F.);
#3406=ORIENTED_EDGE('',*,*,#4810,.T.);
#3407=ORIENTED_EDGE('',*,*,#4807,.T.);
#3408=ORIENTED_EDGE('',*,*,#4811,.F.);
#3409=ORIENTED_EDGE('',*,*,#4812,.F.);
#3410=ORIENTED_EDGE('',*,*,#4813,.T.);
#3411=ORIENTED_EDGE('',*,*,#4814,.T.);
#3412=ORIENTED_EDGE('',*,*,#4815,.F.);
#3413=ORIENTED_EDGE('',*,*,#4816,.F.);
#3414=ORIENTED_EDGE('',*,*,#4817,.T.);
#3415=ORIENTED_EDGE('',*,*,#4812,.T.);
#3416=ORIENTED_EDGE('',*,*,#4818,.F.);
#3417=ORIENTED_EDGE('',*,*,#4819,.F.);
#3418=ORIENTED_EDGE('',*,*,#4820,.T.);
#3419=ORIENTED_EDGE('',*,*,#4816,.T.);
#3420=ORIENTED_EDGE('',*,*,#4821,.F.);
#3421=ORIENTED_EDGE('',*,*,#4822,.F.);
#3422=ORIENTED_EDGE('',*,*,#4823,.T.);
#3423=ORIENTED_EDGE('',*,*,#4819,.T.);
#3424=ORIENTED_EDGE('',*,*,#4824,.F.);
#3425=ORIENTED_EDGE('',*,*,#4825,.F.);
#3426=ORIENTED_EDGE('',*,*,#4826,.T.);
#3427=ORIENTED_EDGE('',*,*,#4822,.T.);
#3428=ORIENTED_EDGE('',*,*,#4827,.F.);
#3429=ORIENTED_EDGE('',*,*,#4814,.F.);
#3430=ORIENTED_EDGE('',*,*,#4828,.T.);
#3431=ORIENTED_EDGE('',*,*,#4825,.T.);
#3432=ORIENTED_EDGE('',*,*,#4082,.F.);
#3433=ORIENTED_EDGE('',*,*,#4774,.F.);
#3434=ORIENTED_EDGE('',*,*,#4829,.T.);
#3435=ORIENTED_EDGE('',*,*,#4809,.T.);
#3436=ORIENTED_EDGE('',*,*,#4813,.F.);
#3437=ORIENTED_EDGE('',*,*,#4817,.F.);
#3438=ORIENTED_EDGE('',*,*,#4820,.F.);
#3439=ORIENTED_EDGE('',*,*,#4823,.F.);
#3440=ORIENTED_EDGE('',*,*,#4826,.F.);
#3441=ORIENTED_EDGE('',*,*,#4828,.F.);
#3442=ORIENTED_EDGE('',*,*,#4773,.F.);
#3443=ORIENTED_EDGE('',*,*,#4776,.F.);
#3444=ORIENTED_EDGE('',*,*,#4778,.F.);
#3445=ORIENTED_EDGE('',*,*,#4780,.F.);
#3446=ORIENTED_EDGE('',*,*,#4782,.F.);
#3447=ORIENTED_EDGE('',*,*,#4784,.F.);
#3448=ORIENTED_EDGE('',*,*,#4786,.F.);
#3449=ORIENTED_EDGE('',*,*,#4788,.F.);
#3450=ORIENTED_EDGE('',*,*,#4790,.F.);
#3451=ORIENTED_EDGE('',*,*,#4792,.F.);
#3452=ORIENTED_EDGE('',*,*,#4794,.F.);
#3453=ORIENTED_EDGE('',*,*,#4796,.F.);
#3454=ORIENTED_EDGE('',*,*,#4798,.F.);
#3455=ORIENTED_EDGE('',*,*,#4800,.F.);
#3456=ORIENTED_EDGE('',*,*,#4802,.F.);
#3457=ORIENTED_EDGE('',*,*,#4804,.F.);
#3458=ORIENTED_EDGE('',*,*,#4806,.F.);
#3459=ORIENTED_EDGE('',*,*,#4808,.F.);
#3460=ORIENTED_EDGE('',*,*,#4810,.F.);
#3461=ORIENTED_EDGE('',*,*,#4829,.F.);
#3462=ORIENTED_EDGE('',*,*,#4815,.T.);
#3463=ORIENTED_EDGE('',*,*,#4811,.T.);
#3464=ORIENTED_EDGE('',*,*,#4827,.T.);
#3465=ORIENTED_EDGE('',*,*,#4824,.T.);
#3466=ORIENTED_EDGE('',*,*,#4821,.T.);
#3467=ORIENTED_EDGE('',*,*,#4818,.T.);
#3468=ORIENTED_EDGE('',*,*,#4064,.F.);
#3469=ORIENTED_EDGE('',*,*,#4830,.F.);
#3470=ORIENTED_EDGE('',*,*,#4831,.T.);
#3471=ORIENTED_EDGE('',*,*,#4832,.T.);
#3472=ORIENTED_EDGE('',*,*,#4063,.F.);
#3473=ORIENTED_EDGE('',*,*,#4833,.F.);
#3474=ORIENTED_EDGE('',*,*,#4834,.T.);
#3475=ORIENTED_EDGE('',*,*,#4830,.T.);
#3476=ORIENTED_EDGE('',*,*,#4079,.F.);
#3477=ORIENTED_EDGE('',*,*,#4835,.F.);
#3478=ORIENTED_EDGE('',*,*,#4836,.T.);
#3479=ORIENTED_EDGE('',*,*,#4833,.T.);
#3480=ORIENTED_EDGE('',*,*,#4078,.F.);
#3481=ORIENTED_EDGE('',*,*,#4837,.F.);
#3482=ORIENTED_EDGE('',*,*,#4838,.T.);
#3483=ORIENTED_EDGE('',*,*,#4835,.T.);
#3484=ORIENTED_EDGE('',*,*,#4077,.F.);
#3485=ORIENTED_EDGE('',*,*,#4839,.F.);
#3486=ORIENTED_EDGE('',*,*,#4840,.T.);
#3487=ORIENTED_EDGE('',*,*,#4837,.T.);
#3488=ORIENTED_EDGE('',*,*,#4076,.F.);
#3489=ORIENTED_EDGE('',*,*,#4841,.F.);
#3490=ORIENTED_EDGE('',*,*,#4842,.T.);
#3491=ORIENTED_EDGE('',*,*,#4839,.T.);
#3492=ORIENTED_EDGE('',*,*,#4075,.F.);
#3493=ORIENTED_EDGE('',*,*,#4843,.F.);
#3494=ORIENTED_EDGE('',*,*,#4844,.T.);
#3495=ORIENTED_EDGE('',*,*,#4841,.T.);
#3496=ORIENTED_EDGE('',*,*,#4074,.F.);
#3497=ORIENTED_EDGE('',*,*,#4845,.F.);
#3498=ORIENTED_EDGE('',*,*,#4846,.T.);
#3499=ORIENTED_EDGE('',*,*,#4843,.T.);
#3500=ORIENTED_EDGE('',*,*,#4073,.F.);
#3501=ORIENTED_EDGE('',*,*,#4847,.F.);
#3502=ORIENTED_EDGE('',*,*,#4848,.T.);
#3503=ORIENTED_EDGE('',*,*,#4845,.T.);
#3504=ORIENTED_EDGE('',*,*,#4072,.F.);
#3505=ORIENTED_EDGE('',*,*,#4849,.F.);
#3506=ORIENTED_EDGE('',*,*,#4850,.T.);
#3507=ORIENTED_EDGE('',*,*,#4847,.T.);
#3508=ORIENTED_EDGE('',*,*,#4071,.F.);
#3509=ORIENTED_EDGE('',*,*,#4851,.F.);
#3510=ORIENTED_EDGE('',*,*,#4852,.T.);
#3511=ORIENTED_EDGE('',*,*,#4849,.T.);
#3512=ORIENTED_EDGE('',*,*,#4070,.F.);
#3513=ORIENTED_EDGE('',*,*,#4853,.F.);
#3514=ORIENTED_EDGE('',*,*,#4854,.T.);
#3515=ORIENTED_EDGE('',*,*,#4851,.T.);
#3516=ORIENTED_EDGE('',*,*,#4069,.F.);
#3517=ORIENTED_EDGE('',*,*,#4855,.F.);
#3518=ORIENTED_EDGE('',*,*,#4856,.T.);
#3519=ORIENTED_EDGE('',*,*,#4853,.T.);
#3520=ORIENTED_EDGE('',*,*,#4068,.F.);
#3521=ORIENTED_EDGE('',*,*,#4857,.F.);
#3522=ORIENTED_EDGE('',*,*,#4858,.T.);
#3523=ORIENTED_EDGE('',*,*,#4855,.T.);
#3524=ORIENTED_EDGE('',*,*,#4067,.F.);
#3525=ORIENTED_EDGE('',*,*,#4859,.F.);
#3526=ORIENTED_EDGE('',*,*,#4860,.T.);
#3527=ORIENTED_EDGE('',*,*,#4857,.T.);
#3528=ORIENTED_EDGE('',*,*,#4066,.F.);
#3529=ORIENTED_EDGE('',*,*,#4861,.F.);
#3530=ORIENTED_EDGE('',*,*,#4862,.T.);
#3531=ORIENTED_EDGE('',*,*,#4859,.T.);
#3532=ORIENTED_EDGE('',*,*,#4065,.F.);
#3533=ORIENTED_EDGE('',*,*,#4832,.F.);
#3534=ORIENTED_EDGE('',*,*,#4863,.T.);
#3535=ORIENTED_EDGE('',*,*,#4861,.T.);
#3536=ORIENTED_EDGE('',*,*,#4831,.F.);
#3537=ORIENTED_EDGE('',*,*,#4834,.F.);
#3538=ORIENTED_EDGE('',*,*,#4836,.F.);
#3539=ORIENTED_EDGE('',*,*,#4838,.F.);
#3540=ORIENTED_EDGE('',*,*,#4840,.F.);
#3541=ORIENTED_EDGE('',*,*,#4842,.F.);
#3542=ORIENTED_EDGE('',*,*,#4844,.F.);
#3543=ORIENTED_EDGE('',*,*,#4846,.F.);
#3544=ORIENTED_EDGE('',*,*,#4848,.F.);
#3545=ORIENTED_EDGE('',*,*,#4850,.F.);
#3546=ORIENTED_EDGE('',*,*,#4852,.F.);
#3547=ORIENTED_EDGE('',*,*,#4854,.F.);
#3548=ORIENTED_EDGE('',*,*,#4856,.F.);
#3549=ORIENTED_EDGE('',*,*,#4858,.F.);
#3550=ORIENTED_EDGE('',*,*,#4860,.F.);
#3551=ORIENTED_EDGE('',*,*,#4862,.F.);
#3552=ORIENTED_EDGE('',*,*,#4863,.F.);
#3553=ORIENTED_EDGE('',*,*,#4039,.F.);
#3554=ORIENTED_EDGE('',*,*,#4864,.F.);
#3555=ORIENTED_EDGE('',*,*,#4865,.T.);
#3556=ORIENTED_EDGE('',*,*,#4866,.T.);
#3557=ORIENTED_EDGE('',*,*,#4038,.F.);
#3558=ORIENTED_EDGE('',*,*,#4867,.F.);
#3559=ORIENTED_EDGE('',*,*,#4868,.T.);
#3560=ORIENTED_EDGE('',*,*,#4864,.T.);
#3561=ORIENTED_EDGE('',*,*,#4062,.F.);
#3562=ORIENTED_EDGE('',*,*,#4869,.F.);
#3563=ORIENTED_EDGE('',*,*,#4870,.T.);
#3564=ORIENTED_EDGE('',*,*,#4867,.T.);
#3565=ORIENTED_EDGE('',*,*,#4061,.F.);
#3566=ORIENTED_EDGE('',*,*,#4871,.F.);
#3567=ORIENTED_EDGE('',*,*,#4872,.T.);
#3568=ORIENTED_EDGE('',*,*,#4869,.T.);
#3569=ORIENTED_EDGE('',*,*,#4060,.F.);
#3570=ORIENTED_EDGE('',*,*,#4873,.F.);
#3571=ORIENTED_EDGE('',*,*,#4874,.T.);
#3572=ORIENTED_EDGE('',*,*,#4871,.T.);
#3573=ORIENTED_EDGE('',*,*,#4059,.F.);
#3574=ORIENTED_EDGE('',*,*,#4875,.F.);
#3575=ORIENTED_EDGE('',*,*,#4876,.T.);
#3576=ORIENTED_EDGE('',*,*,#4873,.T.);
#3577=ORIENTED_EDGE('',*,*,#4058,.F.);
#3578=ORIENTED_EDGE('',*,*,#4877,.F.);
#3579=ORIENTED_EDGE('',*,*,#4878,.T.);
#3580=ORIENTED_EDGE('',*,*,#4875,.T.);
#3581=ORIENTED_EDGE('',*,*,#4057,.F.);
#3582=ORIENTED_EDGE('',*,*,#4879,.F.);
#3583=ORIENTED_EDGE('',*,*,#4880,.T.);
#3584=ORIENTED_EDGE('',*,*,#4877,.T.);
#3585=ORIENTED_EDGE('',*,*,#4056,.F.);
#3586=ORIENTED_EDGE('',*,*,#4881,.F.);
#3587=ORIENTED_EDGE('',*,*,#4882,.T.);
#3588=ORIENTED_EDGE('',*,*,#4879,.T.);
#3589=ORIENTED_EDGE('',*,*,#4055,.F.);
#3590=ORIENTED_EDGE('',*,*,#4883,.F.);
#3591=ORIENTED_EDGE('',*,*,#4884,.T.);
#3592=ORIENTED_EDGE('',*,*,#4881,.T.);
#3593=ORIENTED_EDGE('',*,*,#4054,.F.);
#3594=ORIENTED_EDGE('',*,*,#4885,.F.);
#3595=ORIENTED_EDGE('',*,*,#4886,.T.);
#3596=ORIENTED_EDGE('',*,*,#4883,.T.);
#3597=ORIENTED_EDGE('',*,*,#4053,.F.);
#3598=ORIENTED_EDGE('',*,*,#4887,.F.);
#3599=ORIENTED_EDGE('',*,*,#4888,.T.);
#3600=ORIENTED_EDGE('',*,*,#4885,.T.);
#3601=ORIENTED_EDGE('',*,*,#4052,.F.);
#3602=ORIENTED_EDGE('',*,*,#4889,.F.);
#3603=ORIENTED_EDGE('',*,*,#4890,.T.);
#3604=ORIENTED_EDGE('',*,*,#4887,.T.);
#3605=ORIENTED_EDGE('',*,*,#4051,.F.);
#3606=ORIENTED_EDGE('',*,*,#4891,.F.);
#3607=ORIENTED_EDGE('',*,*,#4892,.T.);
#3608=ORIENTED_EDGE('',*,*,#4889,.T.);
#3609=ORIENTED_EDGE('',*,*,#4050,.F.);
#3610=ORIENTED_EDGE('',*,*,#4893,.F.);
#3611=ORIENTED_EDGE('',*,*,#4894,.T.);
#3612=ORIENTED_EDGE('',*,*,#4891,.T.);
#3613=ORIENTED_EDGE('',*,*,#4049,.F.);
#3614=ORIENTED_EDGE('',*,*,#4895,.F.);
#3615=ORIENTED_EDGE('',*,*,#4896,.T.);
#3616=ORIENTED_EDGE('',*,*,#4893,.T.);
#3617=ORIENTED_EDGE('',*,*,#4048,.F.);
#3618=ORIENTED_EDGE('',*,*,#4897,.F.);
#3619=ORIENTED_EDGE('',*,*,#4898,.T.);
#3620=ORIENTED_EDGE('',*,*,#4895,.T.);
#3621=ORIENTED_EDGE('',*,*,#4047,.F.);
#3622=ORIENTED_EDGE('',*,*,#4899,.F.);
#3623=ORIENTED_EDGE('',*,*,#4900,.T.);
#3624=ORIENTED_EDGE('',*,*,#4897,.T.);
#3625=ORIENTED_EDGE('',*,*,#4046,.F.);
#3626=ORIENTED_EDGE('',*,*,#4901,.F.);
#3627=ORIENTED_EDGE('',*,*,#4902,.T.);
#3628=ORIENTED_EDGE('',*,*,#4899,.T.);
#3629=ORIENTED_EDGE('',*,*,#4045,.F.);
#3630=ORIENTED_EDGE('',*,*,#4903,.F.);
#3631=ORIENTED_EDGE('',*,*,#4904,.T.);
#3632=ORIENTED_EDGE('',*,*,#4901,.T.);
#3633=ORIENTED_EDGE('',*,*,#4044,.F.);
#3634=ORIENTED_EDGE('',*,*,#4905,.F.);
#3635=ORIENTED_EDGE('',*,*,#4906,.T.);
#3636=ORIENTED_EDGE('',*,*,#4903,.T.);
#3637=ORIENTED_EDGE('',*,*,#4043,.F.);
#3638=ORIENTED_EDGE('',*,*,#4907,.F.);
#3639=ORIENTED_EDGE('',*,*,#4908,.T.);
#3640=ORIENTED_EDGE('',*,*,#4905,.T.);
#3641=ORIENTED_EDGE('',*,*,#4042,.F.);
#3642=ORIENTED_EDGE('',*,*,#4909,.F.);
#3643=ORIENTED_EDGE('',*,*,#4910,.T.);
#3644=ORIENTED_EDGE('',*,*,#4907,.T.);
#3645=ORIENTED_EDGE('',*,*,#4041,.F.);
#3646=ORIENTED_EDGE('',*,*,#4911,.F.);
#3647=ORIENTED_EDGE('',*,*,#4912,.T.);
#3648=ORIENTED_EDGE('',*,*,#4909,.T.);
#3649=ORIENTED_EDGE('',*,*,#4040,.F.);
#3650=ORIENTED_EDGE('',*,*,#4866,.F.);
#3651=ORIENTED_EDGE('',*,*,#4913,.T.);
#3652=ORIENTED_EDGE('',*,*,#4911,.T.);
#3653=ORIENTED_EDGE('',*,*,#4865,.F.);
#3654=ORIENTED_EDGE('',*,*,#4868,.F.);
#3655=ORIENTED_EDGE('',*,*,#4870,.F.);
#3656=ORIENTED_EDGE('',*,*,#4872,.F.);
#3657=ORIENTED_EDGE('',*,*,#4874,.F.);
#3658=ORIENTED_EDGE('',*,*,#4876,.F.);
#3659=ORIENTED_EDGE('',*,*,#4878,.F.);
#3660=ORIENTED_EDGE('',*,*,#4880,.F.);
#3661=ORIENTED_EDGE('',*,*,#4882,.F.);
#3662=ORIENTED_EDGE('',*,*,#4884,.F.);
#3663=ORIENTED_EDGE('',*,*,#4886,.F.);
#3664=ORIENTED_EDGE('',*,*,#4888,.F.);
#3665=ORIENTED_EDGE('',*,*,#4890,.F.);
#3666=ORIENTED_EDGE('',*,*,#4892,.F.);
#3667=ORIENTED_EDGE('',*,*,#4894,.F.);
#3668=ORIENTED_EDGE('',*,*,#4896,.F.);
#3669=ORIENTED_EDGE('',*,*,#4898,.F.);
#3670=ORIENTED_EDGE('',*,*,#4900,.F.);
#3671=ORIENTED_EDGE('',*,*,#4902,.F.);
#3672=ORIENTED_EDGE('',*,*,#4904,.F.);
#3673=ORIENTED_EDGE('',*,*,#4906,.F.);
#3674=ORIENTED_EDGE('',*,*,#4908,.F.);
#3675=ORIENTED_EDGE('',*,*,#4910,.F.);
#3676=ORIENTED_EDGE('',*,*,#4912,.F.);
#3677=ORIENTED_EDGE('',*,*,#4913,.F.);
#3678=ORIENTED_EDGE('',*,*,#4035,.F.);
#3679=ORIENTED_EDGE('',*,*,#4914,.F.);
#3680=ORIENTED_EDGE('',*,*,#4915,.T.);
#3681=ORIENTED_EDGE('',*,*,#4916,.T.);
#3682=ORIENTED_EDGE('',*,*,#4034,.T.);
#3683=ORIENTED_EDGE('',*,*,#4917,.F.);
#3684=ORIENTED_EDGE('',*,*,#4918,.F.);
#3685=ORIENTED_EDGE('',*,*,#4914,.T.);
#3686=ORIENTED_EDGE('',*,*,#4037,.T.);
#3687=ORIENTED_EDGE('',*,*,#4919,.F.);
#3688=ORIENTED_EDGE('',*,*,#4920,.F.);
#3689=ORIENTED_EDGE('',*,*,#4917,.T.);
#3690=ORIENTED_EDGE('',*,*,#4036,.F.);
#3691=ORIENTED_EDGE('',*,*,#4916,.F.);
#3692=ORIENTED_EDGE('',*,*,#4921,.T.);
#3693=ORIENTED_EDGE('',*,*,#4919,.T.);
#3694=ORIENTED_EDGE('',*,*,#4915,.F.);
#3695=ORIENTED_EDGE('',*,*,#4918,.T.);
#3696=ORIENTED_EDGE('',*,*,#4920,.T.);
#3697=ORIENTED_EDGE('',*,*,#4921,.F.);
#3698=ORIENTED_EDGE('',*,*,#4031,.F.);
#3699=ORIENTED_EDGE('',*,*,#4922,.F.);
#3700=ORIENTED_EDGE('',*,*,#4923,.T.);
#3701=ORIENTED_EDGE('',*,*,#4924,.T.);
#3702=ORIENTED_EDGE('',*,*,#4030,.T.);
#3703=ORIENTED_EDGE('',*,*,#4925,.F.);
#3704=ORIENTED_EDGE('',*,*,#4926,.F.);
#3705=ORIENTED_EDGE('',*,*,#4922,.T.);
#3706=ORIENTED_EDGE('',*,*,#4033,.T.);
#3707=ORIENTED_EDGE('',*,*,#4927,.F.);
#3708=ORIENTED_EDGE('',*,*,#4928,.F.);
#3709=ORIENTED_EDGE('',*,*,#4925,.T.);
#3710=ORIENTED_EDGE('',*,*,#4032,.F.);
#3711=ORIENTED_EDGE('',*,*,#4924,.F.);
#3712=ORIENTED_EDGE('',*,*,#4929,.T.);
#3713=ORIENTED_EDGE('',*,*,#4927,.T.);
#3714=ORIENTED_EDGE('',*,*,#4923,.F.);
#3715=ORIENTED_EDGE('',*,*,#4926,.T.);
#3716=ORIENTED_EDGE('',*,*,#4928,.T.);
#3717=ORIENTED_EDGE('',*,*,#4929,.F.);
#3718=ORIENTED_EDGE('',*,*,#4027,.F.);
#3719=ORIENTED_EDGE('',*,*,#4930,.F.);
#3720=ORIENTED_EDGE('',*,*,#4931,.T.);
#3721=ORIENTED_EDGE('',*,*,#4932,.T.);
#3722=ORIENTED_EDGE('',*,*,#4026,.T.);
#3723=ORIENTED_EDGE('',*,*,#4933,.F.);
#3724=ORIENTED_EDGE('',*,*,#4934,.F.);
#3725=ORIENTED_EDGE('',*,*,#4930,.T.);
#3726=ORIENTED_EDGE('',*,*,#4029,.T.);
#3727=ORIENTED_EDGE('',*,*,#4935,.F.);
#3728=ORIENTED_EDGE('',*,*,#4936,.F.);
#3729=ORIENTED_EDGE('',*,*,#4933,.T.);
#3730=ORIENTED_EDGE('',*,*,#4028,.F.);
#3731=ORIENTED_EDGE('',*,*,#4932,.F.);
#3732=ORIENTED_EDGE('',*,*,#4937,.T.);
#3733=ORIENTED_EDGE('',*,*,#4935,.T.);
#3734=ORIENTED_EDGE('',*,*,#4931,.F.);
#3735=ORIENTED_EDGE('',*,*,#4934,.T.);
#3736=ORIENTED_EDGE('',*,*,#4936,.T.);
#3737=ORIENTED_EDGE('',*,*,#4937,.F.);
#3738=ORIENTED_EDGE('',*,*,#4023,.F.);
#3739=ORIENTED_EDGE('',*,*,#4938,.F.);
#3740=ORIENTED_EDGE('',*,*,#4939,.T.);
#3741=ORIENTED_EDGE('',*,*,#4940,.T.);
#3742=ORIENTED_EDGE('',*,*,#4022,.T.);
#3743=ORIENTED_EDGE('',*,*,#4941,.F.);
#3744=ORIENTED_EDGE('',*,*,#4942,.F.);
#3745=ORIENTED_EDGE('',*,*,#4938,.T.);
#3746=ORIENTED_EDGE('',*,*,#4025,.T.);
#3747=ORIENTED_EDGE('',*,*,#4943,.F.);
#3748=ORIENTED_EDGE('',*,*,#4944,.F.);
#3749=ORIENTED_EDGE('',*,*,#4941,.T.);
#3750=ORIENTED_EDGE('',*,*,#4024,.F.);
#3751=ORIENTED_EDGE('',*,*,#4940,.F.);
#3752=ORIENTED_EDGE('',*,*,#4945,.T.);
#3753=ORIENTED_EDGE('',*,*,#4943,.T.);
#3754=ORIENTED_EDGE('',*,*,#4939,.F.);
#3755=ORIENTED_EDGE('',*,*,#4942,.T.);
#3756=ORIENTED_EDGE('',*,*,#4944,.T.);
#3757=ORIENTED_EDGE('',*,*,#4945,.F.);
#3758=ORIENTED_EDGE('',*,*,#4019,.F.);
#3759=ORIENTED_EDGE('',*,*,#4946,.F.);
#3760=ORIENTED_EDGE('',*,*,#4947,.T.);
#3761=ORIENTED_EDGE('',*,*,#4948,.T.);
#3762=ORIENTED_EDGE('',*,*,#4018,.T.);
#3763=ORIENTED_EDGE('',*,*,#4949,.F.);
#3764=ORIENTED_EDGE('',*,*,#4950,.F.);
#3765=ORIENTED_EDGE('',*,*,#4946,.T.);
#3766=ORIENTED_EDGE('',*,*,#4021,.T.);
#3767=ORIENTED_EDGE('',*,*,#4951,.F.);
#3768=ORIENTED_EDGE('',*,*,#4952,.F.);
#3769=ORIENTED_EDGE('',*,*,#4949,.T.);
#3770=ORIENTED_EDGE('',*,*,#4020,.F.);
#3771=ORIENTED_EDGE('',*,*,#4948,.F.);
#3772=ORIENTED_EDGE('',*,*,#4953,.T.);
#3773=ORIENTED_EDGE('',*,*,#4951,.T.);
#3774=ORIENTED_EDGE('',*,*,#4947,.F.);
#3775=ORIENTED_EDGE('',*,*,#4950,.T.);
#3776=ORIENTED_EDGE('',*,*,#4952,.T.);
#3777=ORIENTED_EDGE('',*,*,#4953,.F.);
#3778=ORIENTED_EDGE('',*,*,#4015,.F.);
#3779=ORIENTED_EDGE('',*,*,#4954,.F.);
#3780=ORIENTED_EDGE('',*,*,#4955,.T.);
#3781=ORIENTED_EDGE('',*,*,#4956,.T.);
#3782=ORIENTED_EDGE('',*,*,#4014,.T.);
#3783=ORIENTED_EDGE('',*,*,#4957,.F.);
#3784=ORIENTED_EDGE('',*,*,#4958,.F.);
#3785=ORIENTED_EDGE('',*,*,#4954,.T.);
#3786=ORIENTED_EDGE('',*,*,#4017,.T.);
#3787=ORIENTED_EDGE('',*,*,#4959,.F.);
#3788=ORIENTED_EDGE('',*,*,#4960,.F.);
#3789=ORIENTED_EDGE('',*,*,#4957,.T.);
#3790=ORIENTED_EDGE('',*,*,#4016,.F.);
#3791=ORIENTED_EDGE('',*,*,#4956,.F.);
#3792=ORIENTED_EDGE('',*,*,#4961,.T.);
#3793=ORIENTED_EDGE('',*,*,#4959,.T.);
#3794=ORIENTED_EDGE('',*,*,#4955,.F.);
#3795=ORIENTED_EDGE('',*,*,#4958,.T.);
#3796=ORIENTED_EDGE('',*,*,#4960,.T.);
#3797=ORIENTED_EDGE('',*,*,#4961,.F.);
#3798=ORIENTED_EDGE('',*,*,#4011,.F.);
#3799=ORIENTED_EDGE('',*,*,#4962,.F.);
#3800=ORIENTED_EDGE('',*,*,#4963,.T.);
#3801=ORIENTED_EDGE('',*,*,#4964,.T.);
#3802=ORIENTED_EDGE('',*,*,#4010,.T.);
#3803=ORIENTED_EDGE('',*,*,#4965,.F.);
#3804=ORIENTED_EDGE('',*,*,#4966,.F.);
#3805=ORIENTED_EDGE('',*,*,#4962,.T.);
#3806=ORIENTED_EDGE('',*,*,#4013,.T.);
#3807=ORIENTED_EDGE('',*,*,#4967,.F.);
#3808=ORIENTED_EDGE('',*,*,#4968,.F.);
#3809=ORIENTED_EDGE('',*,*,#4965,.T.);
#3810=ORIENTED_EDGE('',*,*,#4012,.F.);
#3811=ORIENTED_EDGE('',*,*,#4964,.F.);
#3812=ORIENTED_EDGE('',*,*,#4969,.T.);
#3813=ORIENTED_EDGE('',*,*,#4967,.T.);
#3814=ORIENTED_EDGE('',*,*,#4963,.F.);
#3815=ORIENTED_EDGE('',*,*,#4966,.T.);
#3816=ORIENTED_EDGE('',*,*,#4968,.T.);
#3817=ORIENTED_EDGE('',*,*,#4969,.F.);
#3818=ORIENTED_EDGE('',*,*,#4007,.F.);
#3819=ORIENTED_EDGE('',*,*,#4970,.F.);
#3820=ORIENTED_EDGE('',*,*,#4971,.T.);
#3821=ORIENTED_EDGE('',*,*,#4972,.T.);
#3822=ORIENTED_EDGE('',*,*,#4006,.T.);
#3823=ORIENTED_EDGE('',*,*,#4973,.F.);
#3824=ORIENTED_EDGE('',*,*,#4974,.F.);
#3825=ORIENTED_EDGE('',*,*,#4970,.T.);
#3826=ORIENTED_EDGE('',*,*,#4009,.T.);
#3827=ORIENTED_EDGE('',*,*,#4975,.F.);
#3828=ORIENTED_EDGE('',*,*,#4976,.F.);
#3829=ORIENTED_EDGE('',*,*,#4973,.T.);
#3830=ORIENTED_EDGE('',*,*,#4008,.F.);
#3831=ORIENTED_EDGE('',*,*,#4972,.F.);
#3832=ORIENTED_EDGE('',*,*,#4977,.T.);
#3833=ORIENTED_EDGE('',*,*,#4975,.T.);
#3834=ORIENTED_EDGE('',*,*,#4971,.F.);
#3835=ORIENTED_EDGE('',*,*,#4974,.T.);
#3836=ORIENTED_EDGE('',*,*,#4976,.T.);
#3837=ORIENTED_EDGE('',*,*,#4977,.F.);
#3838=ORIENTED_EDGE('',*,*,#4146,.T.);
#3839=ORIENTED_EDGE('',*,*,#4978,.F.);
#3840=ORIENTED_EDGE('',*,*,#4979,.F.);
#3841=ORIENTED_EDGE('',*,*,#4980,.T.);
#3842=ORIENTED_EDGE('',*,*,#4149,.T.);
#3843=ORIENTED_EDGE('',*,*,#4981,.F.);
#3844=ORIENTED_EDGE('',*,*,#4982,.F.);
#3845=ORIENTED_EDGE('',*,*,#4978,.T.);
#3846=ORIENTED_EDGE('',*,*,#4148,.F.);
#3847=ORIENTED_EDGE('',*,*,#4983,.F.);
#3848=ORIENTED_EDGE('',*,*,#4984,.T.);
#3849=ORIENTED_EDGE('',*,*,#4981,.T.);
#3850=ORIENTED_EDGE('',*,*,#4147,.F.);
#3851=ORIENTED_EDGE('',*,*,#4980,.F.);
#3852=ORIENTED_EDGE('',*,*,#4985,.T.);
#3853=ORIENTED_EDGE('',*,*,#4983,.T.);
#3854=ORIENTED_EDGE('',*,*,#4979,.T.);
#3855=ORIENTED_EDGE('',*,*,#4982,.T.);
#3856=ORIENTED_EDGE('',*,*,#4984,.F.);
#3857=ORIENTED_EDGE('',*,*,#4985,.F.);
#3858=ORIENTED_EDGE('',*,*,#4368,.F.);
#3859=ORIENTED_EDGE('',*,*,#4986,.T.);
#3860=ORIENTED_EDGE('',*,*,#4168,.T.);
#3861=ORIENTED_EDGE('',*,*,#4987,.T.);
#3862=ORIENTED_EDGE('',*,*,#4166,.T.);
#3863=ORIENTED_EDGE('',*,*,#4988,.T.);
#3864=ORIENTED_EDGE('',*,*,#4370,.F.);
#3865=ORIENTED_EDGE('',*,*,#4989,.T.);
#3866=ORIENTED_EDGE('',*,*,#4164,.T.);
#3867=ORIENTED_EDGE('',*,*,#4990,.T.);
#3868=ORIENTED_EDGE('',*,*,#4372,.F.);
#3869=ORIENTED_EDGE('',*,*,#4991,.T.);
#3870=ORIENTED_EDGE('',*,*,#4151,.F.);
#3871=ORIENTED_EDGE('',*,*,#4267,.F.);
#3872=ORIENTED_EDGE('',*,*,#4366,.F.);
#3873=ORIENTED_EDGE('',*,*,#4488,.F.);
#3874=ORIENTED_EDGE('',*,*,#4153,.F.);
#3875=ORIENTED_EDGE('',*,*,#4489,.F.);
#3876=ORIENTED_EDGE('',*,*,#4383,.F.);
#3877=ORIENTED_EDGE('',*,*,#4490,.F.);
#3878=ORIENTED_EDGE('',*,*,#4155,.F.);
#3879=ORIENTED_EDGE('',*,*,#4491,.F.);
#3880=ORIENTED_EDGE('',*,*,#4381,.F.);
#3881=ORIENTED_EDGE('',*,*,#4492,.F.);
#3882=ORIENTED_EDGE('',*,*,#4157,.F.);
#3883=ORIENTED_EDGE('',*,*,#4493,.F.);
#3884=ORIENTED_EDGE('',*,*,#4379,.F.);
#3885=ORIENTED_EDGE('',*,*,#4494,.F.);
#3886=ORIENTED_EDGE('',*,*,#4159,.F.);
#3887=ORIENTED_EDGE('',*,*,#4495,.F.);
#3888=ORIENTED_EDGE('',*,*,#4377,.F.);
#3889=ORIENTED_EDGE('',*,*,#4484,.F.);
#3890=ORIENTED_EDGE('',*,*,#4161,.F.);
#3891=ORIENTED_EDGE('',*,*,#4485,.F.);
#3892=ORIENTED_EDGE('',*,*,#4375,.F.);
#3893=ORIENTED_EDGE('',*,*,#4486,.F.);
#3894=ORIENTED_EDGE('',*,*,#4373,.F.);
#3895=ORIENTED_EDGE('',*,*,#4990,.F.);
#3896=ORIENTED_EDGE('',*,*,#4163,.F.);
#3897=ORIENTED_EDGE('',*,*,#4487,.F.);
#3898=ORIENTED_EDGE('',*,*,#4367,.F.);
#3899=ORIENTED_EDGE('',*,*,#4268,.F.);
#3900=ORIENTED_EDGE('',*,*,#4169,.F.);
#3901=ORIENTED_EDGE('',*,*,#4986,.F.);
#3902=ORIENTED_EDGE('',*,*,#4371,.F.);
#3903=ORIENTED_EDGE('',*,*,#4988,.F.);
#3904=ORIENTED_EDGE('',*,*,#4165,.F.);
#3905=ORIENTED_EDGE('',*,*,#4991,.F.);
#3906=ORIENTED_EDGE('',*,*,#4369,.F.);
#3907=ORIENTED_EDGE('',*,*,#4987,.F.);
#3908=ORIENTED_EDGE('',*,*,#4167,.F.);
#3909=ORIENTED_EDGE('',*,*,#4989,.F.);
#3910=EDGE_CURVE('',#4992,#4993,#5716,.F.);
#3911=EDGE_CURVE('',#4993,#4994,#326,.T.);
#3912=EDGE_CURVE('',#4994,#4995,#5717,.F.);
#3913=EDGE_CURVE('',#4995,#4996,#327,.T.);
#3914=EDGE_CURVE('',#4996,#4997,#5718,.F.);
#3915=EDGE_CURVE('',#4998,#4997,#328,.T.);
#3916=EDGE_CURVE('',#4998,#4999,#5719,.F.);
#3917=EDGE_CURVE('',#4992,#4999,#329,.T.);
#3918=EDGE_CURVE('',#5000,#5001,#5720,.F.);
#3919=EDGE_CURVE('',#5001,#5002,#330,.T.);
#3920=EDGE_CURVE('',#5002,#5003,#5721,.F.);
#3921=EDGE_CURVE('',#5003,#5004,#331,.T.);
#3922=EDGE_CURVE('',#5004,#5005,#5722,.F.);
#3923=EDGE_CURVE('',#5006,#5005,#332,.T.);
#3924=EDGE_CURVE('',#5006,#5007,#5723,.F.);
#3925=EDGE_CURVE('',#5000,#5007,#333,.T.);
#3926=EDGE_CURVE('',#5008,#5009,#5724,.F.);
#3927=EDGE_CURVE('',#5009,#5010,#334,.T.);
#3928=EDGE_CURVE('',#5010,#5011,#5725,.F.);
#3929=EDGE_CURVE('',#5011,#5012,#335,.T.);
#3930=EDGE_CURVE('',#5012,#5013,#5726,.F.);
#3931=EDGE_CURVE('',#5014,#5013,#336,.T.);
#3932=EDGE_CURVE('',#5014,#5015,#5727,.F.);
#3933=EDGE_CURVE('',#5008,#5015,#337,.T.);
#3934=EDGE_CURVE('',#5016,#5017,#5728,.F.);
#3935=EDGE_CURVE('',#5017,#5018,#338,.T.);
#3936=EDGE_CURVE('',#5018,#5019,#5729,.F.);
#3937=EDGE_CURVE('',#5020,#5019,#339,.T.);
#3938=EDGE_CURVE('',#5020,#5021,#5730,.F.);
#3939=EDGE_CURVE('',#5022,#5021,#340,.T.);
#3940=EDGE_CURVE('',#5022,#5023,#5731,.F.);
#3941=EDGE_CURVE('',#5023,#5016,#341,.T.);
#3942=EDGE_CURVE('',#5024,#5025,#342,.T.);
#3943=EDGE_CURVE('',#5024,#5026,#5732,.F.);
#3944=EDGE_CURVE('',#5026,#5027,#343,.T.);
#3945=EDGE_CURVE('',#5027,#5028,#5733,.F.);
#3946=EDGE_CURVE('',#5028,#5029,#344,.T.);
#3947=EDGE_CURVE('',#5029,#5030,#5734,.F.);
#3948=EDGE_CURVE('',#5031,#5030,#345,.T.);
#3949=EDGE_CURVE('',#5031,#5025,#5735,.F.);
#3950=EDGE_CURVE('',#5032,#5033,#5736,.F.);
#3951=EDGE_CURVE('',#5033,#5034,#346,.T.);
#3952=EDGE_CURVE('',#5034,#5035,#5737,.F.);
#3953=EDGE_CURVE('',#5035,#5036,#347,.T.);
#3954=EDGE_CURVE('',#5036,#5037,#5738,.F.);
#3955=EDGE_CURVE('',#5038,#5037,#348,.T.);
#3956=EDGE_CURVE('',#5038,#5039,#5739,.F.);
#3957=EDGE_CURVE('',#5032,#5039,#349,.T.);
#3958=EDGE_CURVE('',#5040,#5041,#5740,.F.);
#3959=EDGE_CURVE('',#5041,#5042,#350,.T.);
#3960=EDGE_CURVE('',#5042,#5043,#5741,.F.);
#3961=EDGE_CURVE('',#5043,#5044,#351,.T.);
#3962=EDGE_CURVE('',#5044,#5045,#5742,.F.);
#3963=EDGE_CURVE('',#5046,#5045,#352,.T.);
#3964=EDGE_CURVE('',#5046,#5047,#5743,.F.);
#3965=EDGE_CURVE('',#5040,#5047,#353,.T.);
#3966=EDGE_CURVE('',#5048,#5049,#354,.T.);
#3967=EDGE_CURVE('',#5048,#5050,#5744,.F.);
#3968=EDGE_CURVE('',#5050,#5051,#355,.T.);
#3969=EDGE_CURVE('',#5051,#5052,#5745,.F.);
#3970=EDGE_CURVE('',#5052,#5053,#356,.T.);
#3971=EDGE_CURVE('',#5053,#5054,#5746,.F.);
#3972=EDGE_CURVE('',#5055,#5054,#357,.T.);
#3973=EDGE_CURVE('',#5055,#5049,#5747,.F.);
#3974=EDGE_CURVE('',#5056,#5057,#358,.T.);
#3975=EDGE_CURVE('',#5056,#5058,#5748,.F.);
#3976=EDGE_CURVE('',#5058,#5059,#359,.T.);
#3977=EDGE_CURVE('',#5059,#5060,#5749,.F.);
#3978=EDGE_CURVE('',#5060,#5061,#360,.T.);
#3979=EDGE_CURVE('',#5061,#5062,#5750,.F.);
#3980=EDGE_CURVE('',#5063,#5062,#361,.T.);
#3981=EDGE_CURVE('',#5063,#5057,#5751,.F.);
#3982=EDGE_CURVE('',#5064,#5065,#362,.T.);
#3983=EDGE_CURVE('',#5064,#5066,#5752,.F.);
#3984=EDGE_CURVE('',#5066,#5067,#363,.T.);
#3985=EDGE_CURVE('',#5067,#5068,#5753,.F.);
#3986=EDGE_CURVE('',#5068,#5069,#364,.T.);
#3987=EDGE_CURVE('',#5069,#5070,#5754,.F.);
#3988=EDGE_CURVE('',#5071,#5070,#365,.T.);
#3989=EDGE_CURVE('',#5071,#5065,#5755,.F.);
#3990=EDGE_CURVE('',#5072,#5073,#5756,.F.);
#3991=EDGE_CURVE('',#5073,#5074,#366,.T.);
#3992=EDGE_CURVE('',#5074,#5075,#5757,.F.);
#3993=EDGE_CURVE('',#5076,#5075,#367,.T.);
#3994=EDGE_CURVE('',#5076,#5077,#5758,.F.);
#3995=EDGE_CURVE('',#5078,#5077,#368,.T.);
#3996=EDGE_CURVE('',#5078,#5079,#5759,.F.);
#3997=EDGE_CURVE('',#5079,#5072,#369,.T.);
#3998=EDGE_CURVE('',#5080,#5081,#370,.T.);
#3999=EDGE_CURVE('',#5080,#5082,#5760,.F.);
#4000=EDGE_CURVE('',#5082,#5083,#371,.T.);
#4001=EDGE_CURVE('',#5083,#5084,#5761,.F.);
#4002=EDGE_CURVE('',#5084,#5085,#372,.T.);
#4003=EDGE_CURVE('',#5085,#5086,#5762,.F.);
#4004=EDGE_CURVE('',#5087,#5086,#373,.T.);
#4005=EDGE_CURVE('',#5087,#5081,#5763,.F.);
#4006=EDGE_CURVE('',#5088,#5089,#374,.T.);
#4007=EDGE_CURVE('',#5088,#5090,#375,.T.);
#4008=EDGE_CURVE('',#5090,#5091,#376,.T.);
#4009=EDGE_CURVE('',#5089,#5091,#377,.T.);
#4010=EDGE_CURVE('',#5092,#5093,#378,.T.);
#4011=EDGE_CURVE('',#5092,#5094,#379,.T.);
#4012=EDGE_CURVE('',#5094,#5095,#380,.T.);
#4013=EDGE_CURVE('',#5093,#5095,#381,.T.);
#4014=EDGE_CURVE('',#5096,#5097,#382,.T.);
#4015=EDGE_CURVE('',#5096,#5098,#383,.T.);
#4016=EDGE_CURVE('',#5098,#5099,#384,.T.);
#4017=EDGE_CURVE('',#5097,#5099,#385,.T.);
#4018=EDGE_CURVE('',#5100,#5101,#386,.T.);
#4019=EDGE_CURVE('',#5100,#5102,#387,.T.);
#4020=EDGE_CURVE('',#5102,#5103,#388,.T.);
#4021=EDGE_CURVE('',#5101,#5103,#389,.T.);
#4022=EDGE_CURVE('',#5104,#5105,#390,.T.);
#4023=EDGE_CURVE('',#5104,#5106,#391,.T.);
#4024=EDGE_CURVE('',#5106,#5107,#392,.T.);
#4025=EDGE_CURVE('',#5105,#5107,#393,.T.);
#4026=EDGE_CURVE('',#5108,#5109,#394,.T.);
#4027=EDGE_CURVE('',#5108,#5110,#395,.T.);
#4028=EDGE_CURVE('',#5110,#5111,#396,.T.);
#4029=EDGE_CURVE('',#5109,#5111,#397,.T.);
#4030=EDGE_CURVE('',#5112,#5113,#398,.T.);
#4031=EDGE_CURVE('',#5112,#5114,#399,.T.);
#4032=EDGE_CURVE('',#5114,#5115,#400,.T.);
#4033=EDGE_CURVE('',#5113,#5115,#401,.T.);
#4034=EDGE_CURVE('',#5116,#5117,#402,.T.);
#4035=EDGE_CURVE('',#5116,#5118,#403,.T.);
#4036=EDGE_CURVE('',#5118,#5119,#404,.T.);
#4037=EDGE_CURVE('',#5117,#5119,#405,.T.);
#4038=EDGE_CURVE('',#5120,#5121,#198,.T.);
#4039=EDGE_CURVE('',#5121,#5122,#5764,.T.);
#4040=EDGE_CURVE('',#5122,#5123,#199,.T.);
#4041=EDGE_CURVE('',#5123,#5124,#5765,.T.);
#4042=EDGE_CURVE('',#5124,#5125,#200,.T.);
#4043=EDGE_CURVE('',#5125,#5126,#5766,.T.);
#4044=EDGE_CURVE('',#5126,#5127,#406,.T.);
#4045=EDGE_CURVE('',#5127,#5128,#407,.T.);
#4046=EDGE_CURVE('',#5128,#5129,#408,.T.);
#4047=EDGE_CURVE('',#5129,#5130,#409,.T.);
#4048=EDGE_CURVE('',#5130,#5131,#201,.T.);
#4049=EDGE_CURVE('',#5131,#5132,#202,.T.);
#4050=EDGE_CURVE('',#5132,#5133,#203,.T.);
#4051=EDGE_CURVE('',#5133,#5134,#204,.T.);
#4052=EDGE_CURVE('',#5134,#5135,#205,.T.);
#4053=EDGE_CURVE('',#5135,#5136,#206,.T.);
#4054=EDGE_CURVE('',#5136,#5137,#207,.T.);
#4055=EDGE_CURVE('',#5137,#5138,#208,.T.);
#4056=EDGE_CURVE('',#5138,#5139,#209,.T.);
#4057=EDGE_CURVE('',#5139,#5140,#410,.T.);
#4058=EDGE_CURVE('',#5140,#5141,#411,.T.);
#4059=EDGE_CURVE('',#5141,#5142,#412,.T.);
#4060=EDGE_CURVE('',#5142,#5143,#413,.T.);
#4061=EDGE_CURVE('',#5143,#5144,#210,.T.);
#4062=EDGE_CURVE('',#5144,#5120,#211,.T.);
#4063=EDGE_CURVE('',#5145,#5146,#414,.T.);
#4064=EDGE_CURVE('',#5146,#5147,#415,.T.);
#4065=EDGE_CURVE('',#5147,#5148,#416,.T.);
#4066=EDGE_CURVE('',#5148,#5149,#5767,.T.);
#4067=EDGE_CURVE('',#5149,#5150,#212,.T.);
#4068=EDGE_CURVE('',#5150,#5151,#213,.T.);
#4069=EDGE_CURVE('',#5151,#5152,#214,.T.);
#4070=EDGE_CURVE('',#5152,#5153,#417,.T.);
#4071=EDGE_CURVE('',#5153,#5154,#418,.T.);
#4072=EDGE_CURVE('',#5154,#5155,#419,.T.);
#4073=EDGE_CURVE('',#5155,#5156,#420,.T.);
#4074=EDGE_CURVE('',#5156,#5157,#421,.T.);
#4075=EDGE_CURVE('',#5157,#5158,#422,.T.);
#4076=EDGE_CURVE('',#5158,#5159,#215,.T.);
#4077=EDGE_CURVE('',#5159,#5160,#216,.T.);
#4078=EDGE_CURVE('',#5160,#5161,#217,.T.);
#4079=EDGE_CURVE('',#5161,#5145,#218,.T.);
#4080=EDGE_CURVE('',#5162,#5163,#219,.T.);
#4081=EDGE_CURVE('',#5163,#5164,#220,.T.);
#4082=EDGE_CURVE('',#5164,#5165,#423,.T.);
#4083=EDGE_CURVE('',#5165,#5166,#424,.T.);
#4084=EDGE_CURVE('',#5166,#5167,#425,.T.);
#4085=EDGE_CURVE('',#5167,#5168,#221,.T.);
#4086=EDGE_CURVE('',#5168,#5169,#222,.T.);
#4087=EDGE_CURVE('',#5169,#5170,#5768,.T.);
#4088=EDGE_CURVE('',#5170,#5171,#223,.T.);
#4089=EDGE_CURVE('',#5171,#5172,#426,.T.);
#4090=EDGE_CURVE('',#5172,#5173,#224,.T.);
#4091=EDGE_CURVE('',#5173,#5174,#225,.T.);
#4092=EDGE_CURVE('',#5174,#5175,#226,.T.);
#4093=EDGE_CURVE('',#5175,#5176,#227,.T.);
#4094=EDGE_CURVE('',#5176,#5177,#228,.T.);
#4095=EDGE_CURVE('',#5177,#5178,#229,.T.);
#4096=EDGE_CURVE('',#5178,#5179,#230,.T.);
#4097=EDGE_CURVE('',#5179,#5180,#5769,.F.);
#4098=EDGE_CURVE('',#5180,#5181,#231,.T.);
#4099=EDGE_CURVE('',#5181,#5162,#5770,.F.);
#4100=EDGE_CURVE('',#5182,#5183,#232,.T.);
#4101=EDGE_CURVE('',#5183,#5184,#233,.T.);
#4102=EDGE_CURVE('',#5184,#5185,#427,.T.);
#4103=EDGE_CURVE('',#5185,#5186,#234,.T.);
#4104=EDGE_CURVE('',#5186,#5187,#235,.T.);
#4105=EDGE_CURVE('',#5187,#5188,#236,.T.);
#4106=EDGE_CURVE('',#5188,#5189,#5771,.F.);
#4107=EDGE_CURVE('',#5189,#5190,#428,.T.);
#4108=EDGE_CURVE('',#5190,#5191,#429,.T.);
#4109=EDGE_CURVE('',#5191,#5192,#430,.T.);
#4110=EDGE_CURVE('',#5192,#5193,#431,.T.);
#4111=EDGE_CURVE('',#5193,#5194,#432,.T.);
#4112=EDGE_CURVE('',#5194,#5195,#433,.T.);
#4113=EDGE_CURVE('',#5195,#5196,#434,.T.);
#4114=EDGE_CURVE('',#5196,#5197,#435,.T.);
#4115=EDGE_CURVE('',#5197,#5198,#436,.T.);
#4116=EDGE_CURVE('',#5198,#5199,#437,.T.);
#4117=EDGE_CURVE('',#5199,#5200,#438,.T.);
#4118=EDGE_CURVE('',#5200,#5182,#5772,.T.);
#4119=EDGE_CURVE('',#5201,#5202,#5773,.F.);
#4120=EDGE_CURVE('',#5202,#5203,#237,.T.);
#4121=EDGE_CURVE('',#5203,#5204,#238,.T.);
#4122=EDGE_CURVE('',#5204,#5205,#239,.T.);
#4123=EDGE_CURVE('',#5205,#5206,#5774,.F.);
#4124=EDGE_CURVE('',#5206,#5207,#439,.T.);
#4125=EDGE_CURVE('',#5207,#5208,#240,.T.);
#4126=EDGE_CURVE('',#5208,#5209,#241,.T.);
#4127=EDGE_CURVE('',#5209,#5210,#242,.T.);
#4128=EDGE_CURVE('',#5210,#5211,#243,.T.);
#4129=EDGE_CURVE('',#5211,#5212,#244,.T.);
#4130=EDGE_CURVE('',#5212,#5213,#245,.T.);
#4131=EDGE_CURVE('',#5213,#5214,#246,.T.);
#4132=EDGE_CURVE('',#5214,#5215,#247,.T.);
#4133=EDGE_CURVE('',#5215,#5216,#248,.T.);
#4134=EDGE_CURVE('',#5216,#5217,#249,.T.);
#4135=EDGE_CURVE('',#5217,#5218,#440,.T.);
#4136=EDGE_CURVE('',#5218,#5219,#250,.T.);
#4137=EDGE_CURVE('',#5219,#5220,#251,.T.);
#4138=EDGE_CURVE('',#5220,#5221,#5775,.T.);
#4139=EDGE_CURVE('',#5221,#5222,#252,.T.);
#4140=EDGE_CURVE('',#5222,#5223,#253,.T.);
#4141=EDGE_CURVE('',#5223,#5201,#254,.T.);
#4142=EDGE_CURVE('',#5224,#5224,#5776,.T.);
#4143=EDGE_CURVE('',#5225,#5225,#5777,.T.);
#4144=EDGE_CURVE('',#5226,#5226,#5778,.T.);
#4145=EDGE_CURVE('',#5227,#5227,#5779,.T.);
#4146=EDGE_CURVE('',#5228,#5229,#441,.T.);
#4147=EDGE_CURVE('',#5228,#5230,#442,.T.);
#4148=EDGE_CURVE('',#5230,#5231,#443,.T.);
#4149=EDGE_CURVE('',#5229,#5231,#444,.T.);
#4150=EDGE_CURVE('',#5232,#5233,#445,.T.);
#4151=EDGE_CURVE('',#5233,#5234,#5780,.T.);
#4152=EDGE_CURVE('',#5235,#5234,#446,.T.);
#4153=EDGE_CURVE('',#5235,#5236,#5781,.T.);
#4154=EDGE_CURVE('',#5237,#5236,#255,.T.);
#4155=EDGE_CURVE('',#5237,#5238,#5782,.T.);
#4156=EDGE_CURVE('',#5238,#5239,#447,.T.);
#4157=EDGE_CURVE('',#5239,#5240,#5783,.T.);
#4158=EDGE_CURVE('',#5240,#5241,#256,.T.);
#4159=EDGE_CURVE('',#5241,#5242,#5784,.T.);
#4160=EDGE_CURVE('',#5243,#5242,#448,.T.);
#4161=EDGE_CURVE('',#5243,#5244,#5785,.T.);
#4162=EDGE_CURVE('',#5244,#5245,#449,.T.);
#4163=EDGE_CURVE('',#5245,#5246,#5786,.T.);
#4164=EDGE_CURVE('',#5247,#5246,#450,.T.);
#4165=EDGE_CURVE('',#5247,#5248,#5787,.F.);
#4166=EDGE_CURVE('',#5249,#5248,#451,.T.);
#4167=EDGE_CURVE('',#5249,#5250,#5788,.F.);
#4168=EDGE_CURVE('',#5251,#5250,#452,.T.);
#4169=EDGE_CURVE('',#5251,#5232,#5789,.T.);
#4170=EDGE_CURVE('',#5252,#5253,#453,.T.);
#4171=EDGE_CURVE('',#5252,#5254,#5790,.F.);
#4172=EDGE_CURVE('',#5254,#5255,#454,.T.);
#4173=EDGE_CURVE('',#5255,#5256,#5791,.F.);
#4174=EDGE_CURVE('',#5256,#5257,#455,.T.);
#4175=EDGE_CURVE('',#5257,#5258,#5792,.F.);
#4176=EDGE_CURVE('',#5259,#5258,#456,.T.);
#4177=EDGE_CURVE('',#5259,#5253,#5793,.F.);
#4178=EDGE_CURVE('',#5260,#5261,#457,.T.);
#4179=EDGE_CURVE('',#5260,#5262,#5794,.F.);
#4180=EDGE_CURVE('',#5262,#5263,#458,.T.);
#4181=EDGE_CURVE('',#5263,#5264,#5795,.F.);
#4182=EDGE_CURVE('',#5264,#5265,#459,.T.);
#4183=EDGE_CURVE('',#5265,#5266,#5796,.F.);
#4184=EDGE_CURVE('',#5267,#5266,#460,.T.);
#4185=EDGE_CURVE('',#5267,#5261,#5797,.F.);
#4186=EDGE_CURVE('',#5268,#5269,#5798,.F.);
#4187=EDGE_CURVE('',#5269,#5270,#461,.T.);
#4188=EDGE_CURVE('',#5270,#5271,#5799,.F.);
#4189=EDGE_CURVE('',#5271,#5272,#462,.T.);
#4190=EDGE_CURVE('',#5272,#5273,#5800,.F.);
#4191=EDGE_CURVE('',#5274,#5273,#463,.T.);
#4192=EDGE_CURVE('',#5274,#5275,#5801,.F.);
#4193=EDGE_CURVE('',#5268,#5275,#464,.T.);
#4194=EDGE_CURVE('',#5276,#5277,#465,.T.);
#4195=EDGE_CURVE('',#5276,#5278,#5802,.F.);
#4196=EDGE_CURVE('',#5278,#5279,#466,.T.);
#4197=EDGE_CURVE('',#5279,#5280,#5803,.F.);
#4198=EDGE_CURVE('',#5280,#5281,#467,.T.);
#4199=EDGE_CURVE('',#5281,#5282,#5804,.F.);
#4200=EDGE_CURVE('',#5283,#5282,#468,.T.);
#4201=EDGE_CURVE('',#5283,#5277,#5805,.F.);
#4202=EDGE_CURVE('',#5284,#5285,#5806,.F.);
#4203=EDGE_CURVE('',#5285,#5286,#469,.T.);
#4204=EDGE_CURVE('',#5286,#5287,#5807,.F.);
#4205=EDGE_CURVE('',#5288,#5287,#470,.T.);
#4206=EDGE_CURVE('',#5288,#5289,#5808,.F.);
#4207=EDGE_CURVE('',#5290,#5289,#471,.T.);
#4208=EDGE_CURVE('',#5290,#5291,#5809,.F.);
#4209=EDGE_CURVE('',#5291,#5284,#472,.T.);
#4210=EDGE_CURVE('',#5292,#5293,#5810,.F.);
#4211=EDGE_CURVE('',#5293,#5294,#473,.T.);
#4212=EDGE_CURVE('',#5294,#5295,#5811,.F.);
#4213=EDGE_CURVE('',#5295,#5296,#474,.T.);
#4214=EDGE_CURVE('',#5296,#5297,#5812,.F.);
#4215=EDGE_CURVE('',#5298,#5297,#475,.T.);
#4216=EDGE_CURVE('',#5298,#5299,#5813,.F.);
#4217=EDGE_CURVE('',#5292,#5299,#476,.T.);
#4218=EDGE_CURVE('',#5300,#5301,#477,.T.);
#4219=EDGE_CURVE('',#5300,#5302,#5814,.F.);
#4220=EDGE_CURVE('',#5302,#5303,#478,.T.);
#4221=EDGE_CURVE('',#5303,#5304,#5815,.F.);
#4222=EDGE_CURVE('',#5304,#5305,#479,.T.);
#4223=EDGE_CURVE('',#5305,#5306,#5816,.F.);
#4224=EDGE_CURVE('',#5307,#5306,#480,.T.);
#4225=EDGE_CURVE('',#5307,#5301,#5817,.F.);
#4226=EDGE_CURVE('',#5308,#5309,#5818,.F.);
#4227=EDGE_CURVE('',#5309,#5310,#481,.T.);
#4228=EDGE_CURVE('',#5310,#5311,#5819,.F.);
#4229=EDGE_CURVE('',#5311,#5312,#482,.T.);
#4230=EDGE_CURVE('',#5312,#5313,#5820,.F.);
#4231=EDGE_CURVE('',#5314,#5313,#483,.T.);
#4232=EDGE_CURVE('',#5314,#5315,#5821,.F.);
#4233=EDGE_CURVE('',#5308,#5315,#484,.T.);
#4234=EDGE_CURVE('',#5316,#5317,#5822,.F.);
#4235=EDGE_CURVE('',#5317,#5318,#485,.T.);
#4236=EDGE_CURVE('',#5318,#5319,#5823,.F.);
#4237=EDGE_CURVE('',#5320,#5319,#486,.T.);
#4238=EDGE_CURVE('',#5320,#5321,#5824,.F.);
#4239=EDGE_CURVE('',#5322,#5321,#487,.T.);
#4240=EDGE_CURVE('',#5322,#5323,#5825,.F.);
#4241=EDGE_CURVE('',#5323,#5316,#488,.T.);
#4242=EDGE_CURVE('',#5324,#5325,#489,.T.);
#4243=EDGE_CURVE('',#5324,#5326,#5826,.F.);
#4244=EDGE_CURVE('',#5326,#5327,#490,.T.);
#4245=EDGE_CURVE('',#5327,#5328,#5827,.F.);
#4246=EDGE_CURVE('',#5328,#5329,#491,.T.);
#4247=EDGE_CURVE('',#5329,#5330,#5828,.F.);
#4248=EDGE_CURVE('',#5331,#5330,#492,.T.);
#4249=EDGE_CURVE('',#5331,#5325,#5829,.F.);
#4250=EDGE_CURVE('',#5332,#5333,#5830,.F.);
#4251=EDGE_CURVE('',#5333,#5334,#493,.T.);
#4252=EDGE_CURVE('',#5334,#5335,#5831,.F.);
#4253=EDGE_CURVE('',#5335,#5336,#494,.T.);
#4254=EDGE_CURVE('',#5336,#5337,#5832,.F.);
#4255=EDGE_CURVE('',#5338,#5337,#495,.T.);
#4256=EDGE_CURVE('',#5338,#5339,#5833,.F.);
#4257=EDGE_CURVE('',#5332,#5339,#496,.T.);
#4258=EDGE_CURVE('',#5340,#5341,#497,.T.);
#4259=EDGE_CURVE('',#5340,#5342,#5834,.F.);
#4260=EDGE_CURVE('',#5342,#5343,#498,.T.);
#4261=EDGE_CURVE('',#5343,#5344,#5835,.F.);
#4262=EDGE_CURVE('',#5344,#5345,#499,.T.);
#4263=EDGE_CURVE('',#5345,#5346,#5836,.F.);
#4264=EDGE_CURVE('',#5347,#5346,#500,.T.);
#4265=EDGE_CURVE('',#5347,#5341,#5837,.F.);
#4266=EDGE_CURVE('',#5348,#5349,#501,.T.);
#4267=EDGE_CURVE('',#5349,#5233,#502,.F.);
#4268=EDGE_CURVE('',#5232,#5348,#503,.F.);
#4269=EDGE_CURVE('',#5350,#5351,#504,.T.);
#4270=EDGE_CURVE('',#5350,#5352,#5838,.T.);
#4271=EDGE_CURVE('',#5353,#5352,#505,.T.);
#4272=EDGE_CURVE('',#5353,#5354,#5839,.T.);
#4273=EDGE_CURVE('',#5354,#5355,#506,.T.);
#4274=EDGE_CURVE('',#5355,#5356,#5840,.T.);
#4275=EDGE_CURVE('',#5356,#5357,#507,.T.);
#4276=EDGE_CURVE('',#5357,#5351,#5841,.T.);
#4277=EDGE_CURVE('',#5358,#5359,#5842,.T.);
#4278=EDGE_CURVE('',#5359,#5360,#508,.T.);
#4279=EDGE_CURVE('',#5360,#5361,#5843,.T.);
#4280=EDGE_CURVE('',#5362,#5361,#509,.T.);
#4281=EDGE_CURVE('',#5362,#5363,#5844,.T.);
#4282=EDGE_CURVE('',#5364,#5363,#510,.T.);
#4283=EDGE_CURVE('',#5364,#5365,#5845,.T.);
#4284=EDGE_CURVE('',#5365,#5358,#511,.T.);
#4285=EDGE_CURVE('',#5366,#5367,#5846,.T.);
#4286=EDGE_CURVE('',#5367,#5368,#512,.T.);
#4287=EDGE_CURVE('',#5368,#5369,#5847,.T.);
#4288=EDGE_CURVE('',#5370,#5369,#513,.T.);
#4289=EDGE_CURVE('',#5370,#5371,#5848,.T.);
#4290=EDGE_CURVE('',#5372,#5371,#514,.T.);
#4291=EDGE_CURVE('',#5372,#5373,#5849,.T.);
#4292=EDGE_CURVE('',#5373,#5366,#515,.T.);
#4293=EDGE_CURVE('',#5374,#5375,#5850,.T.);
#4294=EDGE_CURVE('',#5375,#5376,#516,.T.);
#4295=EDGE_CURVE('',#5376,#5377,#5851,.T.);
#4296=EDGE_CURVE('',#5377,#5378,#517,.T.);
#4297=EDGE_CURVE('',#5378,#5379,#5852,.T.);
#4298=EDGE_CURVE('',#5380,#5379,#518,.T.);
#4299=EDGE_CURVE('',#5380,#5381,#5853,.T.);
#4300=EDGE_CURVE('',#5374,#5381,#519,.T.);
#4301=EDGE_CURVE('',#5382,#5383,#5854,.T.);
#4302=EDGE_CURVE('',#5383,#5384,#520,.T.);
#4303=EDGE_CURVE('',#5384,#5385,#5855,.T.);
#4304=EDGE_CURVE('',#5385,#5386,#521,.T.);
#4305=EDGE_CURVE('',#5386,#5387,#5856,.T.);
#4306=EDGE_CURVE('',#5388,#5387,#522,.T.);
#4307=EDGE_CURVE('',#5388,#5389,#5857,.T.);
#4308=EDGE_CURVE('',#5382,#5389,#523,.T.);
#4309=EDGE_CURVE('',#5390,#5391,#524,.T.);
#4310=EDGE_CURVE('',#5390,#5392,#5858,.T.);
#4311=EDGE_CURVE('',#5393,#5392,#525,.T.);
#4312=EDGE_CURVE('',#5393,#5394,#5859,.T.);
#4313=EDGE_CURVE('',#5394,#5395,#526,.T.);
#4314=EDGE_CURVE('',#5395,#5396,#5860,.T.);
#4315=EDGE_CURVE('',#5396,#5397,#527,.T.);
#4316=EDGE_CURVE('',#5397,#5391,#5861,.T.);
#4317=EDGE_CURVE('',#5398,#5399,#5862,.T.);
#4318=EDGE_CURVE('',#5399,#5400,#528,.T.);
#4319=EDGE_CURVE('',#5400,#5401,#5863,.T.);
#4320=EDGE_CURVE('',#5402,#5401,#529,.T.);
#4321=EDGE_CURVE('',#5402,#5403,#5864,.T.);
#4322=EDGE_CURVE('',#5404,#5403,#530,.T.);
#4323=EDGE_CURVE('',#5404,#5405,#5865,.T.);
#4324=EDGE_CURVE('',#5405,#5398,#531,.T.);
#4325=EDGE_CURVE('',#5406,#5407,#532,.T.);
#4326=EDGE_CURVE('',#5406,#5408,#5866,.T.);
#4327=EDGE_CURVE('',#5409,#5408,#533,.T.);
#4328=EDGE_CURVE('',#5409,#5410,#5867,.T.);
#4329=EDGE_CURVE('',#5410,#5411,#534,.T.);
#4330=EDGE_CURVE('',#5411,#5412,#5868,.T.);
#4331=EDGE_CURVE('',#5412,#5413,#535,.T.);
#4332=EDGE_CURVE('',#5413,#5407,#5869,.T.);
#4333=EDGE_CURVE('',#5414,#5415,#5870,.T.);
#4334=EDGE_CURVE('',#5415,#5416,#536,.T.);
#4335=EDGE_CURVE('',#5416,#5417,#5871,.T.);
#4336=EDGE_CURVE('',#5418,#5417,#537,.T.);
#4337=EDGE_CURVE('',#5418,#5419,#5872,.T.);
#4338=EDGE_CURVE('',#5420,#5419,#538,.T.);
#4339=EDGE_CURVE('',#5420,#5421,#5873,.T.);
#4340=EDGE_CURVE('',#5421,#5414,#539,.T.);
#4341=EDGE_CURVE('',#5422,#5423,#5874,.T.);
#4342=EDGE_CURVE('',#5423,#5424,#540,.T.);
#4343=EDGE_CURVE('',#5424,#5425,#5875,.T.);
#4344=EDGE_CURVE('',#5425,#5426,#541,.T.);
#4345=EDGE_CURVE('',#5426,#5427,#5876,.T.);
#4346=EDGE_CURVE('',#5428,#5427,#542,.T.);
#4347=EDGE_CURVE('',#5428,#5429,#5877,.T.);
#4348=EDGE_CURVE('',#5422,#5429,#543,.T.);
#4349=EDGE_CURVE('',#5430,#5431,#544,.T.);
#4350=EDGE_CURVE('',#5430,#5432,#5878,.T.);
#4351=EDGE_CURVE('',#5433,#5432,#545,.T.);
#4352=EDGE_CURVE('',#5433,#5434,#5879,.T.);
#4353=EDGE_CURVE('',#5434,#5435,#546,.T.);
#4354=EDGE_CURVE('',#5435,#5436,#5880,.T.);
#4355=EDGE_CURVE('',#5436,#5437,#547,.T.);
#4356=EDGE_CURVE('',#5437,#5431,#5881,.T.);
#4357=EDGE_CURVE('',#5438,#5439,#548,.T.);
#4358=EDGE_CURVE('',#5438,#5440,#5882,.T.);
#4359=EDGE_CURVE('',#5441,#5440,#549,.T.);
#4360=EDGE_CURVE('',#5441,#5442,#5883,.T.);
#4361=EDGE_CURVE('',#5442,#5443,#550,.T.);
#4362=EDGE_CURVE('',#5443,#5444,#5884,.T.);
#4363=EDGE_CURVE('',#5444,#5445,#551,.T.);
#4364=EDGE_CURVE('',#5445,#5439,#5885,.T.);
#4365=EDGE_CURVE('',#5446,#5447,#552,.T.);
#4366=EDGE_CURVE('',#5447,#5349,#5886,.F.);
#4367=EDGE_CURVE('',#5348,#5448,#5887,.F.);
#4368=EDGE_CURVE('',#5448,#5449,#553,.T.);
#4369=EDGE_CURVE('',#5449,#5450,#5888,.T.);
#4370=EDGE_CURVE('',#5450,#5451,#554,.T.);
#4371=EDGE_CURVE('',#5451,#5452,#5889,.T.);
#4372=EDGE_CURVE('',#5452,#5453,#555,.T.);
#4373=EDGE_CURVE('',#5453,#5454,#5890,.F.);
#4374=EDGE_CURVE('',#5455,#5454,#556,.T.);
#4375=EDGE_CURVE('',#5455,#5456,#5891,.F.);
#4376=EDGE_CURVE('',#5456,#5457,#557,.T.);
#4377=EDGE_CURVE('',#5457,#5458,#5892,.F.);
#4378=EDGE_CURVE('',#5459,#5458,#257,.T.);
#4379=EDGE_CURVE('',#5459,#5460,#5893,.F.);
#4380=EDGE_CURVE('',#5461,#5460,#558,.T.);
#4381=EDGE_CURVE('',#5461,#5462,#5894,.F.);
#4382=EDGE_CURVE('',#5462,#5463,#258,.T.);
#4383=EDGE_CURVE('',#5463,#5446,#5895,.F.);
#4384=EDGE_CURVE('',#5464,#5464,#5896,.T.);
#4385=EDGE_CURVE('',#5465,#5465,#5897,.T.);
#4386=EDGE_CURVE('',#5466,#5466,#5898,.T.);
#4387=EDGE_CURVE('',#5467,#5467,#5899,.T.);
#4388=EDGE_CURVE('',#5468,#5469,#5900,.T.);
#4389=EDGE_CURVE('',#5469,#5470,#559,.T.);
#4390=EDGE_CURVE('',#5470,#5471,#5901,.T.);
#4391=EDGE_CURVE('',#5472,#5471,#560,.T.);
#4392=EDGE_CURVE('',#5472,#5473,#5902,.T.);
#4393=EDGE_CURVE('',#5474,#5473,#561,.T.);
#4394=EDGE_CURVE('',#5474,#5475,#5903,.T.);
#4395=EDGE_CURVE('',#5475,#5468,#562,.T.);
#4396=EDGE_CURVE('',#5476,#5477,#563,.T.);
#4397=EDGE_CURVE('',#5476,#5478,#5904,.T.);
#4398=EDGE_CURVE('',#5479,#5478,#564,.T.);
#4399=EDGE_CURVE('',#5479,#5480,#5905,.T.);
#4400=EDGE_CURVE('',#5480,#5481,#565,.T.);
#4401=EDGE_CURVE('',#5481,#5482,#5906,.T.);
#4402=EDGE_CURVE('',#5482,#5483,#566,.T.);
#4403=EDGE_CURVE('',#5483,#5477,#5907,.T.);
#4404=EDGE_CURVE('',#5484,#5485,#5908,.T.);
#4405=EDGE_CURVE('',#5485,#5486,#567,.T.);
#4406=EDGE_CURVE('',#5486,#5487,#5909,.T.);
#4407=EDGE_CURVE('',#5487,#5488,#568,.T.);
#4408=EDGE_CURVE('',#5488,#5489,#5910,.T.);
#4409=EDGE_CURVE('',#5490,#5489,#569,.T.);
#4410=EDGE_CURVE('',#5490,#5491,#5911,.T.);
#4411=EDGE_CURVE('',#5484,#5491,#570,.T.);
#4412=EDGE_CURVE('',#5492,#5493,#5912,.T.);
#4413=EDGE_CURVE('',#5493,#5494,#571,.T.);
#4414=EDGE_CURVE('',#5494,#5495,#5913,.T.);
#4415=EDGE_CURVE('',#5496,#5495,#572,.T.);
#4416=EDGE_CURVE('',#5496,#5497,#5914,.T.);
#4417=EDGE_CURVE('',#5498,#5497,#573,.T.);
#4418=EDGE_CURVE('',#5498,#5499,#5915,.T.);
#4419=EDGE_CURVE('',#5499,#5492,#574,.T.);
#4420=EDGE_CURVE('',#5500,#5501,#575,.T.);
#4421=EDGE_CURVE('',#5500,#5502,#5916,.T.);
#4422=EDGE_CURVE('',#5503,#5502,#576,.T.);
#4423=EDGE_CURVE('',#5503,#5504,#5917,.T.);
#4424=EDGE_CURVE('',#5504,#5505,#577,.T.);
#4425=EDGE_CURVE('',#5505,#5506,#5918,.T.);
#4426=EDGE_CURVE('',#5506,#5507,#578,.T.);
#4427=EDGE_CURVE('',#5507,#5501,#5919,.T.);
#4428=EDGE_CURVE('',#5508,#5509,#579,.T.);
#4429=EDGE_CURVE('',#5508,#5510,#5920,.T.);
#4430=EDGE_CURVE('',#5511,#5510,#580,.T.);
#4431=EDGE_CURVE('',#5511,#5512,#5921,.T.);
#4432=EDGE_CURVE('',#5512,#5513,#581,.T.);
#4433=EDGE_CURVE('',#5513,#5514,#5922,.T.);
#4434=EDGE_CURVE('',#5514,#5515,#582,.T.);
#4435=EDGE_CURVE('',#5515,#5509,#5923,.T.);
#4436=EDGE_CURVE('',#5516,#5517,#5924,.T.);
#4437=EDGE_CURVE('',#5517,#5518,#583,.T.);
#4438=EDGE_CURVE('',#5518,#5519,#5925,.T.);
#4439=EDGE_CURVE('',#5520,#5519,#584,.T.);
#4440=EDGE_CURVE('',#5520,#5521,#5926,.T.);
#4441=EDGE_CURVE('',#5522,#5521,#585,.T.);
#4442=EDGE_CURVE('',#5522,#5523,#5927,.T.);
#4443=EDGE_CURVE('',#5523,#5516,#586,.T.);
#4444=EDGE_CURVE('',#5524,#5525,#587,.T.);
#4445=EDGE_CURVE('',#5524,#5526,#5928,.T.);
#4446=EDGE_CURVE('',#5527,#5526,#588,.T.);
#4447=EDGE_CURVE('',#5527,#5528,#5929,.T.);
#4448=EDGE_CURVE('',#5528,#5529,#589,.T.);
#4449=EDGE_CURVE('',#5529,#5530,#5930,.T.);
#4450=EDGE_CURVE('',#5530,#5531,#590,.T.);
#4451=EDGE_CURVE('',#5531,#5525,#5931,.T.);
#4452=EDGE_CURVE('',#5532,#5533,#5932,.T.);
#4453=EDGE_CURVE('',#5533,#5534,#591,.T.);
#4454=EDGE_CURVE('',#5534,#5535,#5933,.T.);
#4455=EDGE_CURVE('',#5536,#5535,#592,.T.);
#4456=EDGE_CURVE('',#5536,#5537,#5934,.T.);
#4457=EDGE_CURVE('',#5538,#5537,#593,.T.);
#4458=EDGE_CURVE('',#5538,#5539,#5935,.T.);
#4459=EDGE_CURVE('',#5539,#5532,#594,.T.);
#4460=EDGE_CURVE('',#5540,#5541,#5936,.T.);
#4461=EDGE_CURVE('',#5541,#5542,#595,.T.);
#4462=EDGE_CURVE('',#5542,#5543,#5937,.T.);
#4463=EDGE_CURVE('',#5544,#5543,#596,.T.);
#4464=EDGE_CURVE('',#5544,#5545,#5938,.T.);
#4465=EDGE_CURVE('',#5546,#5545,#597,.T.);
#4466=EDGE_CURVE('',#5546,#5547,#5939,.T.);
#4467=EDGE_CURVE('',#5547,#5540,#598,.T.);
#4468=EDGE_CURVE('',#5548,#5549,#599,.T.);
#4469=EDGE_CURVE('',#5548,#5550,#5940,.T.);
#4470=EDGE_CURVE('',#5551,#5550,#600,.T.);
#4471=EDGE_CURVE('',#5551,#5552,#5941,.T.);
#4472=EDGE_CURVE('',#5552,#5553,#601,.T.);
#4473=EDGE_CURVE('',#5553,#5554,#5942,.T.);
#4474=EDGE_CURVE('',#5554,#5555,#602,.T.);
#4475=EDGE_CURVE('',#5555,#5549,#5943,.T.);
#4476=EDGE_CURVE('',#5556,#5557,#603,.T.);
#4477=EDGE_CURVE('',#5556,#5558,#5944,.T.);
#4478=EDGE_CURVE('',#5559,#5558,#604,.T.);
#4479=EDGE_CURVE('',#5559,#5560,#5945,.T.);
#4480=EDGE_CURVE('',#5560,#5561,#605,.T.);
#4481=EDGE_CURVE('',#5561,#5562,#5946,.T.);
#4482=EDGE_CURVE('',#5562,#5563,#606,.T.);
#4483=EDGE_CURVE('',#5563,#5557,#5947,.T.);
#4484=EDGE_CURVE('',#5242,#5457,#607,.F.);
#4485=EDGE_CURVE('',#5456,#5243,#608,.F.);
#4486=EDGE_CURVE('',#5244,#5455,#609,.T.);
#4487=EDGE_CURVE('',#5454,#5245,#610,.T.);
#4488=EDGE_CURVE('',#5234,#5447,#611,.T.);
#4489=EDGE_CURVE('',#5446,#5235,#612,.F.);
#4490=EDGE_CURVE('',#5236,#5463,#613,.T.);
#4491=EDGE_CURVE('',#5462,#5237,#614,.F.);
#4492=EDGE_CURVE('',#5238,#5461,#615,.F.);
#4493=EDGE_CURVE('',#5460,#5239,#616,.F.);
#4494=EDGE_CURVE('',#5240,#5459,#617,.T.);
#4495=EDGE_CURVE('',#5458,#5241,#618,.F.);
#4496=EDGE_CURVE('',#5469,#5294,#619,.T.);
#4497=EDGE_CURVE('',#5470,#5293,#620,.T.);
#4498=EDGE_CURVE('',#5471,#5292,#621,.T.);
#4499=EDGE_CURVE('',#5472,#5299,#622,.T.);
#4500=EDGE_CURVE('',#5473,#5298,#623,.T.);
#4501=EDGE_CURVE('',#5474,#5297,#624,.T.);
#4502=EDGE_CURVE('',#5475,#5296,#625,.T.);
#4503=EDGE_CURVE('',#5468,#5295,#626,.T.);
#4504=EDGE_CURVE('',#5477,#5064,#627,.T.);
#4505=EDGE_CURVE('',#5476,#5065,#628,.T.);
#4506=EDGE_CURVE('',#5478,#5071,#629,.T.);
#4507=EDGE_CURVE('',#5479,#5070,#630,.T.);
#4508=EDGE_CURVE('',#5480,#5069,#631,.T.);
#4509=EDGE_CURVE('',#5481,#5068,#632,.T.);
#4510=EDGE_CURVE('',#5482,#5067,#633,.T.);
#4511=EDGE_CURVE('',#5483,#5066,#634,.T.);
#4512=EDGE_CURVE('',#5439,#5260,#635,.T.);
#4513=EDGE_CURVE('',#5438,#5261,#636,.T.);
#4514=EDGE_CURVE('',#5440,#5267,#637,.T.);
#4515=EDGE_CURVE('',#5441,#5266,#638,.T.);
#4516=EDGE_CURVE('',#5442,#5265,#639,.T.);
#4517=EDGE_CURVE('',#5443,#5264,#640,.T.);
#4518=EDGE_CURVE('',#5444,#5263,#641,.T.);
#4519=EDGE_CURVE('',#5445,#5262,#642,.T.);
#4520=EDGE_CURVE('',#5485,#5074,#643,.T.);
#4521=EDGE_CURVE('',#5486,#5073,#644,.T.);
#4522=EDGE_CURVE('',#5487,#5072,#645,.T.);
#4523=EDGE_CURVE('',#5488,#5079,#646,.T.);
#4524=EDGE_CURVE('',#5489,#5078,#647,.T.);
#4525=EDGE_CURVE('',#5490,#5077,#648,.T.);
#4526=EDGE_CURVE('',#5491,#5076,#649,.T.);
#4527=EDGE_CURVE('',#5484,#5075,#650,.T.);
#4528=EDGE_CURVE('',#5493,#5270,#651,.T.);
#4529=EDGE_CURVE('',#5494,#5269,#652,.T.);
#4530=EDGE_CURVE('',#5495,#5268,#653,.T.);
#4531=EDGE_CURVE('',#5496,#5275,#654,.T.);
#4532=EDGE_CURVE('',#5497,#5274,#655,.T.);
#4533=EDGE_CURVE('',#5498,#5273,#656,.T.);
#4534=EDGE_CURVE('',#5499,#5272,#657,.T.);
#4535=EDGE_CURVE('',#5492,#5271,#658,.T.);
#4536=EDGE_CURVE('',#5501,#5056,#659,.T.);
#4537=EDGE_CURVE('',#5500,#5057,#660,.T.);
#4538=EDGE_CURVE('',#5502,#5063,#661,.T.);
#4539=EDGE_CURVE('',#5503,#5062,#662,.T.);
#4540=EDGE_CURVE('',#5504,#5061,#663,.T.);
#4541=EDGE_CURVE('',#5505,#5060,#664,.T.);
#4542=EDGE_CURVE('',#5506,#5059,#665,.T.);
#4543=EDGE_CURVE('',#5507,#5058,#666,.T.);
#4544=EDGE_CURVE('',#5431,#5276,#667,.T.);
#4545=EDGE_CURVE('',#5430,#5277,#668,.T.);
#4546=EDGE_CURVE('',#5432,#5283,#669,.T.);
#4547=EDGE_CURVE('',#5433,#5282,#670,.T.);
#4548=EDGE_CURVE('',#5434,#5281,#671,.T.);
#4549=EDGE_CURVE('',#5435,#5280,#672,.T.);
#4550=EDGE_CURVE('',#5436,#5279,#673,.T.);
#4551=EDGE_CURVE('',#5437,#5278,#674,.T.);
#4552=EDGE_CURVE('',#5509,#5080,#675,.T.);
#4553=EDGE_CURVE('',#5508,#5081,#676,.T.);
#4554=EDGE_CURVE('',#5510,#5087,#677,.T.);
#4555=EDGE_CURVE('',#5511,#5086,#678,.T.);
#4556=EDGE_CURVE('',#5512,#5085,#679,.T.);
#4557=EDGE_CURVE('',#5513,#5084,#680,.T.);
#4558=EDGE_CURVE('',#5514,#5083,#681,.T.);
#4559=EDGE_CURVE('',#5515,#5082,#682,.T.);
#4560=EDGE_CURVE('',#5423,#5018,#683,.T.);
#4561=EDGE_CURVE('',#5424,#5017,#684,.T.);
#4562=EDGE_CURVE('',#5425,#5016,#685,.T.);
#4563=EDGE_CURVE('',#5426,#5023,#686,.T.);
#4564=EDGE_CURVE('',#5427,#5022,#687,.T.);
#4565=EDGE_CURVE('',#5428,#5021,#688,.T.);
#4566=EDGE_CURVE('',#5429,#5020,#689,.T.);
#4567=EDGE_CURVE('',#5422,#5019,#690,.T.);
#4568=EDGE_CURVE('',#5415,#5010,#691,.T.);
#4569=EDGE_CURVE('',#5416,#5009,#692,.T.);
#4570=EDGE_CURVE('',#5417,#5008,#693,.T.);
#4571=EDGE_CURVE('',#5418,#5015,#694,.T.);
#4572=EDGE_CURVE('',#5419,#5014,#695,.T.);
#4573=EDGE_CURVE('',#5420,#5013,#696,.T.);
#4574=EDGE_CURVE('',#5421,#5012,#697,.T.);
#4575=EDGE_CURVE('',#5414,#5011,#698,.T.);
#4576=EDGE_CURVE('',#5407,#5048,#699,.T.);
#4577=EDGE_CURVE('',#5406,#5049,#700,.T.);
#4578=EDGE_CURVE('',#5408,#5055,#701,.T.);
#4579=EDGE_CURVE('',#5409,#5054,#702,.T.);
#4580=EDGE_CURVE('',#5410,#5053,#703,.T.);
#4581=EDGE_CURVE('',#5411,#5052,#704,.T.);
#4582=EDGE_CURVE('',#5412,#5051,#705,.T.);
#4583=EDGE_CURVE('',#5413,#5050,#706,.T.);
#4584=EDGE_CURVE('',#5517,#5310,#707,.T.);
#4585=EDGE_CURVE('',#5518,#5309,#708,.T.);
#4586=EDGE_CURVE('',#5519,#5308,#709,.T.);
#4587=EDGE_CURVE('',#5520,#5315,#710,.T.);
#4588=EDGE_CURVE('',#5521,#5314,#711,.T.);
#4589=EDGE_CURVE('',#5522,#5313,#712,.T.);
#4590=EDGE_CURVE('',#5523,#5312,#713,.T.);
#4591=EDGE_CURVE('',#5516,#5311,#714,.T.);
#4592=EDGE_CURVE('',#5525,#5340,#715,.T.);
#4593=EDGE_CURVE('',#5524,#5341,#716,.T.);
#4594=EDGE_CURVE('',#5526,#5347,#717,.T.);
#4595=EDGE_CURVE('',#5527,#5346,#718,.T.);
#4596=EDGE_CURVE('',#5528,#5345,#719,.T.);
#4597=EDGE_CURVE('',#5529,#5344,#720,.T.);
#4598=EDGE_CURVE('',#5530,#5343,#721,.T.);
#4599=EDGE_CURVE('',#5531,#5342,#722,.T.);
#4600=EDGE_CURVE('',#5399,#5334,#723,.T.);
#4601=EDGE_CURVE('',#5400,#5333,#724,.T.);
#4602=EDGE_CURVE('',#5401,#5332,#725,.T.);
#4603=EDGE_CURVE('',#5402,#5339,#726,.T.);
#4604=EDGE_CURVE('',#5403,#5338,#727,.T.);
#4605=EDGE_CURVE('',#5404,#5337,#728,.T.);
#4606=EDGE_CURVE('',#5405,#5336,#729,.T.);
#4607=EDGE_CURVE('',#5398,#5335,#730,.T.);
#4608=EDGE_CURVE('',#5391,#5024,#731,.T.);
#4609=EDGE_CURVE('',#5390,#5025,#732,.T.);
#4610=EDGE_CURVE('',#5392,#5031,#733,.T.);
#4611=EDGE_CURVE('',#5393,#5030,#734,.T.);
#4612=EDGE_CURVE('',#5394,#5029,#735,.T.);
#4613=EDGE_CURVE('',#5395,#5028,#736,.T.);
#4614=EDGE_CURVE('',#5396,#5027,#737,.T.);
#4615=EDGE_CURVE('',#5397,#5026,#738,.T.);
#4616=EDGE_CURVE('',#5533,#5034,#739,.T.);
#4617=EDGE_CURVE('',#5534,#5033,#740,.T.);
#4618=EDGE_CURVE('',#5535,#5032,#741,.T.);
#4619=EDGE_CURVE('',#5536,#5039,#742,.T.);
#4620=EDGE_CURVE('',#5537,#5038,#743,.T.);
#4621=EDGE_CURVE('',#5538,#5037,#744,.T.);
#4622=EDGE_CURVE('',#5539,#5036,#745,.T.);
#4623=EDGE_CURVE('',#5532,#5035,#746,.T.);
#4624=EDGE_CURVE('',#5541,#5042,#747,.T.);
#4625=EDGE_CURVE('',#5542,#5041,#748,.T.);
#4626=EDGE_CURVE('',#5543,#5040,#749,.T.);
#4627=EDGE_CURVE('',#5544,#5047,#750,.T.);
#4628=EDGE_CURVE('',#5545,#5046,#751,.T.);
#4629=EDGE_CURVE('',#5546,#5045,#752,.T.);
#4630=EDGE_CURVE('',#5547,#5044,#753,.T.);
#4631=EDGE_CURVE('',#5540,#5043,#754,.T.);
#4632=EDGE_CURVE('',#5549,#5324,#755,.T.);
#4633=EDGE_CURVE('',#5548,#5325,#756,.T.);
#4634=EDGE_CURVE('',#5550,#5331,#757,.T.);
#4635=EDGE_CURVE('',#5551,#5330,#758,.T.);
#4636=EDGE_CURVE('',#5552,#5329,#759,.T.);
#4637=EDGE_CURVE('',#5553,#5328,#760,.T.);
#4638=EDGE_CURVE('',#5554,#5327,#761,.T.);
#4639=EDGE_CURVE('',#5555,#5326,#762,.T.);
#4640=EDGE_CURVE('',#5383,#5318,#763,.T.);
#4641=EDGE_CURVE('',#5384,#5317,#764,.T.);
#4642=EDGE_CURVE('',#5385,#5316,#765,.T.);
#4643=EDGE_CURVE('',#5386,#5323,#766,.T.);
#4644=EDGE_CURVE('',#5387,#5322,#767,.T.);
#4645=EDGE_CURVE('',#5388,#5321,#768,.T.);
#4646=EDGE_CURVE('',#5389,#5320,#769,.T.);
#4647=EDGE_CURVE('',#5382,#5319,#770,.T.);
#4648=EDGE_CURVE('',#5375,#5286,#771,.T.);
#4649=EDGE_CURVE('',#5376,#5285,#772,.T.);
#4650=EDGE_CURVE('',#5377,#5284,#773,.T.);
#4651=EDGE_CURVE('',#5378,#5291,#774,.T.);
#4652=EDGE_CURVE('',#5379,#5290,#775,.T.);
#4653=EDGE_CURVE('',#5380,#5289,#776,.T.);
#4654=EDGE_CURVE('',#5381,#5288,#777,.T.);
#4655=EDGE_CURVE('',#5374,#5287,#778,.T.);
#4656=EDGE_CURVE('',#5367,#4994,#779,.T.);
#4657=EDGE_CURVE('',#5368,#4993,#780,.T.);
#4658=EDGE_CURVE('',#5369,#4992,#781,.T.);
#4659=EDGE_CURVE('',#5370,#4999,#782,.T.);
#4660=EDGE_CURVE('',#5371,#4998,#783,.T.);
#4661=EDGE_CURVE('',#5372,#4997,#784,.T.);
#4662=EDGE_CURVE('',#5373,#4996,#785,.T.);
#4663=EDGE_CURVE('',#5366,#4995,#786,.T.);
#4664=EDGE_CURVE('',#5359,#5002,#787,.T.);
#4665=EDGE_CURVE('',#5360,#5001,#788,.T.);
#4666=EDGE_CURVE('',#5361,#5000,#789,.T.);
#4667=EDGE_CURVE('',#5362,#5007,#790,.T.);
#4668=EDGE_CURVE('',#5363,#5006,#791,.T.);
#4669=EDGE_CURVE('',#5364,#5005,#792,.T.);
#4670=EDGE_CURVE('',#5365,#5004,#793,.T.);
#4671=EDGE_CURVE('',#5358,#5003,#794,.T.);
#4672=EDGE_CURVE('',#5351,#5300,#795,.T.);
#4673=EDGE_CURVE('',#5350,#5301,#796,.T.);
#4674=EDGE_CURVE('',#5352,#5307,#797,.T.);
#4675=EDGE_CURVE('',#5353,#5306,#798,.T.);
#4676=EDGE_CURVE('',#5354,#5305,#799,.T.);
#4677=EDGE_CURVE('',#5355,#5304,#800,.T.);
#4678=EDGE_CURVE('',#5356,#5303,#801,.T.);
#4679=EDGE_CURVE('',#5357,#5302,#802,.T.);
#4680=EDGE_CURVE('',#5557,#5252,#803,.T.);
#4681=EDGE_CURVE('',#5556,#5253,#804,.T.);
#4682=EDGE_CURVE('',#5558,#5259,#805,.T.);
#4683=EDGE_CURVE('',#5559,#5258,#806,.T.);
#4684=EDGE_CURVE('',#5560,#5257,#807,.T.);
#4685=EDGE_CURVE('',#5561,#5256,#808,.T.);
#4686=EDGE_CURVE('',#5562,#5255,#809,.T.);
#4687=EDGE_CURVE('',#5563,#5254,#810,.T.);
#4688=EDGE_CURVE('',#5564,#5202,#811,.T.);
#4689=EDGE_CURVE('',#5564,#5565,#259,.T.);
#4690=EDGE_CURVE('',#5565,#5203,#812,.T.);
#4691=EDGE_CURVE('',#5566,#5201,#813,.T.);
#4692=EDGE_CURVE('',#5566,#5564,#5948,.F.);
#4693=EDGE_CURVE('',#5567,#5223,#814,.T.);
#4694=EDGE_CURVE('',#5567,#5566,#260,.T.);
#4695=EDGE_CURVE('',#5568,#5222,#815,.T.);
#4696=EDGE_CURVE('',#5568,#5567,#261,.T.);
#4697=EDGE_CURVE('',#5569,#5221,#816,.T.);
#4698=EDGE_CURVE('',#5569,#5568,#262,.T.);
#4699=EDGE_CURVE('',#5570,#5220,#817,.T.);
#4700=EDGE_CURVE('',#5570,#5569,#5949,.T.);
#4701=EDGE_CURVE('',#5571,#5219,#818,.T.);
#4702=EDGE_CURVE('',#5571,#5570,#263,.T.);
#4703=EDGE_CURVE('',#5572,#5218,#819,.T.);
#4704=EDGE_CURVE('',#5572,#5571,#264,.T.);
#4705=EDGE_CURVE('',#5573,#5217,#820,.T.);
#4706=EDGE_CURVE('',#5573,#5572,#821,.T.);
#4707=EDGE_CURVE('',#5574,#5216,#822,.T.);
#4708=EDGE_CURVE('',#5574,#5573,#265,.T.);
#4709=EDGE_CURVE('',#5575,#5215,#823,.T.);
#4710=EDGE_CURVE('',#5575,#5574,#266,.T.);
#4711=EDGE_CURVE('',#5576,#5214,#824,.T.);
#4712=EDGE_CURVE('',#5576,#5575,#267,.T.);
#4713=EDGE_CURVE('',#5577,#5213,#825,.T.);
#4714=EDGE_CURVE('',#5577,#5576,#268,.T.);
#4715=EDGE_CURVE('',#5578,#5212,#826,.T.);
#4716=EDGE_CURVE('',#5578,#5577,#269,.T.);
#4717=EDGE_CURVE('',#5579,#5211,#827,.T.);
#4718=EDGE_CURVE('',#5579,#5578,#270,.T.);
#4719=EDGE_CURVE('',#5580,#5210,#828,.T.);
#4720=EDGE_CURVE('',#5580,#5579,#271,.T.);
#4721=EDGE_CURVE('',#5581,#5209,#829,.T.);
#4722=EDGE_CURVE('',#5581,#5580,#272,.T.);
#4723=EDGE_CURVE('',#5582,#5208,#830,.T.);
#4724=EDGE_CURVE('',#5582,#5581,#273,.T.);
#4725=EDGE_CURVE('',#5583,#5207,#831,.T.);
#4726=EDGE_CURVE('',#5583,#5582,#274,.T.);
#4727=EDGE_CURVE('',#5584,#5206,#832,.T.);
#4728=EDGE_CURVE('',#5584,#5583,#833,.T.);
#4729=EDGE_CURVE('',#5585,#5205,#834,.T.);
#4730=EDGE_CURVE('',#5585,#5584,#5950,.F.);
#4731=EDGE_CURVE('',#5586,#5204,#835,.T.);
#4732=EDGE_CURVE('',#5586,#5585,#275,.T.);
#4733=EDGE_CURVE('',#5565,#5586,#276,.T.);
#4734=EDGE_CURVE('',#5587,#5183,#836,.T.);
#4735=EDGE_CURVE('',#5587,#5588,#277,.T.);
#4736=EDGE_CURVE('',#5588,#5184,#837,.T.);
#4737=EDGE_CURVE('',#5589,#5182,#838,.T.);
#4738=EDGE_CURVE('',#5589,#5587,#278,.T.);
#4739=EDGE_CURVE('',#5590,#5200,#839,.T.);
#4740=EDGE_CURVE('',#5590,#5589,#5951,.T.);
#4741=EDGE_CURVE('',#5591,#5199,#840,.T.);
#4742=EDGE_CURVE('',#5591,#5590,#841,.T.);
#4743=EDGE_CURVE('',#5592,#5198,#842,.T.);
#4744=EDGE_CURVE('',#5592,#5591,#843,.T.);
#4745=EDGE_CURVE('',#5593,#5197,#844,.T.);
#4746=EDGE_CURVE('',#5593,#5592,#845,.T.);
#4747=EDGE_CURVE('',#5594,#5196,#846,.T.);
#4748=EDGE_CURVE('',#5594,#5593,#847,.T.);
#4749=EDGE_CURVE('',#5595,#5195,#848,.T.);
#4750=EDGE_CURVE('',#5595,#5594,#849,.T.);
#4751=EDGE_CURVE('',#5596,#5194,#850,.T.);
#4752=EDGE_CURVE('',#5596,#5595,#851,.T.);
#4753=EDGE_CURVE('',#5597,#5193,#852,.T.);
#4754=EDGE_CURVE('',#5597,#5596,#853,.T.);
#4755=EDGE_CURVE('',#5598,#5192,#854,.T.);
#4756=EDGE_CURVE('',#5598,#5597,#855,.T.);
#4757=EDGE_CURVE('',#5599,#5191,#856,.T.);
#4758=EDGE_CURVE('',#5599,#5598,#857,.T.);
#4759=EDGE_CURVE('',#5600,#5190,#858,.T.);
#4760=EDGE_CURVE('',#5600,#5599,#859,.T.);
#4761=EDGE_CURVE('',#5601,#5189,#860,.T.);
#4762=EDGE_CURVE('',#5601,#5600,#861,.T.);
#4763=EDGE_CURVE('',#5602,#5188,#862,.T.);
#4764=EDGE_CURVE('',#5602,#5601,#5952,.F.);
#4765=EDGE_CURVE('',#5603,#5187,#863,.T.);
#4766=EDGE_CURVE('',#5603,#5602,#279,.T.);
#4767=EDGE_CURVE('',#5604,#5186,#864,.T.);
#4768=EDGE_CURVE('',#5604,#5603,#280,.T.);
#4769=EDGE_CURVE('',#5605,#5185,#865,.T.);
#4770=EDGE_CURVE('',#5605,#5604,#281,.T.);
#4771=EDGE_CURVE('',#5588,#5605,#866,.T.);
#4772=EDGE_CURVE('',#5606,#5163,#867,.T.);
#4773=EDGE_CURVE('',#5606,#5607,#282,.T.);
#4774=EDGE_CURVE('',#5607,#5164,#868,.T.);
#4775=EDGE_CURVE('',#5608,#5162,#869,.T.);
#4776=EDGE_CURVE('',#5608,#5606,#283,.T.);
#4777=EDGE_CURVE('',#5609,#5181,#870,.T.);
#4778=EDGE_CURVE('',#5609,#5608,#5953,.F.);
#4779=EDGE_CURVE('',#5610,#5180,#871,.T.);
#4780=EDGE_CURVE('',#5610,#5609,#284,.T.);
#4781=EDGE_CURVE('',#5611,#5179,#872,.T.);
#4782=EDGE_CURVE('',#5611,#5610,#5954,.F.);
#4783=EDGE_CURVE('',#5612,#5178,#873,.T.);
#4784=EDGE_CURVE('',#5612,#5611,#285,.T.);
#4785=EDGE_CURVE('',#5613,#5177,#874,.T.);
#4786=EDGE_CURVE('',#5613,#5612,#286,.T.);
#4787=EDGE_CURVE('',#5614,#5176,#875,.T.);
#4788=EDGE_CURVE('',#5614,#5613,#287,.T.);
#4789=EDGE_CURVE('',#5615,#5175,#876,.T.);
#4790=EDGE_CURVE('',#5615,#5614,#288,.T.);
#4791=EDGE_CURVE('',#5616,#5174,#877,.T.);
#4792=EDGE_CURVE('',#5616,#5615,#289,.T.);
#4793=EDGE_CURVE('',#5617,#5173,#878,.T.);
#4794=EDGE_CURVE('',#5617,#5616,#290,.T.);
#4795=EDGE_CURVE('',#5618,#5172,#879,.T.);
#4796=EDGE_CURVE('',#5618,#5617,#291,.T.);
#4797=EDGE_CURVE('',#5619,#5171,#880,.T.);
#4798=EDGE_CURVE('',#5619,#5618,#881,.T.);
#4799=EDGE_CURVE('',#5620,#5170,#882,.T.);
#4800=EDGE_CURVE('',#5620,#5619,#292,.T.);
#4801=EDGE_CURVE('',#5621,#5169,#883,.T.);
#4802=EDGE_CURVE('',#5621,#5620,#5955,.T.);
#4803=EDGE_CURVE('',#5622,#5168,#884,.T.);
#4804=EDGE_CURVE('',#5622,#5621,#293,.T.);
#4805=EDGE_CURVE('',#5623,#5167,#885,.T.);
#4806=EDGE_CURVE('',#5623,#5622,#294,.T.);
#4807=EDGE_CURVE('',#5624,#5166,#886,.T.);
#4808=EDGE_CURVE('',#5624,#5623,#887,.T.);
#4809=EDGE_CURVE('',#5625,#5165,#888,.T.);
#4810=EDGE_CURVE('',#5625,#5624,#889,.T.);
#4811=EDGE_CURVE('',#5626,#5627,#295,.T.);
#4812=EDGE_CURVE('',#5628,#5626,#890,.T.);
#4813=EDGE_CURVE('',#5628,#5629,#296,.T.);
#4814=EDGE_CURVE('',#5629,#5627,#891,.T.);
#4815=EDGE_CURVE('',#5630,#5626,#297,.T.);
#4816=EDGE_CURVE('',#5631,#5630,#892,.T.);
#4817=EDGE_CURVE('',#5631,#5628,#298,.T.);
#4818=EDGE_CURVE('',#5632,#5630,#299,.T.);
#4819=EDGE_CURVE('',#5633,#5632,#893,.T.);
#4820=EDGE_CURVE('',#5633,#5631,#300,.T.);
#4821=EDGE_CURVE('',#5634,#5632,#301,.T.);
#4822=EDGE_CURVE('',#5635,#5634,#894,.T.);
#4823=EDGE_CURVE('',#5635,#5633,#302,.T.);
#4824=EDGE_CURVE('',#5636,#5634,#895,.T.);
#4825=EDGE_CURVE('',#5637,#5636,#896,.T.);
#4826=EDGE_CURVE('',#5637,#5635,#897,.T.);
#4827=EDGE_CURVE('',#5627,#5636,#303,.T.);
#4828=EDGE_CURVE('',#5629,#5637,#304,.T.);
#4829=EDGE_CURVE('',#5607,#5625,#898,.T.);
#4830=EDGE_CURVE('',#5638,#5146,#899,.T.);
#4831=EDGE_CURVE('',#5638,#5639,#900,.T.);
#4832=EDGE_CURVE('',#5639,#5147,#901,.T.);
#4833=EDGE_CURVE('',#5640,#5145,#902,.T.);
#4834=EDGE_CURVE('',#5640,#5638,#903,.T.);
#4835=EDGE_CURVE('',#5641,#5161,#904,.T.);
#4836=EDGE_CURVE('',#5641,#5640,#305,.T.);
#4837=EDGE_CURVE('',#5642,#5160,#905,.T.);
#4838=EDGE_CURVE('',#5642,#5641,#306,.T.);
#4839=EDGE_CURVE('',#5643,#5159,#906,.T.);
#4840=EDGE_CURVE('',#5643,#5642,#307,.T.);
#4841=EDGE_CURVE('',#5644,#5158,#907,.T.);
#4842=EDGE_CURVE('',#5644,#5643,#308,.T.);
#4843=EDGE_CURVE('',#5645,#5157,#908,.T.);
#4844=EDGE_CURVE('',#5645,#5644,#909,.T.);
#4845=EDGE_CURVE('',#5646,#5156,#910,.T.);
#4846=EDGE_CURVE('',#5646,#5645,#911,.T.);
#4847=EDGE_CURVE('',#5647,#5155,#912,.T.);
#4848=EDGE_CURVE('',#5647,#5646,#913,.T.);
#4849=EDGE_CURVE('',#5648,#5154,#914,.T.);
#4850=EDGE_CURVE('',#5648,#5647,#915,.T.);
#4851=EDGE_CURVE('',#5649,#5153,#916,.T.);
#4852=EDGE_CURVE('',#5649,#5648,#917,.T.);
#4853=EDGE_CURVE('',#5650,#5152,#918,.T.);
#4854=EDGE_CURVE('',#5650,#5649,#919,.T.);
#4855=EDGE_CURVE('',#5651,#5151,#920,.T.);
#4856=EDGE_CURVE('',#5651,#5650,#309,.T.);
#4857=EDGE_CURVE('',#5652,#5150,#921,.T.);
#4858=EDGE_CURVE('',#5652,#5651,#310,.T.);
#4859=EDGE_CURVE('',#5653,#5149,#922,.T.);
#4860=EDGE_CURVE('',#5653,#5652,#311,.T.);
#4861=EDGE_CURVE('',#5654,#5148,#923,.T.);
#4862=EDGE_CURVE('',#5654,#5653,#5956,.T.);
#4863=EDGE_CURVE('',#5639,#5654,#924,.T.);
#4864=EDGE_CURVE('',#5655,#5121,#925,.T.);
#4865=EDGE_CURVE('',#5655,#5656,#5957,.T.);
#4866=EDGE_CURVE('',#5656,#5122,#926,.T.);
#4867=EDGE_CURVE('',#5657,#5120,#927,.T.);
#4868=EDGE_CURVE('',#5657,#5655,#312,.T.);
#4869=EDGE_CURVE('',#5658,#5144,#928,.T.);
#4870=EDGE_CURVE('',#5658,#5657,#313,.T.);
#4871=EDGE_CURVE('',#5659,#5143,#929,.T.);
#4872=EDGE_CURVE('',#5659,#5658,#314,.T.);
#4873=EDGE_CURVE('',#5660,#5142,#930,.T.);
#4874=EDGE_CURVE('',#5660,#5659,#931,.T.);
#4875=EDGE_CURVE('',#5661,#5141,#932,.T.);
#4876=EDGE_CURVE('',#5661,#5660,#933,.T.);
#4877=EDGE_CURVE('',#5662,#5140,#934,.T.);
#4878=EDGE_CURVE('',#5662,#5661,#935,.T.);
#4879=EDGE_CURVE('',#5663,#5139,#936,.T.);
#4880=EDGE_CURVE('',#5663,#5662,#937,.T.);
#4881=EDGE_CURVE('',#5664,#5138,#938,.T.);
#4882=EDGE_CURVE('',#5664,#5663,#315,.T.);
#4883=EDGE_CURVE('',#5665,#5137,#939,.T.);
#4884=EDGE_CURVE('',#5665,#5664,#316,.T.);
#4885=EDGE_CURVE('',#5666,#5136,#940,.T.);
#4886=EDGE_CURVE('',#5666,#5665,#317,.T.);
#4887=EDGE_CURVE('',#5667,#5135,#941,.T.);
#4888=EDGE_CURVE('',#5667,#5666,#318,.T.);
#4889=EDGE_CURVE('',#5668,#5134,#942,.T.);
#4890=EDGE_CURVE('',#5668,#5667,#319,.T.);
#4891=EDGE_CURVE('',#5669,#5133,#943,.T.);
#4892=EDGE_CURVE('',#5669,#5668,#320,.T.);
#4893=EDGE_CURVE('',#5670,#5132,#944,.T.);
#4894=EDGE_CURVE('',#5670,#5669,#321,.T.);
#4895=EDGE_CURVE('',#5671,#5131,#945,.T.);
#4896=EDGE_CURVE('',#5671,#5670,#322,.T.);
#4897=EDGE_CURVE('',#5672,#5130,#946,.T.);
#4898=EDGE_CURVE('',#5672,#5671,#323,.T.);
#4899=EDGE_CURVE('',#5673,#5129,#947,.T.);
#4900=EDGE_CURVE('',#5673,#5672,#948,.T.);
#4901=EDGE_CURVE('',#5674,#5128,#949,.T.);
#4902=EDGE_CURVE('',#5674,#5673,#950,.T.);
#4903=EDGE_CURVE('',#5675,#5127,#951,.T.);
#4904=EDGE_CURVE('',#5675,#5674,#952,.T.);
#4905=EDGE_CURVE('',#5676,#5126,#953,.T.);
#4906=EDGE_CURVE('',#5676,#5675,#954,.T.);
#4907=EDGE_CURVE('',#5677,#5125,#955,.T.);
#4908=EDGE_CURVE('',#5677,#5676,#5958,.T.);
#4909=EDGE_CURVE('',#5678,#5124,#956,.T.);
#4910=EDGE_CURVE('',#5678,#5677,#324,.T.);
#4911=EDGE_CURVE('',#5679,#5123,#957,.T.);
#4912=EDGE_CURVE('',#5679,#5678,#5959,.T.);
#4913=EDGE_CURVE('',#5656,#5679,#325,.T.);
#4914=EDGE_CURVE('',#5680,#5116,#958,.T.);
#4915=EDGE_CURVE('',#5680,#5681,#959,.T.);
#4916=EDGE_CURVE('',#5681,#5118,#960,.T.);
#4917=EDGE_CURVE('',#5682,#5117,#961,.T.);
#4918=EDGE_CURVE('',#5680,#5682,#962,.T.);
#4919=EDGE_CURVE('',#5683,#5119,#963,.T.);
#4920=EDGE_CURVE('',#5682,#5683,#964,.T.);
#4921=EDGE_CURVE('',#5681,#5683,#965,.T.);
#4922=EDGE_CURVE('',#5684,#5112,#966,.T.);
#4923=EDGE_CURVE('',#5684,#5685,#967,.T.);
#4924=EDGE_CURVE('',#5685,#5114,#968,.T.);
#4925=EDGE_CURVE('',#5686,#5113,#969,.T.);
#4926=EDGE_CURVE('',#5684,#5686,#970,.T.);
#4927=EDGE_CURVE('',#5687,#5115,#971,.T.);
#4928=EDGE_CURVE('',#5686,#5687,#972,.T.);
#4929=EDGE_CURVE('',#5685,#5687,#973,.T.);
#4930=EDGE_CURVE('',#5688,#5108,#974,.T.);
#4931=EDGE_CURVE('',#5688,#5689,#975,.T.);
#4932=EDGE_CURVE('',#5689,#5110,#976,.T.);
#4933=EDGE_CURVE('',#5690,#5109,#977,.T.);
#4934=EDGE_CURVE('',#5688,#5690,#978,.T.);
#4935=EDGE_CURVE('',#5691,#5111,#979,.T.);
#4936=EDGE_CURVE('',#5690,#5691,#980,.T.);
#4937=EDGE_CURVE('',#5689,#5691,#981,.T.);
#4938=EDGE_CURVE('',#5692,#5104,#982,.T.);
#4939=EDGE_CURVE('',#5692,#5693,#983,.T.);
#4940=EDGE_CURVE('',#5693,#5106,#984,.T.);
#4941=EDGE_CURVE('',#5694,#5105,#985,.T.);
#4942=EDGE_CURVE('',#5692,#5694,#986,.T.);
#4943=EDGE_CURVE('',#5695,#5107,#987,.T.);
#4944=EDGE_CURVE('',#5694,#5695,#988,.T.);
#4945=EDGE_CURVE('',#5693,#5695,#989,.T.);
#4946=EDGE_CURVE('',#5696,#5100,#990,.T.);
#4947=EDGE_CURVE('',#5696,#5697,#991,.T.);
#4948=EDGE_CURVE('',#5697,#5102,#992,.T.);
#4949=EDGE_CURVE('',#5698,#5101,#993,.T.);
#4950=EDGE_CURVE('',#5696,#5698,#994,.T.);
#4951=EDGE_CURVE('',#5699,#5103,#995,.T.);
#4952=EDGE_CURVE('',#5698,#5699,#996,.T.);
#4953=EDGE_CURVE('',#5697,#5699,#997,.T.);
#4954=EDGE_CURVE('',#5700,#5096,#998,.T.);
#4955=EDGE_CURVE('',#5700,#5701,#999,.T.);
#4956=EDGE_CURVE('',#5701,#5098,#1000,.T.);
#4957=EDGE_CURVE('',#5702,#5097,#1001,.T.);
#4958=EDGE_CURVE('',#5700,#5702,#1002,.T.);
#4959=EDGE_CURVE('',#5703,#5099,#1003,.T.);
#4960=EDGE_CURVE('',#5702,#5703,#1004,.T.);
#4961=EDGE_CURVE('',#5701,#5703,#1005,.T.);
#4962=EDGE_CURVE('',#5704,#5092,#1006,.T.);
#4963=EDGE_CURVE('',#5704,#5705,#1007,.T.);
#4964=EDGE_CURVE('',#5705,#5094,#1008,.T.);
#4965=EDGE_CURVE('',#5706,#5093,#1009,.T.);
#4966=EDGE_CURVE('',#5704,#5706,#1010,.T.);
#4967=EDGE_CURVE('',#5707,#5095,#1011,.T.);
#4968=EDGE_CURVE('',#5706,#5707,#1012,.T.);
#4969=EDGE_CURVE('',#5705,#5707,#1013,.T.);
#4970=EDGE_CURVE('',#5708,#5088,#1014,.T.);
#4971=EDGE_CURVE('',#5708,#5709,#1015,.T.);
#4972=EDGE_CURVE('',#5709,#5090,#1016,.T.);
#4973=EDGE_CURVE('',#5710,#5089,#1017,.T.);
#4974=EDGE_CURVE('',#5708,#5710,#1018,.T.);
#4975=EDGE_CURVE('',#5711,#5091,#1019,.T.);
#4976=EDGE_CURVE('',#5710,#5711,#1020,.T.);
#4977=EDGE_CURVE('',#5709,#5711,#1021,.T.);
#4978=EDGE_CURVE('',#5712,#5229,#1022,.T.);
#4979=EDGE_CURVE('',#5713,#5712,#1023,.T.);
#4980=EDGE_CURVE('',#5713,#5228,#1024,.T.);
#4981=EDGE_CURVE('',#5714,#5231,#1025,.T.);
#4982=EDGE_CURVE('',#5712,#5714,#1026,.T.);
#4983=EDGE_CURVE('',#5715,#5230,#1027,.T.);
#4984=EDGE_CURVE('',#5715,#5714,#1028,.T.);
#4985=EDGE_CURVE('',#5713,#5715,#1029,.T.);
#4986=EDGE_CURVE('',#5448,#5251,#1030,.T.);
#4987=EDGE_CURVE('',#5250,#5449,#1031,.F.);
#4988=EDGE_CURVE('',#5248,#5451,#1032,.F.);
#4989=EDGE_CURVE('',#5450,#5249,#1033,.T.);
#4990=EDGE_CURVE('',#5246,#5453,#1034,.F.);
#4991=EDGE_CURVE('',#5452,#5247,#1035,.T.);
#4992=VERTEX_POINT('',#9845);
#4993=VERTEX_POINT('',#9846);
#4994=VERTEX_POINT('',#9848);
#4995=VERTEX_POINT('',#9850);
#4996=VERTEX_POINT('',#9852);
#4997=VERTEX_POINT('',#9854);
#4998=VERTEX_POINT('',#9856);
#4999=VERTEX_POINT('',#9858);
#5000=VERTEX_POINT('',#9861);
#5001=VERTEX_POINT('',#9862);
#5002=VERTEX_POINT('',#9864);
#5003=VERTEX_POINT('',#9866);
#5004=VERTEX_POINT('',#9868);
#5005=VERTEX_POINT('',#9870);
#5006=VERTEX_POINT('',#9872);
#5007=VERTEX_POINT('',#9874);
#5008=VERTEX_POINT('',#9877);
#5009=VERTEX_POINT('',#9878);
#5010=VERTEX_POINT('',#9880);
#5011=VERTEX_POINT('',#9882);
#5012=VERTEX_POINT('',#9884);
#5013=VERTEX_POINT('',#9886);
#5014=VERTEX_POINT('',#9888);
#5015=VERTEX_POINT('',#9890);
#5016=VERTEX_POINT('',#9893);
#5017=VERTEX_POINT('',#9894);
#5018=VERTEX_POINT('',#9896);
#5019=VERTEX_POINT('',#9898);
#5020=VERTEX_POINT('',#9900);
#5021=VERTEX_POINT('',#9902);
#5022=VERTEX_POINT('',#9904);
#5023=VERTEX_POINT('',#9906);
#5024=VERTEX_POINT('',#9909);
#5025=VERTEX_POINT('',#9910);
#5026=VERTEX_POINT('',#9912);
#5027=VERTEX_POINT('',#9914);
#5028=VERTEX_POINT('',#9916);
#5029=VERTEX_POINT('',#9918);
#5030=VERTEX_POINT('',#9920);
#5031=VERTEX_POINT('',#9922);
#5032=VERTEX_POINT('',#9925);
#5033=VERTEX_POINT('',#9926);
#5034=VERTEX_POINT('',#9928);
#5035=VERTEX_POINT('',#9930);
#5036=VERTEX_POINT('',#9932);
#5037=VERTEX_POINT('',#9934);
#5038=VERTEX_POINT('',#9936);
#5039=VERTEX_POINT('',#9938);
#5040=VERTEX_POINT('',#9941);
#5041=VERTEX_POINT('',#9942);
#5042=VERTEX_POINT('',#9944);
#5043=VERTEX_POINT('',#9946);
#5044=VERTEX_POINT('',#9948);
#5045=VERTEX_POINT('',#9950);
#5046=VERTEX_POINT('',#9952);
#5047=VERTEX_POINT('',#9954);
#5048=VERTEX_POINT('',#9957);
#5049=VERTEX_POINT('',#9958);
#5050=VERTEX_POINT('',#9960);
#5051=VERTEX_POINT('',#9962);
#5052=VERTEX_POINT('',#9964);
#5053=VERTEX_POINT('',#9966);
#5054=VERTEX_POINT('',#9968);
#5055=VERTEX_POINT('',#9970);
#5056=VERTEX_POINT('',#9973);
#5057=VERTEX_POINT('',#9974);
#5058=VERTEX_POINT('',#9976);
#5059=VERTEX_POINT('',#9978);
#5060=VERTEX_POINT('',#9980);
#5061=VERTEX_POINT('',#9982);
#5062=VERTEX_POINT('',#9984);
#5063=VERTEX_POINT('',#9986);
#5064=VERTEX_POINT('',#9989);
#5065=VERTEX_POINT('',#9990);
#5066=VERTEX_POINT('',#9992);
#5067=VERTEX_POINT('',#9994);
#5068=VERTEX_POINT('',#9996);
#5069=VERTEX_POINT('',#9998);
#5070=VERTEX_POINT('',#10000);
#5071=VERTEX_POINT('',#10002);
#5072=VERTEX_POINT('',#10005);
#5073=VERTEX_POINT('',#10006);
#5074=VERTEX_POINT('',#10008);
#5075=VERTEX_POINT('',#10010);
#5076=VERTEX_POINT('',#10012);
#5077=VERTEX_POINT('',#10014);
#5078=VERTEX_POINT('',#10016);
#5079=VERTEX_POINT('',#10018);
#5080=VERTEX_POINT('',#10021);
#5081=VERTEX_POINT('',#10022);
#5082=VERTEX_POINT('',#10024);
#5083=VERTEX_POINT('',#10026);
#5084=VERTEX_POINT('',#10028);
#5085=VERTEX_POINT('',#10030);
#5086=VERTEX_POINT('',#10032);
#5087=VERTEX_POINT('',#10034);
#5088=VERTEX_POINT('',#10037);
#5089=VERTEX_POINT('',#10038);
#5090=VERTEX_POINT('',#10040);
#5091=VERTEX_POINT('',#10042);
#5092=VERTEX_POINT('',#10045);
#5093=VERTEX_POINT('',#10046);
#5094=VERTEX_POINT('',#10048);
#5095=VERTEX_POINT('',#10050);
#5096=VERTEX_POINT('',#10053);
#5097=VERTEX_POINT('',#10054);
#5098=VERTEX_POINT('',#10056);
#5099=VERTEX_POINT('',#10058);
#5100=VERTEX_POINT('',#10061);
#5101=VERTEX_POINT('',#10062);
#5102=VERTEX_POINT('',#10064);
#5103=VERTEX_POINT('',#10066);
#5104=VERTEX_POINT('',#10069);
#5105=VERTEX_POINT('',#10070);
#5106=VERTEX_POINT('',#10072);
#5107=VERTEX_POINT('',#10074);
#5108=VERTEX_POINT('',#10077);
#5109=VERTEX_POINT('',#10078);
#5110=VERTEX_POINT('',#10080);
#5111=VERTEX_POINT('',#10082);
#5112=VERTEX_POINT('',#10085);
#5113=VERTEX_POINT('',#10086);
#5114=VERTEX_POINT('',#10088);
#5115=VERTEX_POINT('',#10090);
#5116=VERTEX_POINT('',#10093);
#5117=VERTEX_POINT('',#10094);
#5118=VERTEX_POINT('',#10096);
#5119=VERTEX_POINT('',#10098);
#5120=VERTEX_POINT('',#10103);
#5121=VERTEX_POINT('',#10104);
#5122=VERTEX_POINT('',#10106);
#5123=VERTEX_POINT('',#10110);
#5124=VERTEX_POINT('',#10112);
#5125=VERTEX_POINT('',#10116);
#5126=VERTEX_POINT('',#10118);
#5127=VERTEX_POINT('',#10120);
#5128=VERTEX_POINT('',#10122);
#5129=VERTEX_POINT('',#10124);
#5130=VERTEX_POINT('',#10126);
#5131=VERTEX_POINT('',#10130);
#5132=VERTEX_POINT('',#10134);
#5133=VERTEX_POINT('',#10138);
#5134=VERTEX_POINT('',#10142);
#5135=VERTEX_POINT('',#10146);
#5136=VERTEX_POINT('',#10150);
#5137=VERTEX_POINT('',#10154);
#5138=VERTEX_POINT('',#10158);
#5139=VERTEX_POINT('',#10162);
#5140=VERTEX_POINT('',#10164);
#5141=VERTEX_POINT('',#10166);
#5142=VERTEX_POINT('',#10168);
#5143=VERTEX_POINT('',#10170);
#5144=VERTEX_POINT('',#10174);
#5145=VERTEX_POINT('',#10179);
#5146=VERTEX_POINT('',#10180);
#5147=VERTEX_POINT('',#10182);
#5148=VERTEX_POINT('',#10184);
#5149=VERTEX_POINT('',#10186);
#5150=VERTEX_POINT('',#10190);
#5151=VERTEX_POINT('',#10194);
#5152=VERTEX_POINT('',#10198);
#5153=VERTEX_POINT('',#10200);
#5154=VERTEX_POINT('',#10202);
#5155=VERTEX_POINT('',#10204);
#5156=VERTEX_POINT('',#10206);
#5157=VERTEX_POINT('',#10208);
#5158=VERTEX_POINT('',#10210);
#5159=VERTEX_POINT('',#10214);
#5160=VERTEX_POINT('',#10218);
#5161=VERTEX_POINT('',#10222);
#5162=VERTEX_POINT('',#10229);
#5163=VERTEX_POINT('',#10230);
#5164=VERTEX_POINT('',#10234);
#5165=VERTEX_POINT('',#10236);
#5166=VERTEX_POINT('',#10238);
#5167=VERTEX_POINT('',#10240);
#5168=VERTEX_POINT('',#10244);
#5169=VERTEX_POINT('',#10248);
#5170=VERTEX_POINT('',#10250);
#5171=VERTEX_POINT('',#10254);
#5172=VERTEX_POINT('',#10256);
#5173=VERTEX_POINT('',#10260);
#5174=VERTEX_POINT('',#10264);
#5175=VERTEX_POINT('',#10268);
#5176=VERTEX_POINT('',#10272);
#5177=VERTEX_POINT('',#10276);
#5178=VERTEX_POINT('',#10280);
#5179=VERTEX_POINT('',#10284);
#5180=VERTEX_POINT('',#10286);
#5181=VERTEX_POINT('',#10290);
#5182=VERTEX_POINT('',#10295);
#5183=VERTEX_POINT('',#10296);
#5184=VERTEX_POINT('',#10300);
#5185=VERTEX_POINT('',#10302);
#5186=VERTEX_POINT('',#10306);
#5187=VERTEX_POINT('',#10310);
#5188=VERTEX_POINT('',#10314);
#5189=VERTEX_POINT('',#10316);
#5190=VERTEX_POINT('',#10318);
#5191=VERTEX_POINT('',#10320);
#5192=VERTEX_POINT('',#10322);
#5193=VERTEX_POINT('',#10324);
#5194=VERTEX_POINT('',#10326);
#5195=VERTEX_POINT('',#10328);
#5196=VERTEX_POINT('',#10330);
#5197=VERTEX_POINT('',#10332);
#5198=VERTEX_POINT('',#10334);
#5199=VERTEX_POINT('',#10336);
#5200=VERTEX_POINT('',#10338);
#5201=VERTEX_POINT('',#10341);
#5202=VERTEX_POINT('',#10342);
#5203=VERTEX_POINT('',#10346);
#5204=VERTEX_POINT('',#10350);
#5205=VERTEX_POINT('',#10354);
#5206=VERTEX_POINT('',#10356);
#5207=VERTEX_POINT('',#10358);
#5208=VERTEX_POINT('',#10362);
#5209=VERTEX_POINT('',#10366);
#5210=VERTEX_POINT('',#10370);
#5211=VERTEX_POINT('',#10374);
#5212=VERTEX_POINT('',#10378);
#5213=VERTEX_POINT('',#10382);
#5214=VERTEX_POINT('',#10386);
#5215=VERTEX_POINT('',#10390);
#5216=VERTEX_POINT('',#10394);
#5217=VERTEX_POINT('',#10398);
#5218=VERTEX_POINT('',#10400);
#5219=VERTEX_POINT('',#10404);
#5220=VERTEX_POINT('',#10408);
#5221=VERTEX_POINT('',#10410);
#5222=VERTEX_POINT('',#10414);
#5223=VERTEX_POINT('',#10418);
#5224=VERTEX_POINT('',#10423);
#5225=VERTEX_POINT('',#10425);
#5226=VERTEX_POINT('',#10427);
#5227=VERTEX_POINT('',#10429);
#5228=VERTEX_POINT('',#10431);
#5229=VERTEX_POINT('',#10432);
#5230=VERTEX_POINT('',#10434);
#5231=VERTEX_POINT('',#10436);
#5232=VERTEX_POINT('',#10439);
#5233=VERTEX_POINT('',#10440);
#5234=VERTEX_POINT('',#10442);
#5235=VERTEX_POINT('',#10444);
#5236=VERTEX_POINT('',#10446);
#5237=VERTEX_POINT('',#10450);
#5238=VERTEX_POINT('',#10452);
#5239=VERTEX_POINT('',#10454);
#5240=VERTEX_POINT('',#10456);
#5241=VERTEX_POINT('',#10460);
#5242=VERTEX_POINT('',#10462);
#5243=VERTEX_POINT('',#10464);
#5244=VERTEX_POINT('',#10466);
#5245=VERTEX_POINT('',#10468);
#5246=VERTEX_POINT('',#10470);
#5247=VERTEX_POINT('',#10472);
#5248=VERTEX_POINT('',#10474);
#5249=VERTEX_POINT('',#10476);
#5250=VERTEX_POINT('',#10478);
#5251=VERTEX_POINT('',#10480);
#5252=VERTEX_POINT('',#10483);
#5253=VERTEX_POINT('',#10484);
#5254=VERTEX_POINT('',#10486);
#5255=VERTEX_POINT('',#10488);
#5256=VERTEX_POINT('',#10490);
#5257=VERTEX_POINT('',#10492);
#5258=VERTEX_POINT('',#10494);
#5259=VERTEX_POINT('',#10496);
#5260=VERTEX_POINT('',#10499);
#5261=VERTEX_POINT('',#10500);
#5262=VERTEX_POINT('',#10502);
#5263=VERTEX_POINT('',#10504);
#5264=VERTEX_POINT('',#10506);
#5265=VERTEX_POINT('',#10508);
#5266=VERTEX_POINT('',#10510);
#5267=VERTEX_POINT('',#10512);
#5268=VERTEX_POINT('',#10515);
#5269=VERTEX_POINT('',#10516);
#5270=VERTEX_POINT('',#10518);
#5271=VERTEX_POINT('',#10520);
#5272=VERTEX_POINT('',#10522);
#5273=VERTEX_POINT('',#10524);
#5274=VERTEX_POINT('',#10526);
#5275=VERTEX_POINT('',#10528);
#5276=VERTEX_POINT('',#10531);
#5277=VERTEX_POINT('',#10532);
#5278=VERTEX_POINT('',#10534);
#5279=VERTEX_POINT('',#10536);
#5280=VERTEX_POINT('',#10538);
#5281=VERTEX_POINT('',#10540);
#5282=VERTEX_POINT('',#10542);
#5283=VERTEX_POINT('',#10544);
#5284=VERTEX_POINT('',#10547);
#5285=VERTEX_POINT('',#10548);
#5286=VERTEX_POINT('',#10550);
#5287=VERTEX_POINT('',#10552);
#5288=VERTEX_POINT('',#10554);
#5289=VERTEX_POINT('',#10556);
#5290=VERTEX_POINT('',#10558);
#5291=VERTEX_POINT('',#10560);
#5292=VERTEX_POINT('',#10563);
#5293=VERTEX_POINT('',#10564);
#5294=VERTEX_POINT('',#10566);
#5295=VERTEX_POINT('',#10568);
#5296=VERTEX_POINT('',#10570);
#5297=VERTEX_POINT('',#10572);
#5298=VERTEX_POINT('',#10574);
#5299=VERTEX_POINT('',#10576);
#5300=VERTEX_POINT('',#10579);
#5301=VERTEX_POINT('',#10580);
#5302=VERTEX_POINT('',#10582);
#5303=VERTEX_POINT('',#10584);
#5304=VERTEX_POINT('',#10586);
#5305=VERTEX_POINT('',#10588);
#5306=VERTEX_POINT('',#10590);
#5307=VERTEX_POINT('',#10592);
#5308=VERTEX_POINT('',#10595);
#5309=VERTEX_POINT('',#10596);
#5310=VERTEX_POINT('',#10598);
#5311=VERTEX_POINT('',#10600);
#5312=VERTEX_POINT('',#10602);
#5313=VERTEX_POINT('',#10604);
#5314=VERTEX_POINT('',#10606);
#5315=VERTEX_POINT('',#10608);
#5316=VERTEX_POINT('',#10611);
#5317=VERTEX_POINT('',#10612);
#5318=VERTEX_POINT('',#10614);
#5319=VERTEX_POINT('',#10616);
#5320=VERTEX_POINT('',#10618);
#5321=VERTEX_POINT('',#10620);
#5322=VERTEX_POINT('',#10622);
#5323=VERTEX_POINT('',#10624);
#5324=VERTEX_POINT('',#10627);
#5325=VERTEX_POINT('',#10628);
#5326=VERTEX_POINT('',#10630);
#5327=VERTEX_POINT('',#10632);
#5328=VERTEX_POINT('',#10634);
#5329=VERTEX_POINT('',#10636);
#5330=VERTEX_POINT('',#10638);
#5331=VERTEX_POINT('',#10640);
#5332=VERTEX_POINT('',#10643);
#5333=VERTEX_POINT('',#10644);
#5334=VERTEX_POINT('',#10646);
#5335=VERTEX_POINT('',#10648);
#5336=VERTEX_POINT('',#10650);
#5337=VERTEX_POINT('',#10652);
#5338=VERTEX_POINT('',#10654);
#5339=VERTEX_POINT('',#10656);
#5340=VERTEX_POINT('',#10659);
#5341=VERTEX_POINT('',#10660);
#5342=VERTEX_POINT('',#10662);
#5343=VERTEX_POINT('',#10664);
#5344=VERTEX_POINT('',#10666);
#5345=VERTEX_POINT('',#10668);
#5346=VERTEX_POINT('',#10670);
#5347=VERTEX_POINT('',#10672);
#5348=VERTEX_POINT('',#10676);
#5349=VERTEX_POINT('',#10677);
#5350=VERTEX_POINT('',#10682);
#5351=VERTEX_POINT('',#10683);
#5352=VERTEX_POINT('',#10685);
#5353=VERTEX_POINT('',#10687);
#5354=VERTEX_POINT('',#10689);
#5355=VERTEX_POINT('',#10691);
#5356=VERTEX_POINT('',#10693);
#5357=VERTEX_POINT('',#10695);
#5358=VERTEX_POINT('',#10698);
#5359=VERTEX_POINT('',#10699);
#5360=VERTEX_POINT('',#10701);
#5361=VERTEX_POINT('',#10703);
#5362=VERTEX_POINT('',#10705);
#5363=VERTEX_POINT('',#10707);
#5364=VERTEX_POINT('',#10709);
#5365=VERTEX_POINT('',#10711);
#5366=VERTEX_POINT('',#10714);
#5367=VERTEX_POINT('',#10715);
#5368=VERTEX_POINT('',#10717);
#5369=VERTEX_POINT('',#10719);
#5370=VERTEX_POINT('',#10721);
#5371=VERTEX_POINT('',#10723);
#5372=VERTEX_POINT('',#10725);
#5373=VERTEX_POINT('',#10727);
#5374=VERTEX_POINT('',#10730);
#5375=VERTEX_POINT('',#10731);
#5376=VERTEX_POINT('',#10733);
#5377=VERTEX_POINT('',#10735);
#5378=VERTEX_POINT('',#10737);
#5379=VERTEX_POINT('',#10739);
#5380=VERTEX_POINT('',#10741);
#5381=VERTEX_POINT('',#10743);
#5382=VERTEX_POINT('',#10746);
#5383=VERTEX_POINT('',#10747);
#5384=VERTEX_POINT('',#10749);
#5385=VERTEX_POINT('',#10751);
#5386=VERTEX_POINT('',#10753);
#5387=VERTEX_POINT('',#10755);
#5388=VERTEX_POINT('',#10757);
#5389=VERTEX_POINT('',#10759);
#5390=VERTEX_POINT('',#10762);
#5391=VERTEX_POINT('',#10763);
#5392=VERTEX_POINT('',#10765);
#5393=VERTEX_POINT('',#10767);
#5394=VERTEX_POINT('',#10769);
#5395=VERTEX_POINT('',#10771);
#5396=VERTEX_POINT('',#10773);
#5397=VERTEX_POINT('',#10775);
#5398=VERTEX_POINT('',#10778);
#5399=VERTEX_POINT('',#10779);
#5400=VERTEX_POINT('',#10781);
#5401=VERTEX_POINT('',#10783);
#5402=VERTEX_POINT('',#10785);
#5403=VERTEX_POINT('',#10787);
#5404=VERTEX_POINT('',#10789);
#5405=VERTEX_POINT('',#10791);
#5406=VERTEX_POINT('',#10794);
#5407=VERTEX_POINT('',#10795);
#5408=VERTEX_POINT('',#10797);
#5409=VERTEX_POINT('',#10799);
#5410=VERTEX_POINT('',#10801);
#5411=VERTEX_POINT('',#10803);
#5412=VERTEX_POINT('',#10805);
#5413=VERTEX_POINT('',#10807);
#5414=VERTEX_POINT('',#10810);
#5415=VERTEX_POINT('',#10811);
#5416=VERTEX_POINT('',#10813);
#5417=VERTEX_POINT('',#10815);
#5418=VERTEX_POINT('',#10817);
#5419=VERTEX_POINT('',#10819);
#5420=VERTEX_POINT('',#10821);
#5421=VERTEX_POINT('',#10823);
#5422=VERTEX_POINT('',#10826);
#5423=VERTEX_POINT('',#10827);
#5424=VERTEX_POINT('',#10829);
#5425=VERTEX_POINT('',#10831);
#5426=VERTEX_POINT('',#10833);
#5427=VERTEX_POINT('',#10835);
#5428=VERTEX_POINT('',#10837);
#5429=VERTEX_POINT('',#10839);
#5430=VERTEX_POINT('',#10842);
#5431=VERTEX_POINT('',#10843);
#5432=VERTEX_POINT('',#10845);
#5433=VERTEX_POINT('',#10847);
#5434=VERTEX_POINT('',#10849);
#5435=VERTEX_POINT('',#10851);
#5436=VERTEX_POINT('',#10853);
#5437=VERTEX_POINT('',#10855);
#5438=VERTEX_POINT('',#10858);
#5439=VERTEX_POINT('',#10859);
#5440=VERTEX_POINT('',#10861);
#5441=VERTEX_POINT('',#10863);
#5442=VERTEX_POINT('',#10865);
#5443=VERTEX_POINT('',#10867);
#5444=VERTEX_POINT('',#10869);
#5445=VERTEX_POINT('',#10871);
#5446=VERTEX_POINT('',#10874);
#5447=VERTEX_POINT('',#10875);
#5448=VERTEX_POINT('',#10878);
#5449=VERTEX_POINT('',#10880);
#5450=VERTEX_POINT('',#10882);
#5451=VERTEX_POINT('',#10884);
#5452=VERTEX_POINT('',#10886);
#5453=VERTEX_POINT('',#10888);
#5454=VERTEX_POINT('',#10890);
#5455=VERTEX_POINT('',#10892);
#5456=VERTEX_POINT('',#10894);
#5457=VERTEX_POINT('',#10896);
#5458=VERTEX_POINT('',#10898);
#5459=VERTEX_POINT('',#10902);
#5460=VERTEX_POINT('',#10904);
#5461=VERTEX_POINT('',#10906);
#5462=VERTEX_POINT('',#10908);
#5463=VERTEX_POINT('',#10912);
#5464=VERTEX_POINT('',#10915);
#5465=VERTEX_POINT('',#10917);
#5466=VERTEX_POINT('',#10919);
#5467=VERTEX_POINT('',#10921);
#5468=VERTEX_POINT('',#10923);
#5469=VERTEX_POINT('',#10924);
#5470=VERTEX_POINT('',#10926);
#5471=VERTEX_POINT('',#10928);
#5472=VERTEX_POINT('',#10930);
#5473=VERTEX_POINT('',#10932);
#5474=VERTEX_POINT('',#10934);
#5475=VERTEX_POINT('',#10936);
#5476=VERTEX_POINT('',#10939);
#5477=VERTEX_POINT('',#10940);
#5478=VERTEX_POINT('',#10942);
#5479=VERTEX_POINT('',#10944);
#5480=VERTEX_POINT('',#10946);
#5481=VERTEX_POINT('',#10948);
#5482=VERTEX_POINT('',#10950);
#5483=VERTEX_POINT('',#10952);
#5484=VERTEX_POINT('',#10955);
#5485=VERTEX_POINT('',#10956);
#5486=VERTEX_POINT('',#10958);
#5487=VERTEX_POINT('',#10960);
#5488=VERTEX_POINT('',#10962);
#5489=VERTEX_POINT('',#10964);
#5490=VERTEX_POINT('',#10966);
#5491=VERTEX_POINT('',#10968);
#5492=VERTEX_POINT('',#10971);
#5493=VERTEX_POINT('',#10972);
#5494=VERTEX_POINT('',#10974);
#5495=VERTEX_POINT('',#10976);
#5496=VERTEX_POINT('',#10978);
#5497=VERTEX_POINT('',#10980);
#5498=VERTEX_POINT('',#10982);
#5499=VERTEX_POINT('',#10984);
#5500=VERTEX_POINT('',#10987);
#5501=VERTEX_POINT('',#10988);
#5502=VERTEX_POINT('',#10990);
#5503=VERTEX_POINT('',#10992);
#5504=VERTEX_POINT('',#10994);
#5505=VERTEX_POINT('',#10996);
#5506=VERTEX_POINT('',#10998);
#5507=VERTEX_POINT('',#11000);
#5508=VERTEX_POINT('',#11003);
#5509=VERTEX_POINT('',#11004);
#5510=VERTEX_POINT('',#11006);
#5511=VERTEX_POINT('',#11008);
#5512=VERTEX_POINT('',#11010);
#5513=VERTEX_POINT('',#11012);
#5514=VERTEX_POINT('',#11014);
#5515=VERTEX_POINT('',#11016);
#5516=VERTEX_POINT('',#11019);
#5517=VERTEX_POINT('',#11020);
#5518=VERTEX_POINT('',#11022);
#5519=VERTEX_POINT('',#11024);
#5520=VERTEX_POINT('',#11026);
#5521=VERTEX_POINT('',#11028);
#5522=VERTEX_POINT('',#11030);
#5523=VERTEX_POINT('',#11032);
#5524=VERTEX_POINT('',#11035);
#5525=VERTEX_POINT('',#11036);
#5526=VERTEX_POINT('',#11038);
#5527=VERTEX_POINT('',#11040);
#5528=VERTEX_POINT('',#11042);
#5529=VERTEX_POINT('',#11044);
#5530=VERTEX_POINT('',#11046);
#5531=VERTEX_POINT('',#11048);
#5532=VERTEX_POINT('',#11051);
#5533=VERTEX_POINT('',#11052);
#5534=VERTEX_POINT('',#11054);
#5535=VERTEX_POINT('',#11056);
#5536=VERTEX_POINT('',#11058);
#5537=VERTEX_POINT('',#11060);
#5538=VERTEX_POINT('',#11062);
#5539=VERTEX_POINT('',#11064);
#5540=VERTEX_POINT('',#11067);
#5541=VERTEX_POINT('',#11068);
#5542=VERTEX_POINT('',#11070);
#5543=VERTEX_POINT('',#11072);
#5544=VERTEX_POINT('',#11074);
#5545=VERTEX_POINT('',#11076);
#5546=VERTEX_POINT('',#11078);
#5547=VERTEX_POINT('',#11080);
#5548=VERTEX_POINT('',#11083);
#5549=VERTEX_POINT('',#11084);
#5550=VERTEX_POINT('',#11086);
#5551=VERTEX_POINT('',#11088);
#5552=VERTEX_POINT('',#11090);
#5553=VERTEX_POINT('',#11092);
#5554=VERTEX_POINT('',#11094);
#5555=VERTEX_POINT('',#11096);
#5556=VERTEX_POINT('',#11099);
#5557=VERTEX_POINT('',#11100);
#5558=VERTEX_POINT('',#11102);
#5559=VERTEX_POINT('',#11104);
#5560=VERTEX_POINT('',#11106);
#5561=VERTEX_POINT('',#11108);
#5562=VERTEX_POINT('',#11110);
#5563=VERTEX_POINT('',#11112);
#5564=VERTEX_POINT('',#11543);
#5565=VERTEX_POINT('',#11547);
#5566=VERTEX_POINT('',#11551);
#5567=VERTEX_POINT('',#11562);
#5568=VERTEX_POINT('',#11575);
#5569=VERTEX_POINT('',#11588);
#5570=VERTEX_POINT('',#11594);
#5571=VERTEX_POINT('',#11605);
#5572=VERTEX_POINT('',#11618);
#5573=VERTEX_POINT('',#11624);
#5574=VERTEX_POINT('',#11635);
#5575=VERTEX_POINT('',#11648);
#5576=VERTEX_POINT('',#11661);
#5577=VERTEX_POINT('',#11674);
#5578=VERTEX_POINT('',#11687);
#5579=VERTEX_POINT('',#11700);
#5580=VERTEX_POINT('',#11713);
#5581=VERTEX_POINT('',#11726);
#5582=VERTEX_POINT('',#11739);
#5583=VERTEX_POINT('',#11752);
#5584=VERTEX_POINT('',#11758);
#5585=VERTEX_POINT('',#11762);
#5586=VERTEX_POINT('',#11773);
#5587=VERTEX_POINT('',#11798);
#5588=VERTEX_POINT('',#11802);
#5589=VERTEX_POINT('',#11813);
#5590=VERTEX_POINT('',#11819);
#5591=VERTEX_POINT('',#11823);
#5592=VERTEX_POINT('',#11827);
#5593=VERTEX_POINT('',#11831);
#5594=VERTEX_POINT('',#11835);
#5595=VERTEX_POINT('',#11839);
#5596=VERTEX_POINT('',#11843);
#5597=VERTEX_POINT('',#11847);
#5598=VERTEX_POINT('',#11851);
#5599=VERTEX_POINT('',#11855);
#5600=VERTEX_POINT('',#11859);
#5601=VERTEX_POINT('',#11863);
#5602=VERTEX_POINT('',#11867);
#5603=VERTEX_POINT('',#11878);
#5604=VERTEX_POINT('',#11891);
#5605=VERTEX_POINT('',#11904);
#5606=VERTEX_POINT('',#11920);
#5607=VERTEX_POINT('',#11924);
#5608=VERTEX_POINT('',#11935);
#5609=VERTEX_POINT('',#11941);
#5610=VERTEX_POINT('',#11952);
#5611=VERTEX_POINT('',#11958);
#5612=VERTEX_POINT('',#11969);
#5613=VERTEX_POINT('',#11982);
#5614=VERTEX_POINT('',#11995);
#5615=VERTEX_POINT('',#12008);
#5616=VERTEX_POINT('',#12021);
#5617=VERTEX_POINT('',#12034);
#5618=VERTEX_POINT('',#12047);
#5619=VERTEX_POINT('',#12053);
#5620=VERTEX_POINT('',#12064);
#5621=VERTEX_POINT('',#12070);
#5622=VERTEX_POINT('',#12081);
#5623=VERTEX_POINT('',#12094);
#5624=VERTEX_POINT('',#12100);
#5625=VERTEX_POINT('',#12104);
#5626=VERTEX_POINT('',#12117);
#5627=VERTEX_POINT('',#12118);
#5628=VERTEX_POINT('',#12120);
#5629=VERTEX_POINT('',#12124);
#5630=VERTEX_POINT('',#12137);
#5631=VERTEX_POINT('',#12139);
#5632=VERTEX_POINT('',#12154);
#5633=VERTEX_POINT('',#12156);
#5634=VERTEX_POINT('',#12171);
#5635=VERTEX_POINT('',#12173);
#5636=VERTEX_POINT('',#12179);
#5637=VERTEX_POINT('',#12181);
#5638=VERTEX_POINT('',#12203);
#5639=VERTEX_POINT('',#12205);
#5640=VERTEX_POINT('',#12209);
#5641=VERTEX_POINT('',#12220);
#5642=VERTEX_POINT('',#12233);
#5643=VERTEX_POINT('',#12246);
#5644=VERTEX_POINT('',#12259);
#5645=VERTEX_POINT('',#12265);
#5646=VERTEX_POINT('',#12269);
#5647=VERTEX_POINT('',#12273);
#5648=VERTEX_POINT('',#12277);
#5649=VERTEX_POINT('',#12281);
#5650=VERTEX_POINT('',#12285);
#5651=VERTEX_POINT('',#12296);
#5652=VERTEX_POINT('',#12309);
#5653=VERTEX_POINT('',#12322);
#5654=VERTEX_POINT('',#12328);
#5655=VERTEX_POINT('',#12335);
#5656=VERTEX_POINT('',#12337);
#5657=VERTEX_POINT('',#12348);
#5658=VERTEX_POINT('',#12361);
#5659=VERTEX_POINT('',#12374);
#5660=VERTEX_POINT('',#12380);
#5661=VERTEX_POINT('',#12384);
#5662=VERTEX_POINT('',#12388);
#5663=VERTEX_POINT('',#12392);
#5664=VERTEX_POINT('',#12403);
#5665=VERTEX_POINT('',#12416);
#5666=VERTEX_POINT('',#12429);
#5667=VERTEX_POINT('',#12442);
#5668=VERTEX_POINT('',#12455);
#5669=VERTEX_POINT('',#12468);
#5670=VERTEX_POINT('',#12481);
#5671=VERTEX_POINT('',#12494);
#5672=VERTEX_POINT('',#12507);
#5673=VERTEX_POINT('',#12513);
#5674=VERTEX_POINT('',#12517);
#5675=VERTEX_POINT('',#12521);
#5676=VERTEX_POINT('',#12525);
#5677=VERTEX_POINT('',#12529);
#5678=VERTEX_POINT('',#12540);
#5679=VERTEX_POINT('',#12546);
#5680=VERTEX_POINT('',#12562);
#5681=VERTEX_POINT('',#12564);
#5682=VERTEX_POINT('',#12568);
#5683=VERTEX_POINT('',#12572);
#5684=VERTEX_POINT('',#12579);
#5685=VERTEX_POINT('',#12581);
#5686=VERTEX_POINT('',#12585);
#5687=VERTEX_POINT('',#12589);
#5688=VERTEX_POINT('',#12596);
#5689=VERTEX_POINT('',#12598);
#5690=VERTEX_POINT('',#12602);
#5691=VERTEX_POINT('',#12606);
#5692=VERTEX_POINT('',#12613);
#5693=VERTEX_POINT('',#12615);
#5694=VERTEX_POINT('',#12619);
#5695=VERTEX_POINT('',#12623);
#5696=VERTEX_POINT('',#12630);
#5697=VERTEX_POINT('',#12632);
#5698=VERTEX_POINT('',#12636);
#5699=VERTEX_POINT('',#12640);
#5700=VERTEX_POINT('',#12647);
#5701=VERTEX_POINT('',#12649);
#5702=VERTEX_POINT('',#12653);
#5703=VERTEX_POINT('',#12657);
#5704=VERTEX_POINT('',#12664);
#5705=VERTEX_POINT('',#12666);
#5706=VERTEX_POINT('',#12670);
#5707=VERTEX_POINT('',#12674);
#5708=VERTEX_POINT('',#12681);
#5709=VERTEX_POINT('',#12683);
#5710=VERTEX_POINT('',#12687);
#5711=VERTEX_POINT('',#12691);
#5712=VERTEX_POINT('',#12698);
#5713=VERTEX_POINT('',#12700);
#5714=VERTEX_POINT('',#12704);
#5715=VERTEX_POINT('',#12708);
#5716=CIRCLE('',#7454,0.0015);
#5717=CIRCLE('',#7455,0.0015);
#5718=CIRCLE('',#7456,0.0015);
#5719=CIRCLE('',#7457,0.0015);
#5720=CIRCLE('',#7458,0.0015);
#5721=CIRCLE('',#7459,0.0015);
#5722=CIRCLE('',#7460,0.0015);
#5723=CIRCLE('',#7461,0.0015);
#5724=CIRCLE('',#7462,0.0015);
#5725=CIRCLE('',#7463,0.0015);
#5726=CIRCLE('',#7464,0.0015);
#5727=CIRCLE('',#7465,0.0015);
#5728=CIRCLE('',#7466,0.0015);
#5729=CIRCLE('',#7467,0.0015);
#5730=CIRCLE('',#7468,0.0015);
#5731=CIRCLE('',#7469,0.0015);
#5732=CIRCLE('',#7470,0.0015);
#5733=CIRCLE('',#7471,0.0015);
#5734=CIRCLE('',#7472,0.0015);
#5735=CIRCLE('',#7473,0.0015);
#5736=CIRCLE('',#7474,0.0015);
#5737=CIRCLE('',#7475,0.0015);
#5738=CIRCLE('',#7476,0.0015);
#5739=CIRCLE('',#7477,0.0015);
#5740=CIRCLE('',#7478,0.0015);
#5741=CIRCLE('',#7479,0.0015);
#5742=CIRCLE('',#7480,0.0015);
#5743=CIRCLE('',#7481,0.0015);
#5744=CIRCLE('',#7482,0.0015);
#5745=CIRCLE('',#7483,0.0015);
#5746=CIRCLE('',#7484,0.0015);
#5747=CIRCLE('',#7485,0.0015);
#5748=CIRCLE('',#7486,0.0015);
#5749=CIRCLE('',#7487,0.0015);
#5750=CIRCLE('',#7488,0.0015);
#5751=CIRCLE('',#7489,0.0015);
#5752=CIRCLE('',#7490,0.0015);
#5753=CIRCLE('',#7491,0.0015);
#5754=CIRCLE('',#7492,0.0015);
#5755=CIRCLE('',#7493,0.0015);
#5756=CIRCLE('',#7494,0.0015);
#5757=CIRCLE('',#7495,0.0015);
#5758=CIRCLE('',#7496,0.0015);
#5759=CIRCLE('',#7497,0.0015);
#5760=CIRCLE('',#7498,0.0015);
#5761=CIRCLE('',#7499,0.0015);
#5762=CIRCLE('',#7500,0.0015);
#5763=CIRCLE('',#7501,0.0015);
#5764=CIRCLE('',#7502,0.0017654074458159);
#5765=CIRCLE('',#7503,0.00338899824823575);
#5766=CIRCLE('',#7504,0.00242030584586534);
#5767=CIRCLE('',#7505,0.00280225619742081);
#5768=CIRCLE('',#7506,0.00322023322422614);
#5769=CIRCLE('',#7507,0.00137577680626809);
#5770=CIRCLE('',#7508,0.00175869677476051);
#5771=CIRCLE('',#7509,0.00319307602988312);
#5772=CIRCLE('',#7510,0.0014435323928434);
#5773=CIRCLE('',#7511,0.00145830227869736);
#5774=CIRCLE('',#7512,0.00290179637467961);
#5775=CIRCLE('',#7513,0.000422306247928203);
#5776=CIRCLE('',#7514,0.0011);
#5777=CIRCLE('',#7515,0.0011);
#5778=CIRCLE('',#7516,0.0011);
#5779=CIRCLE('',#7517,0.0011);
#5780=CIRCLE('',#7518,0.001);
#5781=CIRCLE('',#7519,0.001);
#5782=CIRCLE('',#7520,0.001);
#5783=CIRCLE('',#7521,0.001);
#5784=CIRCLE('',#7522,0.001);
#5785=CIRCLE('',#7523,0.001);
#5786=CIRCLE('',#7524,0.001);
#5787=CIRCLE('',#7525,0.001);
#5788=CIRCLE('',#7526,0.001);
#5789=CIRCLE('',#7527,0.001);
#5790=CIRCLE('',#7528,0.0015);
#5791=CIRCLE('',#7529,0.0015);
#5792=CIRCLE('',#7530,0.0015);
#5793=CIRCLE('',#7531,0.0015);
#5794=CIRCLE('',#7532,0.0015);
#5795=CIRCLE('',#7533,0.0015);
#5796=CIRCLE('',#7534,0.0015);
#5797=CIRCLE('',#7535,0.0015);
#5798=CIRCLE('',#7536,0.0015);
#5799=CIRCLE('',#7537,0.0015);
#5800=CIRCLE('',#7538,0.0015);
#5801=CIRCLE('',#7539,0.0015);
#5802=CIRCLE('',#7540,0.0015);
#5803=CIRCLE('',#7541,0.0015);
#5804=CIRCLE('',#7542,0.0015);
#5805=CIRCLE('',#7543,0.0015);
#5806=CIRCLE('',#7544,0.0015);
#5807=CIRCLE('',#7545,0.0015);
#5808=CIRCLE('',#7546,0.0015);
#5809=CIRCLE('',#7547,0.0015);
#5810=CIRCLE('',#7548,0.0015);
#5811=CIRCLE('',#7549,0.0015);
#5812=CIRCLE('',#7550,0.0015);
#5813=CIRCLE('',#7551,0.00149999999999999);
#5814=CIRCLE('',#7552,0.0015);
#5815=CIRCLE('',#7553,0.0015);
#5816=CIRCLE('',#7554,0.0015);
#5817=CIRCLE('',#7555,0.0015);
#5818=CIRCLE('',#7556,0.0015);
#5819=CIRCLE('',#7557,0.0015);
#5820=CIRCLE('',#7558,0.0015);
#5821=CIRCLE('',#7559,0.0015);
#5822=CIRCLE('',#7560,0.0015);
#5823=CIRCLE('',#7561,0.0015);
#5824=CIRCLE('',#7562,0.0015);
#5825=CIRCLE('',#7563,0.0015);
#5826=CIRCLE('',#7564,0.0015);
#5827=CIRCLE('',#7565,0.0015);
#5828=CIRCLE('',#7566,0.0015);
#5829=CIRCLE('',#7567,0.0015);
#5830=CIRCLE('',#7568,0.0015);
#5831=CIRCLE('',#7569,0.0015);
#5832=CIRCLE('',#7570,0.0015);
#5833=CIRCLE('',#7571,0.0015);
#5834=CIRCLE('',#7572,0.0015);
#5835=CIRCLE('',#7573,0.0015);
#5836=CIRCLE('',#7574,0.0015);
#5837=CIRCLE('',#7575,0.0015);
#5838=CIRCLE('',#7578,0.0015);
#5839=CIRCLE('',#7579,0.0015);
#5840=CIRCLE('',#7580,0.0015);
#5841=CIRCLE('',#7581,0.0015);
#5842=CIRCLE('',#7582,0.0015);
#5843=CIRCLE('',#7583,0.0015);
#5844=CIRCLE('',#7584,0.0015);
#5845=CIRCLE('',#7585,0.0015);
#5846=CIRCLE('',#7586,0.0015);
#5847=CIRCLE('',#7587,0.0015);
#5848=CIRCLE('',#7588,0.0015);
#5849=CIRCLE('',#7589,0.0015);
#5850=CIRCLE('',#7590,0.0015);
#5851=CIRCLE('',#7591,0.0015);
#5852=CIRCLE('',#7592,0.0015);
#5853=CIRCLE('',#7593,0.0015);
#5854=CIRCLE('',#7594,0.0015);
#5855=CIRCLE('',#7595,0.0015);
#5856=CIRCLE('',#7596,0.0015);
#5857=CIRCLE('',#7597,0.0015);
#5858=CIRCLE('',#7598,0.0015);
#5859=CIRCLE('',#7599,0.0015);
#5860=CIRCLE('',#7600,0.0015);
#5861=CIRCLE('',#7601,0.0015);
#5862=CIRCLE('',#7602,0.0015);
#5863=CIRCLE('',#7603,0.0015);
#5864=CIRCLE('',#7604,0.0015);
#5865=CIRCLE('',#7605,0.0015);
#5866=CIRCLE('',#7606,0.0015);
#5867=CIRCLE('',#7607,0.0015);
#5868=CIRCLE('',#7608,0.0015);
#5869=CIRCLE('',#7609,0.0015);
#5870=CIRCLE('',#7610,0.0015);
#5871=CIRCLE('',#7611,0.0015);
#5872=CIRCLE('',#7612,0.0015);
#5873=CIRCLE('',#7613,0.0015);
#5874=CIRCLE('',#7614,0.0015);
#5875=CIRCLE('',#7615,0.0015);
#5876=CIRCLE('',#7616,0.0015);
#5877=CIRCLE('',#7617,0.0015);
#5878=CIRCLE('',#7618,0.0015);
#5879=CIRCLE('',#7619,0.0015);
#5880=CIRCLE('',#7620,0.0015);
#5881=CIRCLE('',#7621,0.0015);
#5882=CIRCLE('',#7622,0.0015);
#5883=CIRCLE('',#7623,0.0015);
#5884=CIRCLE('',#7624,0.0015);
#5885=CIRCLE('',#7625,0.0015);
#5886=CIRCLE('',#7626,0.001);
#5887=CIRCLE('',#7627,0.001);
#5888=CIRCLE('',#7628,0.001);
#5889=CIRCLE('',#7629,0.001);
#5890=CIRCLE('',#7630,0.001);
#5891=CIRCLE('',#7631,0.001);
#5892=CIRCLE('',#7632,0.001);
#5893=CIRCLE('',#7633,0.001);
#5894=CIRCLE('',#7634,0.001);
#5895=CIRCLE('',#7635,0.001);
#5896=CIRCLE('',#7636,0.0011);
#5897=CIRCLE('',#7637,0.0011);
#5898=CIRCLE('',#7638,0.0011);
#5899=CIRCLE('',#7639,0.0011);
#5900=CIRCLE('',#7640,0.0015);
#5901=CIRCLE('',#7641,0.0015);
#5902=CIRCLE('',#7642,0.00149999999999999);
#5903=CIRCLE('',#7643,0.0015);
#5904=CIRCLE('',#7644,0.0015);
#5905=CIRCLE('',#7645,0.0015);
#5906=CIRCLE('',#7646,0.0015);
#5907=CIRCLE('',#7647,0.0015);
#5908=CIRCLE('',#7648,0.0015);
#5909=CIRCLE('',#7649,0.0015);
#5910=CIRCLE('',#7650,0.0015);
#5911=CIRCLE('',#7651,0.0015);
#5912=CIRCLE('',#7652,0.0015);
#5913=CIRCLE('',#7653,0.0015);
#5914=CIRCLE('',#7654,0.0015);
#5915=CIRCLE('',#7655,0.0015);
#5916=CIRCLE('',#7656,0.0015);
#5917=CIRCLE('',#7657,0.0015);
#5918=CIRCLE('',#7658,0.0015);
#5919=CIRCLE('',#7659,0.0015);
#5920=CIRCLE('',#7660,0.0015);
#5921=CIRCLE('',#7661,0.0015);
#5922=CIRCLE('',#7662,0.0015);
#5923=CIRCLE('',#7663,0.0015);
#5924=CIRCLE('',#7664,0.0015);
#5925=CIRCLE('',#7665,0.0015);
#5926=CIRCLE('',#7666,0.0015);
#5927=CIRCLE('',#7667,0.0015);
#5928=CIRCLE('',#7668,0.0015);
#5929=CIRCLE('',#7669,0.0015);
#5930=CIRCLE('',#7670,0.0015);
#5931=CIRCLE('',#7671,0.0015);
#5932=CIRCLE('',#7672,0.0015);
#5933=CIRCLE('',#7673,0.0015);
#5934=CIRCLE('',#7674,0.0015);
#5935=CIRCLE('',#7675,0.0015);
#5936=CIRCLE('',#7676,0.0015);
#5937=CIRCLE('',#7677,0.0015);
#5938=CIRCLE('',#7678,0.0015);
#5939=CIRCLE('',#7679,0.0015);
#5940=CIRCLE('',#7680,0.0015);
#5941=CIRCLE('',#7681,0.0015);
#5942=CIRCLE('',#7682,0.0015);
#5943=CIRCLE('',#7683,0.0015);
#5944=CIRCLE('',#7684,0.0015);
#5945=CIRCLE('',#7685,0.0015);
#5946=CIRCLE('',#7686,0.0015);
#5947=CIRCLE('',#7687,0.0015);
#5948=CIRCLE('',#7889,0.00145830227869736);
#5949=CIRCLE('',#7891,0.000422306247928203);
#5950=CIRCLE('',#7895,0.00290179637467961);
#5951=CIRCLE('',#7898,0.0014435323928434);
#5952=CIRCLE('',#7911,0.00319307602988312);
#5953=CIRCLE('',#7915,0.00175869677476051);
#5954=CIRCLE('',#7917,0.00137577680626809);
#5955=CIRCLE('',#7920,0.00322023322422614);
#5956=CIRCLE('',#7936,0.00280225619742081);
#5957=CIRCLE('',#7940,0.0017654074458159);
#5958=CIRCLE('',#7950,0.00242030584586534);
#5959=CIRCLE('',#7952,0.00338899824823575);
#5960=EDGE_LOOP('',(#1746,#1747,#1748,#1749,#1750,#1751,#1752,#1753));
#5961=EDGE_LOOP('',(#1754,#1755,#1756,#1757,#1758,#1759,#1760,#1761));
#5962=EDGE_LOOP('',(#1762,#1763,#1764,#1765,#1766,#1767,#1768,#1769));
#5963=EDGE_LOOP('',(#1770,#1771,#1772,#1773,#1774,#1775,#1776,#1777));
#5964=EDGE_LOOP('',(#1778,#1779,#1780,#1781,#1782,#1783,#1784,#1785));
#5965=EDGE_LOOP('',(#1786,#1787,#1788,#1789,#1790,#1791,#1792,#1793));
#5966=EDGE_LOOP('',(#1794,#1795,#1796,#1797,#1798,#1799,#1800,#1801));
#5967=EDGE_LOOP('',(#1802,#1803,#1804,#1805,#1806,#1807,#1808,#1809));
#5968=EDGE_LOOP('',(#1810,#1811,#1812,#1813,#1814,#1815,#1816,#1817));
#5969=EDGE_LOOP('',(#1818,#1819,#1820,#1821,#1822,#1823,#1824,#1825));
#5970=EDGE_LOOP('',(#1826,#1827,#1828,#1829,#1830,#1831,#1832,#1833));
#5971=EDGE_LOOP('',(#1834,#1835,#1836,#1837,#1838,#1839,#1840,#1841));
#5972=EDGE_LOOP('',(#1842,#1843,#1844,#1845));
#5973=EDGE_LOOP('',(#1846,#1847,#1848,#1849));
#5974=EDGE_LOOP('',(#1850,#1851,#1852,#1853));
#5975=EDGE_LOOP('',(#1854,#1855,#1856,#1857));
#5976=EDGE_LOOP('',(#1858,#1859,#1860,#1861));
#5977=EDGE_LOOP('',(#1862,#1863,#1864,#1865));
#5978=EDGE_LOOP('',(#1866,#1867,#1868,#1869));
#5979=EDGE_LOOP('',(#1870,#1871,#1872,#1873));
#5980=EDGE_LOOP('',(#1874,#1875,#1876,#1877,#1878,#1879,#1880,#1881,#1882,
#1883,#1884,#1885,#1886,#1887,#1888,#1889,#1890,#1891,#1892,#1893,#1894,
#1895,#1896,#1897,#1898));
#5981=EDGE_LOOP('',(#1899,#1900,#1901,#1902,#1903,#1904,#1905,#1906,#1907,
#1908,#1909,#1910,#1911,#1912,#1913,#1914,#1915));
#5982=EDGE_LOOP('',(#1916,#1917,#1918,#1919,#1920,#1921,#1922,#1923,#1924,
#1925,#1926,#1927,#1928,#1929,#1930,#1931,#1932,#1933,#1934,#1935));
#5983=EDGE_LOOP('',(#1936,#1937,#1938,#1939,#1940,#1941,#1942,#1943,#1944,
#1945,#1946,#1947,#1948,#1949,#1950,#1951,#1952,#1953,#1954));
#5984=EDGE_LOOP('',(#1955,#1956,#1957,#1958,#1959,#1960,#1961,#1962,#1963,
#1964,#1965,#1966,#1967,#1968,#1969,#1970,#1971,#1972,#1973,#1974,#1975,
#1976,#1977));
#5985=EDGE_LOOP('',(#1978));
#5986=EDGE_LOOP('',(#1979));
#5987=EDGE_LOOP('',(#1980));
#5988=EDGE_LOOP('',(#1981));
#5989=EDGE_LOOP('',(#1982,#1983,#1984,#1985));
#5990=EDGE_LOOP('',(#1986,#1987,#1988,#1989,#1990,#1991,#1992,#1993,#1994,
#1995,#1996,#1997,#1998,#1999,#2000,#2001,#2002,#2003,#2004,#2005));
#5991=EDGE_LOOP('',(#2006,#2007,#2008,#2009,#2010,#2011,#2012,#2013));
#5992=EDGE_LOOP('',(#2014,#2015,#2016,#2017,#2018,#2019,#2020,#2021));
#5993=EDGE_LOOP('',(#2022,#2023,#2024,#2025,#2026,#2027,#2028,#2029));
#5994=EDGE_LOOP('',(#2030,#2031,#2032,#2033,#2034,#2035,#2036,#2037));
#5995=EDGE_LOOP('',(#2038,#2039,#2040,#2041,#2042,#2043,#2044,#2045));
#5996=EDGE_LOOP('',(#2046,#2047,#2048,#2049,#2050,#2051,#2052,#2053));
#5997=EDGE_LOOP('',(#2054,#2055,#2056,#2057,#2058,#2059,#2060,#2061));
#5998=EDGE_LOOP('',(#2062,#2063,#2064,#2065,#2066,#2067,#2068,#2069));
#5999=EDGE_LOOP('',(#2070,#2071,#2072,#2073,#2074,#2075,#2076,#2077));
#6000=EDGE_LOOP('',(#2078,#2079,#2080,#2081,#2082,#2083,#2084,#2085));
#6001=EDGE_LOOP('',(#2086,#2087,#2088,#2089,#2090,#2091,#2092,#2093));
#6002=EDGE_LOOP('',(#2094,#2095,#2096,#2097,#2098,#2099,#2100,#2101));
#6003=EDGE_LOOP('',(#2102,#2103,#2104,#2105));
#6004=EDGE_LOOP('',(#2106,#2107,#2108,#2109,#2110,#2111,#2112,#2113));
#6005=EDGE_LOOP('',(#2114,#2115,#2116,#2117,#2118,#2119,#2120,#2121));
#6006=EDGE_LOOP('',(#2122,#2123,#2124,#2125,#2126,#2127,#2128,#2129));
#6007=EDGE_LOOP('',(#2130,#2131,#2132,#2133,#2134,#2135,#2136,#2137));
#6008=EDGE_LOOP('',(#2138,#2139,#2140,#2141,#2142,#2143,#2144,#2145));
#6009=EDGE_LOOP('',(#2146,#2147,#2148,#2149,#2150,#2151,#2152,#2153));
#6010=EDGE_LOOP('',(#2154,#2155,#2156,#2157,#2158,#2159,#2160,#2161));
#6011=EDGE_LOOP('',(#2162,#2163,#2164,#2165,#2166,#2167,#2168,#2169));
#6012=EDGE_LOOP('',(#2170,#2171,#2172,#2173,#2174,#2175,#2176,#2177));
#6013=EDGE_LOOP('',(#2178,#2179,#2180,#2181,#2182,#2183,#2184,#2185));
#6014=EDGE_LOOP('',(#2186,#2187,#2188,#2189,#2190,#2191,#2192,#2193));
#6015=EDGE_LOOP('',(#2194,#2195,#2196,#2197,#2198,#2199,#2200,#2201));
#6016=EDGE_LOOP('',(#2202,#2203,#2204,#2205,#2206,#2207,#2208,#2209,#2210,
#2211,#2212,#2213,#2214,#2215,#2216,#2217,#2218,#2219,#2220,#2221));
#6017=EDGE_LOOP('',(#2222));
#6018=EDGE_LOOP('',(#2223));
#6019=EDGE_LOOP('',(#2224));
#6020=EDGE_LOOP('',(#2225));
#6021=EDGE_LOOP('',(#2226,#2227,#2228,#2229,#2230,#2231,#2232,#2233));
#6022=EDGE_LOOP('',(#2234,#2235,#2236,#2237,#2238,#2239,#2240,#2241));
#6023=EDGE_LOOP('',(#2242,#2243,#2244,#2245,#2246,#2247,#2248,#2249));
#6024=EDGE_LOOP('',(#2250,#2251,#2252,#2253,#2254,#2255,#2256,#2257));
#6025=EDGE_LOOP('',(#2258,#2259,#2260,#2261,#2262,#2263,#2264,#2265));
#6026=EDGE_LOOP('',(#2266,#2267,#2268,#2269,#2270,#2271,#2272,#2273));
#6027=EDGE_LOOP('',(#2274,#2275,#2276,#2277,#2278,#2279,#2280,#2281));
#6028=EDGE_LOOP('',(#2282,#2283,#2284,#2285,#2286,#2287,#2288,#2289));
#6029=EDGE_LOOP('',(#2290,#2291,#2292,#2293,#2294,#2295,#2296,#2297));
#6030=EDGE_LOOP('',(#2298,#2299,#2300,#2301,#2302,#2303,#2304,#2305));
#6031=EDGE_LOOP('',(#2306,#2307,#2308,#2309,#2310,#2311,#2312,#2313));
#6032=EDGE_LOOP('',(#2314,#2315,#2316,#2317,#2318,#2319,#2320,#2321));
#6033=EDGE_LOOP('',(#2322,#2323,#2324,#2325));
#6034=EDGE_LOOP('',(#2326,#2327,#2328,#2329));
#6035=EDGE_LOOP('',(#2330,#2331,#2332,#2333));
#6036=EDGE_LOOP('',(#2334,#2335,#2336,#2337));
#6037=EDGE_LOOP('',(#2338,#2339,#2340,#2341));
#6038=EDGE_LOOP('',(#2342,#2343,#2344,#2345));
#6039=EDGE_LOOP('',(#2346));
#6040=EDGE_LOOP('',(#2347));
#6041=EDGE_LOOP('',(#2348));
#6042=EDGE_LOOP('',(#2349));
#6043=EDGE_LOOP('',(#2350));
#6044=EDGE_LOOP('',(#2351));
#6045=EDGE_LOOP('',(#2352));
#6046=EDGE_LOOP('',(#2353));
#6047=EDGE_LOOP('',(#2354,#2355,#2356,#2357));
#6048=EDGE_LOOP('',(#2358,#2359,#2360,#2361));
#6049=EDGE_LOOP('',(#2362,#2363,#2364,#2365));
#6050=EDGE_LOOP('',(#2366,#2367,#2368,#2369));
#6051=EDGE_LOOP('',(#2370,#2371,#2372,#2373));
#6052=EDGE_LOOP('',(#2374,#2375,#2376,#2377));
#6053=EDGE_LOOP('',(#2378,#2379,#2380,#2381));
#6054=EDGE_LOOP('',(#2382,#2383,#2384,#2385));
#6055=EDGE_LOOP('',(#2386,#2387,#2388,#2389));
#6056=EDGE_LOOP('',(#2390,#2391,#2392,#2393));
#6057=EDGE_LOOP('',(#2394,#2395,#2396,#2397));
#6058=EDGE_LOOP('',(#2398,#2399,#2400,#2401));
#6059=EDGE_LOOP('',(#2402,#2403,#2404,#2405));
#6060=EDGE_LOOP('',(#2406,#2407,#2408,#2409));
#6061=EDGE_LOOP('',(#2410,#2411,#2412,#2413));
#6062=EDGE_LOOP('',(#2414,#2415,#2416,#2417));
#6063=EDGE_LOOP('',(#2418,#2419,#2420,#2421));
#6064=EDGE_LOOP('',(#2422,#2423,#2424,#2425));
#6065=EDGE_LOOP('',(#2426,#2427,#2428,#2429));
#6066=EDGE_LOOP('',(#2430,#2431,#2432,#2433));
#6067=EDGE_LOOP('',(#2434,#2435,#2436,#2437));
#6068=EDGE_LOOP('',(#2438,#2439,#2440,#2441));
#6069=EDGE_LOOP('',(#2442,#2443,#2444,#2445));
#6070=EDGE_LOOP('',(#2446,#2447,#2448,#2449));
#6071=EDGE_LOOP('',(#2450,#2451,#2452,#2453));
#6072=EDGE_LOOP('',(#2454,#2455,#2456,#2457));
#6073=EDGE_LOOP('',(#2458,#2459,#2460,#2461));
#6074=EDGE_LOOP('',(#2462,#2463,#2464,#2465));
#6075=EDGE_LOOP('',(#2466,#2467,#2468,#2469));
#6076=EDGE_LOOP('',(#2470,#2471,#2472,#2473));
#6077=EDGE_LOOP('',(#2474,#2475,#2476,#2477));
#6078=EDGE_LOOP('',(#2478,#2479,#2480,#2481));
#6079=EDGE_LOOP('',(#2482,#2483,#2484,#2485));
#6080=EDGE_LOOP('',(#2486,#2487,#2488,#2489));
#6081=EDGE_LOOP('',(#2490,#2491,#2492,#2493));
#6082=EDGE_LOOP('',(#2494,#2495,#2496,#2497));
#6083=EDGE_LOOP('',(#2498,#2499,#2500,#2501));
#6084=EDGE_LOOP('',(#2502,#2503,#2504,#2505));
#6085=EDGE_LOOP('',(#2506,#2507,#2508,#2509));
#6086=EDGE_LOOP('',(#2510,#2511,#2512,#2513));
#6087=EDGE_LOOP('',(#2514,#2515,#2516,#2517));
#6088=EDGE_LOOP('',(#2518,#2519,#2520,#2521));
#6089=EDGE_LOOP('',(#2522,#2523,#2524,#2525));
#6090=EDGE_LOOP('',(#2526,#2527,#2528,#2529));
#6091=EDGE_LOOP('',(#2530,#2531,#2532,#2533));
#6092=EDGE_LOOP('',(#2534,#2535,#2536,#2537));
#6093=EDGE_LOOP('',(#2538,#2539,#2540,#2541));
#6094=EDGE_LOOP('',(#2542,#2543,#2544,#2545));
#6095=EDGE_LOOP('',(#2546,#2547,#2548,#2549));
#6096=EDGE_LOOP('',(#2550,#2551,#2552,#2553));
#6097=EDGE_LOOP('',(#2554,#2555,#2556,#2557));
#6098=EDGE_LOOP('',(#2558,#2559,#2560,#2561));
#6099=EDGE_LOOP('',(#2562,#2563,#2564,#2565));
#6100=EDGE_LOOP('',(#2566,#2567,#2568,#2569));
#6101=EDGE_LOOP('',(#2570,#2571,#2572,#2573));
#6102=EDGE_LOOP('',(#2574,#2575,#2576,#2577));
#6103=EDGE_LOOP('',(#2578,#2579,#2580,#2581));
#6104=EDGE_LOOP('',(#2582,#2583,#2584,#2585));
#6105=EDGE_LOOP('',(#2586,#2587,#2588,#2589));
#6106=EDGE_LOOP('',(#2590,#2591,#2592,#2593));
#6107=EDGE_LOOP('',(#2594,#2595,#2596,#2597));
#6108=EDGE_LOOP('',(#2598,#2599,#2600,#2601));
#6109=EDGE_LOOP('',(#2602,#2603,#2604,#2605));
#6110=EDGE_LOOP('',(#2606,#2607,#2608,#2609));
#6111=EDGE_LOOP('',(#2610,#2611,#2612,#2613));
#6112=EDGE_LOOP('',(#2614,#2615,#2616,#2617));
#6113=EDGE_LOOP('',(#2618,#2619,#2620,#2621));
#6114=EDGE_LOOP('',(#2622,#2623,#2624,#2625));
#6115=EDGE_LOOP('',(#2626,#2627,#2628,#2629));
#6116=EDGE_LOOP('',(#2630,#2631,#2632,#2633));
#6117=EDGE_LOOP('',(#2634,#2635,#2636,#2637));
#6118=EDGE_LOOP('',(#2638,#2639,#2640,#2641));
#6119=EDGE_LOOP('',(#2642,#2643,#2644,#2645));
#6120=EDGE_LOOP('',(#2646,#2647,#2648,#2649));
#6121=EDGE_LOOP('',(#2650,#2651,#2652,#2653));
#6122=EDGE_LOOP('',(#2654,#2655,#2656,#2657));
#6123=EDGE_LOOP('',(#2658,#2659,#2660,#2661));
#6124=EDGE_LOOP('',(#2662,#2663,#2664,#2665));
#6125=EDGE_LOOP('',(#2666,#2667,#2668,#2669));
#6126=EDGE_LOOP('',(#2670,#2671,#2672,#2673));
#6127=EDGE_LOOP('',(#2674,#2675,#2676,#2677));
#6128=EDGE_LOOP('',(#2678,#2679,#2680,#2681));
#6129=EDGE_LOOP('',(#2682,#2683,#2684,#2685));
#6130=EDGE_LOOP('',(#2686,#2687,#2688,#2689));
#6131=EDGE_LOOP('',(#2690,#2691,#2692,#2693));
#6132=EDGE_LOOP('',(#2694,#2695,#2696,#2697));
#6133=EDGE_LOOP('',(#2698,#2699,#2700,#2701));
#6134=EDGE_LOOP('',(#2702,#2703,#2704,#2705));
#6135=EDGE_LOOP('',(#2706,#2707,#2708,#2709));
#6136=EDGE_LOOP('',(#2710,#2711,#2712,#2713));
#6137=EDGE_LOOP('',(#2714,#2715,#2716,#2717));
#6138=EDGE_LOOP('',(#2718,#2719,#2720,#2721));
#6139=EDGE_LOOP('',(#2722,#2723,#2724,#2725));
#6140=EDGE_LOOP('',(#2726,#2727,#2728,#2729));
#6141=EDGE_LOOP('',(#2730,#2731,#2732,#2733));
#6142=EDGE_LOOP('',(#2734,#2735,#2736,#2737));
#6143=EDGE_LOOP('',(#2738,#2739,#2740,#2741));
#6144=EDGE_LOOP('',(#2742,#2743,#2744,#2745));
#6145=EDGE_LOOP('',(#2746,#2747,#2748,#2749));
#6146=EDGE_LOOP('',(#2750,#2751,#2752,#2753));
#6147=EDGE_LOOP('',(#2754,#2755,#2756,#2757));
#6148=EDGE_LOOP('',(#2758,#2759,#2760,#2761));
#6149=EDGE_LOOP('',(#2762,#2763,#2764,#2765));
#6150=EDGE_LOOP('',(#2766,#2767,#2768,#2769));
#6151=EDGE_LOOP('',(#2770,#2771,#2772,#2773));
#6152=EDGE_LOOP('',(#2774,#2775,#2776,#2777));
#6153=EDGE_LOOP('',(#2778,#2779,#2780,#2781));
#6154=EDGE_LOOP('',(#2782,#2783,#2784,#2785));
#6155=EDGE_LOOP('',(#2786,#2787,#2788,#2789));
#6156=EDGE_LOOP('',(#2790,#2791,#2792,#2793));
#6157=EDGE_LOOP('',(#2794,#2795,#2796,#2797));
#6158=EDGE_LOOP('',(#2798,#2799,#2800,#2801));
#6159=EDGE_LOOP('',(#2802,#2803,#2804,#2805));
#6160=EDGE_LOOP('',(#2806,#2807,#2808,#2809));
#6161=EDGE_LOOP('',(#2810,#2811,#2812,#2813));
#6162=EDGE_LOOP('',(#2814,#2815,#2816,#2817));
#6163=EDGE_LOOP('',(#2818,#2819,#2820,#2821));
#6164=EDGE_LOOP('',(#2822,#2823,#2824,#2825));
#6165=EDGE_LOOP('',(#2826,#2827,#2828,#2829));
#6166=EDGE_LOOP('',(#2830,#2831,#2832,#2833));
#6167=EDGE_LOOP('',(#2834,#2835,#2836,#2837));
#6168=EDGE_LOOP('',(#2838,#2839,#2840,#2841));
#6169=EDGE_LOOP('',(#2842,#2843,#2844,#2845));
#6170=EDGE_LOOP('',(#2846,#2847,#2848,#2849));
#6171=EDGE_LOOP('',(#2850,#2851,#2852,#2853));
#6172=EDGE_LOOP('',(#2854,#2855,#2856,#2857));
#6173=EDGE_LOOP('',(#2858,#2859,#2860,#2861));
#6174=EDGE_LOOP('',(#2862,#2863,#2864,#2865));
#6175=EDGE_LOOP('',(#2866,#2867,#2868,#2869));
#6176=EDGE_LOOP('',(#2870,#2871,#2872,#2873));
#6177=EDGE_LOOP('',(#2874,#2875,#2876,#2877));
#6178=EDGE_LOOP('',(#2878,#2879,#2880,#2881));
#6179=EDGE_LOOP('',(#2882,#2883,#2884,#2885));
#6180=EDGE_LOOP('',(#2886,#2887,#2888,#2889));
#6181=EDGE_LOOP('',(#2890,#2891,#2892,#2893));
#6182=EDGE_LOOP('',(#2894,#2895,#2896,#2897));
#6183=EDGE_LOOP('',(#2898,#2899,#2900,#2901));
#6184=EDGE_LOOP('',(#2902,#2903,#2904,#2905));
#6185=EDGE_LOOP('',(#2906,#2907,#2908,#2909));
#6186=EDGE_LOOP('',(#2910,#2911,#2912,#2913));
#6187=EDGE_LOOP('',(#2914,#2915,#2916,#2917));
#6188=EDGE_LOOP('',(#2918,#2919,#2920,#2921));
#6189=EDGE_LOOP('',(#2922,#2923,#2924,#2925));
#6190=EDGE_LOOP('',(#2926,#2927,#2928,#2929));
#6191=EDGE_LOOP('',(#2930,#2931,#2932,#2933));
#6192=EDGE_LOOP('',(#2934,#2935,#2936,#2937));
#6193=EDGE_LOOP('',(#2938,#2939,#2940,#2941));
#6194=EDGE_LOOP('',(#2942,#2943,#2944,#2945));
#6195=EDGE_LOOP('',(#2946,#2947,#2948,#2949));
#6196=EDGE_LOOP('',(#2950,#2951,#2952,#2953));
#6197=EDGE_LOOP('',(#2954,#2955,#2956,#2957));
#6198=EDGE_LOOP('',(#2958,#2959,#2960,#2961));
#6199=EDGE_LOOP('',(#2962,#2963,#2964,#2965));
#6200=EDGE_LOOP('',(#2966,#2967,#2968,#2969));
#6201=EDGE_LOOP('',(#2970,#2971,#2972,#2973));
#6202=EDGE_LOOP('',(#2974,#2975,#2976,#2977));
#6203=EDGE_LOOP('',(#2978,#2979,#2980,#2981));
#6204=EDGE_LOOP('',(#2982,#2983,#2984,#2985));
#6205=EDGE_LOOP('',(#2986,#2987,#2988,#2989));
#6206=EDGE_LOOP('',(#2990,#2991,#2992,#2993));
#6207=EDGE_LOOP('',(#2994,#2995,#2996,#2997));
#6208=EDGE_LOOP('',(#2998,#2999,#3000,#3001));
#6209=EDGE_LOOP('',(#3002,#3003,#3004,#3005));
#6210=EDGE_LOOP('',(#3006,#3007,#3008,#3009));
#6211=EDGE_LOOP('',(#3010,#3011,#3012,#3013));
#6212=EDGE_LOOP('',(#3014,#3015,#3016,#3017));
#6213=EDGE_LOOP('',(#3018,#3019,#3020,#3021));
#6214=EDGE_LOOP('',(#3022,#3023,#3024,#3025));
#6215=EDGE_LOOP('',(#3026,#3027,#3028,#3029));
#6216=EDGE_LOOP('',(#3030,#3031,#3032,#3033));
#6217=EDGE_LOOP('',(#3034,#3035,#3036,#3037));
#6218=EDGE_LOOP('',(#3038,#3039,#3040,#3041));
#6219=EDGE_LOOP('',(#3042,#3043,#3044,#3045));
#6220=EDGE_LOOP('',(#3046,#3047,#3048,#3049));
#6221=EDGE_LOOP('',(#3050,#3051,#3052,#3053));
#6222=EDGE_LOOP('',(#3054,#3055,#3056,#3057));
#6223=EDGE_LOOP('',(#3058,#3059,#3060,#3061));
#6224=EDGE_LOOP('',(#3062,#3063,#3064,#3065));
#6225=EDGE_LOOP('',(#3066,#3067,#3068,#3069));
#6226=EDGE_LOOP('',(#3070,#3071,#3072,#3073));
#6227=EDGE_LOOP('',(#3074,#3075,#3076,#3077));
#6228=EDGE_LOOP('',(#3078,#3079,#3080,#3081));
#6229=EDGE_LOOP('',(#3082,#3083,#3084,#3085));
#6230=EDGE_LOOP('',(#3086,#3087,#3088,#3089));
#6231=EDGE_LOOP('',(#3090,#3091,#3092,#3093));
#6232=EDGE_LOOP('',(#3094,#3095,#3096,#3097));
#6233=EDGE_LOOP('',(#3098,#3099,#3100,#3101));
#6234=EDGE_LOOP('',(#3102,#3103,#3104,#3105));
#6235=EDGE_LOOP('',(#3106,#3107,#3108,#3109));
#6236=EDGE_LOOP('',(#3110,#3111,#3112,#3113));
#6237=EDGE_LOOP('',(#3114,#3115,#3116,#3117));
#6238=EDGE_LOOP('',(#3118,#3119,#3120,#3121));
#6239=EDGE_LOOP('',(#3122,#3123,#3124,#3125));
#6240=EDGE_LOOP('',(#3126,#3127,#3128,#3129));
#6241=EDGE_LOOP('',(#3130,#3131,#3132,#3133));
#6242=EDGE_LOOP('',(#3134,#3135,#3136,#3137));
#6243=EDGE_LOOP('',(#3138,#3139,#3140,#3141));
#6244=EDGE_LOOP('',(#3142,#3143,#3144,#3145));
#6245=EDGE_LOOP('',(#3146,#3147,#3148,#3149));
#6246=EDGE_LOOP('',(#3150,#3151,#3152,#3153));
#6247=EDGE_LOOP('',(#3154,#3155,#3156,#3157));
#6248=EDGE_LOOP('',(#3158,#3159,#3160,#3161));
#6249=EDGE_LOOP('',(#3162,#3163,#3164,#3165));
#6250=EDGE_LOOP('',(#3166,#3167,#3168,#3169));
#6251=EDGE_LOOP('',(#3170,#3171,#3172,#3173));
#6252=EDGE_LOOP('',(#3174,#3175,#3176,#3177));
#6253=EDGE_LOOP('',(#3178,#3179,#3180,#3181));
#6254=EDGE_LOOP('',(#3182,#3183,#3184,#3185));
#6255=EDGE_LOOP('',(#3186,#3187,#3188,#3189));
#6256=EDGE_LOOP('',(#3190,#3191,#3192,#3193));
#6257=EDGE_LOOP('',(#3194,#3195,#3196,#3197));
#6258=EDGE_LOOP('',(#3198,#3199,#3200,#3201));
#6259=EDGE_LOOP('',(#3202,#3203,#3204,#3205));
#6260=EDGE_LOOP('',(#3206,#3207,#3208,#3209));
#6261=EDGE_LOOP('',(#3210,#3211,#3212,#3213));
#6262=EDGE_LOOP('',(#3214,#3215,#3216,#3217,#3218,#3219,#3220,#3221,#3222,
#3223,#3224,#3225,#3226,#3227,#3228,#3229,#3230,#3231,#3232,#3233,#3234,
#3235,#3236));
#6263=EDGE_LOOP('',(#3237,#3238,#3239,#3240));
#6264=EDGE_LOOP('',(#3241,#3242,#3243,#3244));
#6265=EDGE_LOOP('',(#3245,#3246,#3247,#3248));
#6266=EDGE_LOOP('',(#3249,#3250,#3251,#3252));
#6267=EDGE_LOOP('',(#3253,#3254,#3255,#3256));
#6268=EDGE_LOOP('',(#3257,#3258,#3259,#3260));
#6269=EDGE_LOOP('',(#3261,#3262,#3263,#3264));
#6270=EDGE_LOOP('',(#3265,#3266,#3267,#3268));
#6271=EDGE_LOOP('',(#3269,#3270,#3271,#3272));
#6272=EDGE_LOOP('',(#3273,#3274,#3275,#3276));
#6273=EDGE_LOOP('',(#3277,#3278,#3279,#3280));
#6274=EDGE_LOOP('',(#3281,#3282,#3283,#3284));
#6275=EDGE_LOOP('',(#3285,#3286,#3287,#3288));
#6276=EDGE_LOOP('',(#3289,#3290,#3291,#3292));
#6277=EDGE_LOOP('',(#3293,#3294,#3295,#3296));
#6278=EDGE_LOOP('',(#3297,#3298,#3299,#3300));
#6279=EDGE_LOOP('',(#3301,#3302,#3303,#3304));
#6280=EDGE_LOOP('',(#3305,#3306,#3307,#3308));
#6281=EDGE_LOOP('',(#3309,#3310,#3311,#3312));
#6282=EDGE_LOOP('',(#3313,#3314,#3315,#3316,#3317,#3318,#3319,#3320,#3321,
#3322,#3323,#3324,#3325,#3326,#3327,#3328,#3329,#3330,#3331));
#6283=EDGE_LOOP('',(#3332,#3333,#3334,#3335));
#6284=EDGE_LOOP('',(#3336,#3337,#3338,#3339));
#6285=EDGE_LOOP('',(#3340,#3341,#3342,#3343));
#6286=EDGE_LOOP('',(#3344,#3345,#3346,#3347));
#6287=EDGE_LOOP('',(#3348,#3349,#3350,#3351));
#6288=EDGE_LOOP('',(#3352,#3353,#3354,#3355));
#6289=EDGE_LOOP('',(#3356,#3357,#3358,#3359));
#6290=EDGE_LOOP('',(#3360,#3361,#3362,#3363));
#6291=EDGE_LOOP('',(#3364,#3365,#3366,#3367));
#6292=EDGE_LOOP('',(#3368,#3369,#3370,#3371));
#6293=EDGE_LOOP('',(#3372,#3373,#3374,#3375));
#6294=EDGE_LOOP('',(#3376,#3377,#3378,#3379));
#6295=EDGE_LOOP('',(#3380,#3381,#3382,#3383));
#6296=EDGE_LOOP('',(#3384,#3385,#3386,#3387));
#6297=EDGE_LOOP('',(#3388,#3389,#3390,#3391));
#6298=EDGE_LOOP('',(#3392,#3393,#3394,#3395));
#6299=EDGE_LOOP('',(#3396,#3397,#3398,#3399));
#6300=EDGE_LOOP('',(#3400,#3401,#3402,#3403));
#6301=EDGE_LOOP('',(#3404,#3405,#3406,#3407));
#6302=EDGE_LOOP('',(#3408,#3409,#3410,#3411));
#6303=EDGE_LOOP('',(#3412,#3413,#3414,#3415));
#6304=EDGE_LOOP('',(#3416,#3417,#3418,#3419));
#6305=EDGE_LOOP('',(#3420,#3421,#3422,#3423));
#6306=EDGE_LOOP('',(#3424,#3425,#3426,#3427));
#6307=EDGE_LOOP('',(#3428,#3429,#3430,#3431));
#6308=EDGE_LOOP('',(#3432,#3433,#3434,#3435));
#6309=EDGE_LOOP('',(#3436,#3437,#3438,#3439,#3440,#3441));
#6310=EDGE_LOOP('',(#3442,#3443,#3444,#3445,#3446,#3447,#3448,#3449,#3450,
#3451,#3452,#3453,#3454,#3455,#3456,#3457,#3458,#3459,#3460,#3461));
#6311=EDGE_LOOP('',(#3462,#3463,#3464,#3465,#3466,#3467));
#6312=EDGE_LOOP('',(#3468,#3469,#3470,#3471));
#6313=EDGE_LOOP('',(#3472,#3473,#3474,#3475));
#6314=EDGE_LOOP('',(#3476,#3477,#3478,#3479));
#6315=EDGE_LOOP('',(#3480,#3481,#3482,#3483));
#6316=EDGE_LOOP('',(#3484,#3485,#3486,#3487));
#6317=EDGE_LOOP('',(#3488,#3489,#3490,#3491));
#6318=EDGE_LOOP('',(#3492,#3493,#3494,#3495));
#6319=EDGE_LOOP('',(#3496,#3497,#3498,#3499));
#6320=EDGE_LOOP('',(#3500,#3501,#3502,#3503));
#6321=EDGE_LOOP('',(#3504,#3505,#3506,#3507));
#6322=EDGE_LOOP('',(#3508,#3509,#3510,#3511));
#6323=EDGE_LOOP('',(#3512,#3513,#3514,#3515));
#6324=EDGE_LOOP('',(#3516,#3517,#3518,#3519));
#6325=EDGE_LOOP('',(#3520,#3521,#3522,#3523));
#6326=EDGE_LOOP('',(#3524,#3525,#3526,#3527));
#6327=EDGE_LOOP('',(#3528,#3529,#3530,#3531));
#6328=EDGE_LOOP('',(#3532,#3533,#3534,#3535));
#6329=EDGE_LOOP('',(#3536,#3537,#3538,#3539,#3540,#3541,#3542,#3543,#3544,
#3545,#3546,#3547,#3548,#3549,#3550,#3551,#3552));
#6330=EDGE_LOOP('',(#3553,#3554,#3555,#3556));
#6331=EDGE_LOOP('',(#3557,#3558,#3559,#3560));
#6332=EDGE_LOOP('',(#3561,#3562,#3563,#3564));
#6333=EDGE_LOOP('',(#3565,#3566,#3567,#3568));
#6334=EDGE_LOOP('',(#3569,#3570,#3571,#3572));
#6335=EDGE_LOOP('',(#3573,#3574,#3575,#3576));
#6336=EDGE_LOOP('',(#3577,#3578,#3579,#3580));
#6337=EDGE_LOOP('',(#3581,#3582,#3583,#3584));
#6338=EDGE_LOOP('',(#3585,#3586,#3587,#3588));
#6339=EDGE_LOOP('',(#3589,#3590,#3591,#3592));
#6340=EDGE_LOOP('',(#3593,#3594,#3595,#3596));
#6341=EDGE_LOOP('',(#3597,#3598,#3599,#3600));
#6342=EDGE_LOOP('',(#3601,#3602,#3603,#3604));
#6343=EDGE_LOOP('',(#3605,#3606,#3607,#3608));
#6344=EDGE_LOOP('',(#3609,#3610,#3611,#3612));
#6345=EDGE_LOOP('',(#3613,#3614,#3615,#3616));
#6346=EDGE_LOOP('',(#3617,#3618,#3619,#3620));
#6347=EDGE_LOOP('',(#3621,#3622,#3623,#3624));
#6348=EDGE_LOOP('',(#3625,#3626,#3627,#3628));
#6349=EDGE_LOOP('',(#3629,#3630,#3631,#3632));
#6350=EDGE_LOOP('',(#3633,#3634,#3635,#3636));
#6351=EDGE_LOOP('',(#3637,#3638,#3639,#3640));
#6352=EDGE_LOOP('',(#3641,#3642,#3643,#3644));
#6353=EDGE_LOOP('',(#3645,#3646,#3647,#3648));
#6354=EDGE_LOOP('',(#3649,#3650,#3651,#3652));
#6355=EDGE_LOOP('',(#3653,#3654,#3655,#3656,#3657,#3658,#3659,#3660,#3661,
#3662,#3663,#3664,#3665,#3666,#3667,#3668,#3669,#3670,#3671,#3672,#3673,
#3674,#3675,#3676,#3677));
#6356=EDGE_LOOP('',(#3678,#3679,#3680,#3681));
#6357=EDGE_LOOP('',(#3682,#3683,#3684,#3685));
#6358=EDGE_LOOP('',(#3686,#3687,#3688,#3689));
#6359=EDGE_LOOP('',(#3690,#3691,#3692,#3693));
#6360=EDGE_LOOP('',(#3694,#3695,#3696,#3697));
#6361=EDGE_LOOP('',(#3698,#3699,#3700,#3701));
#6362=EDGE_LOOP('',(#3702,#3703,#3704,#3705));
#6363=EDGE_LOOP('',(#3706,#3707,#3708,#3709));
#6364=EDGE_LOOP('',(#3710,#3711,#3712,#3713));
#6365=EDGE_LOOP('',(#3714,#3715,#3716,#3717));
#6366=EDGE_LOOP('',(#3718,#3719,#3720,#3721));
#6367=EDGE_LOOP('',(#3722,#3723,#3724,#3725));
#6368=EDGE_LOOP('',(#3726,#3727,#3728,#3729));
#6369=EDGE_LOOP('',(#3730,#3731,#3732,#3733));
#6370=EDGE_LOOP('',(#3734,#3735,#3736,#3737));
#6371=EDGE_LOOP('',(#3738,#3739,#3740,#3741));
#6372=EDGE_LOOP('',(#3742,#3743,#3744,#3745));
#6373=EDGE_LOOP('',(#3746,#3747,#3748,#3749));
#6374=EDGE_LOOP('',(#3750,#3751,#3752,#3753));
#6375=EDGE_LOOP('',(#3754,#3755,#3756,#3757));
#6376=EDGE_LOOP('',(#3758,#3759,#3760,#3761));
#6377=EDGE_LOOP('',(#3762,#3763,#3764,#3765));
#6378=EDGE_LOOP('',(#3766,#3767,#3768,#3769));
#6379=EDGE_LOOP('',(#3770,#3771,#3772,#3773));
#6380=EDGE_LOOP('',(#3774,#3775,#3776,#3777));
#6381=EDGE_LOOP('',(#3778,#3779,#3780,#3781));
#6382=EDGE_LOOP('',(#3782,#3783,#3784,#3785));
#6383=EDGE_LOOP('',(#3786,#3787,#3788,#3789));
#6384=EDGE_LOOP('',(#3790,#3791,#3792,#3793));
#6385=EDGE_LOOP('',(#3794,#3795,#3796,#3797));
#6386=EDGE_LOOP('',(#3798,#3799,#3800,#3801));
#6387=EDGE_LOOP('',(#3802,#3803,#3804,#3805));
#6388=EDGE_LOOP('',(#3806,#3807,#3808,#3809));
#6389=EDGE_LOOP('',(#3810,#3811,#3812,#3813));
#6390=EDGE_LOOP('',(#3814,#3815,#3816,#3817));
#6391=EDGE_LOOP('',(#3818,#3819,#3820,#3821));
#6392=EDGE_LOOP('',(#3822,#3823,#3824,#3825));
#6393=EDGE_LOOP('',(#3826,#3827,#3828,#3829));
#6394=EDGE_LOOP('',(#3830,#3831,#3832,#3833));
#6395=EDGE_LOOP('',(#3834,#3835,#3836,#3837));
#6396=EDGE_LOOP('',(#3838,#3839,#3840,#3841));
#6397=EDGE_LOOP('',(#3842,#3843,#3844,#3845));
#6398=EDGE_LOOP('',(#3846,#3847,#3848,#3849));
#6399=EDGE_LOOP('',(#3850,#3851,#3852,#3853));
#6400=EDGE_LOOP('',(#3854,#3855,#3856,#3857));
#6401=EDGE_LOOP('',(#3858,#3859,#3860,#3861));
#6402=EDGE_LOOP('',(#3862,#3863,#3864,#3865));
#6403=EDGE_LOOP('',(#3866,#3867,#3868,#3869));
#6404=EDGE_LOOP('',(#3870,#3871,#3872,#3873));
#6405=EDGE_LOOP('',(#3874,#3875,#3876,#3877));
#6406=EDGE_LOOP('',(#3878,#3879,#3880,#3881));
#6407=EDGE_LOOP('',(#3882,#3883,#3884,#3885));
#6408=EDGE_LOOP('',(#3886,#3887,#3888,#3889));
#6409=EDGE_LOOP('',(#3890,#3891,#3892,#3893));
#6410=EDGE_LOOP('',(#3894,#3895,#3896,#3897));
#6411=EDGE_LOOP('',(#3898,#3899,#3900,#3901));
#6412=EDGE_LOOP('',(#3902,#3903,#3904,#3905));
#6413=EDGE_LOOP('',(#3906,#3907,#3908,#3909));
#6414=FACE_BOUND('',#5960,.T.);
#6415=FACE_BOUND('',#5961,.T.);
#6416=FACE_BOUND('',#5962,.T.);
#6417=FACE_BOUND('',#5963,.T.);
#6418=FACE_BOUND('',#5964,.T.);
#6419=FACE_BOUND('',#5965,.T.);
#6420=FACE_BOUND('',#5966,.T.);
#6421=FACE_BOUND('',#5967,.T.);
#6422=FACE_BOUND('',#5968,.T.);
#6423=FACE_BOUND('',#5969,.T.);
#6424=FACE_BOUND('',#5970,.T.);
#6425=FACE_BOUND('',#5971,.T.);
#6426=FACE_BOUND('',#5972,.T.);
#6427=FACE_BOUND('',#5973,.T.);
#6428=FACE_BOUND('',#5974,.T.);
#6429=FACE_BOUND('',#5975,.T.);
#6430=FACE_BOUND('',#5976,.T.);
#6431=FACE_BOUND('',#5977,.T.);
#6432=FACE_BOUND('',#5978,.T.);
#6433=FACE_BOUND('',#5979,.T.);
#6434=FACE_BOUND('',#5980,.T.);
#6435=FACE_BOUND('',#5981,.T.);
#6436=FACE_BOUND('',#5982,.T.);
#6437=FACE_BOUND('',#5983,.T.);
#6438=FACE_BOUND('',#5984,.T.);
#6439=FACE_BOUND('',#5985,.T.);
#6440=FACE_BOUND('',#5986,.T.);
#6441=FACE_BOUND('',#5987,.T.);
#6442=FACE_BOUND('',#5988,.T.);
#6443=FACE_BOUND('',#5989,.T.);
#6444=FACE_BOUND('',#5990,.T.);
#6445=FACE_BOUND('',#5991,.T.);
#6446=FACE_BOUND('',#5992,.T.);
#6447=FACE_BOUND('',#5993,.T.);
#6448=FACE_BOUND('',#5994,.T.);
#6449=FACE_BOUND('',#5995,.T.);
#6450=FACE_BOUND('',#5996,.T.);
#6451=FACE_BOUND('',#5997,.T.);
#6452=FACE_BOUND('',#5998,.T.);
#6453=FACE_BOUND('',#5999,.T.);
#6454=FACE_BOUND('',#6000,.T.);
#6455=FACE_BOUND('',#6001,.T.);
#6456=FACE_BOUND('',#6002,.T.);
#6457=FACE_BOUND('',#6003,.T.);
#6458=FACE_BOUND('',#6004,.T.);
#6459=FACE_BOUND('',#6005,.T.);
#6460=FACE_BOUND('',#6006,.T.);
#6461=FACE_BOUND('',#6007,.T.);
#6462=FACE_BOUND('',#6008,.T.);
#6463=FACE_BOUND('',#6009,.T.);
#6464=FACE_BOUND('',#6010,.T.);
#6465=FACE_BOUND('',#6011,.T.);
#6466=FACE_BOUND('',#6012,.T.);
#6467=FACE_BOUND('',#6013,.T.);
#6468=FACE_BOUND('',#6014,.T.);
#6469=FACE_BOUND('',#6015,.T.);
#6470=FACE_BOUND('',#6016,.T.);
#6471=FACE_BOUND('',#6017,.T.);
#6472=FACE_BOUND('',#6018,.T.);
#6473=FACE_BOUND('',#6019,.T.);
#6474=FACE_BOUND('',#6020,.T.);
#6475=FACE_BOUND('',#6021,.T.);
#6476=FACE_BOUND('',#6022,.T.);
#6477=FACE_BOUND('',#6023,.T.);
#6478=FACE_BOUND('',#6024,.T.);
#6479=FACE_BOUND('',#6025,.T.);
#6480=FACE_BOUND('',#6026,.T.);
#6481=FACE_BOUND('',#6027,.T.);
#6482=FACE_BOUND('',#6028,.T.);
#6483=FACE_BOUND('',#6029,.T.);
#6484=FACE_BOUND('',#6030,.T.);
#6485=FACE_BOUND('',#6031,.T.);
#6486=FACE_BOUND('',#6032,.T.);
#6487=FACE_BOUND('',#6033,.T.);
#6488=FACE_BOUND('',#6034,.T.);
#6489=FACE_BOUND('',#6035,.T.);
#6490=FACE_BOUND('',#6036,.T.);
#6491=FACE_BOUND('',#6037,.T.);
#6492=FACE_BOUND('',#6038,.T.);
#6493=FACE_BOUND('',#6039,.T.);
#6494=FACE_BOUND('',#6040,.T.);
#6495=FACE_BOUND('',#6041,.T.);
#6496=FACE_BOUND('',#6042,.T.);
#6497=FACE_BOUND('',#6043,.T.);
#6498=FACE_BOUND('',#6044,.T.);
#6499=FACE_BOUND('',#6045,.T.);
#6500=FACE_BOUND('',#6046,.T.);
#6501=FACE_BOUND('',#6047,.T.);
#6502=FACE_BOUND('',#6048,.T.);
#6503=FACE_BOUND('',#6049,.T.);
#6504=FACE_BOUND('',#6050,.T.);
#6505=FACE_BOUND('',#6051,.T.);
#6506=FACE_BOUND('',#6052,.T.);
#6507=FACE_BOUND('',#6053,.T.);
#6508=FACE_BOUND('',#6054,.T.);
#6509=FACE_BOUND('',#6055,.T.);
#6510=FACE_BOUND('',#6056,.T.);
#6511=FACE_BOUND('',#6057,.T.);
#6512=FACE_BOUND('',#6058,.T.);
#6513=FACE_BOUND('',#6059,.T.);
#6514=FACE_BOUND('',#6060,.T.);
#6515=FACE_BOUND('',#6061,.T.);
#6516=FACE_BOUND('',#6062,.T.);
#6517=FACE_BOUND('',#6063,.T.);
#6518=FACE_BOUND('',#6064,.T.);
#6519=FACE_BOUND('',#6065,.T.);
#6520=FACE_BOUND('',#6066,.T.);
#6521=FACE_BOUND('',#6067,.T.);
#6522=FACE_BOUND('',#6068,.T.);
#6523=FACE_BOUND('',#6069,.T.);
#6524=FACE_BOUND('',#6070,.T.);
#6525=FACE_BOUND('',#6071,.T.);
#6526=FACE_BOUND('',#6072,.T.);
#6527=FACE_BOUND('',#6073,.T.);
#6528=FACE_BOUND('',#6074,.T.);
#6529=FACE_BOUND('',#6075,.T.);
#6530=FACE_BOUND('',#6076,.T.);
#6531=FACE_BOUND('',#6077,.T.);
#6532=FACE_BOUND('',#6078,.T.);
#6533=FACE_BOUND('',#6079,.T.);
#6534=FACE_BOUND('',#6080,.T.);
#6535=FACE_BOUND('',#6081,.T.);
#6536=FACE_BOUND('',#6082,.T.);
#6537=FACE_BOUND('',#6083,.T.);
#6538=FACE_BOUND('',#6084,.T.);
#6539=FACE_BOUND('',#6085,.T.);
#6540=FACE_BOUND('',#6086,.T.);
#6541=FACE_BOUND('',#6087,.T.);
#6542=FACE_BOUND('',#6088,.T.);
#6543=FACE_BOUND('',#6089,.T.);
#6544=FACE_BOUND('',#6090,.T.);
#6545=FACE_BOUND('',#6091,.T.);
#6546=FACE_BOUND('',#6092,.T.);
#6547=FACE_BOUND('',#6093,.T.);
#6548=FACE_BOUND('',#6094,.T.);
#6549=FACE_BOUND('',#6095,.T.);
#6550=FACE_BOUND('',#6096,.T.);
#6551=FACE_BOUND('',#6097,.T.);
#6552=FACE_BOUND('',#6098,.T.);
#6553=FACE_BOUND('',#6099,.T.);
#6554=FACE_BOUND('',#6100,.T.);
#6555=FACE_BOUND('',#6101,.T.);
#6556=FACE_BOUND('',#6102,.T.);
#6557=FACE_BOUND('',#6103,.T.);
#6558=FACE_BOUND('',#6104,.T.);
#6559=FACE_BOUND('',#6105,.T.);
#6560=FACE_BOUND('',#6106,.T.);
#6561=FACE_BOUND('',#6107,.T.);
#6562=FACE_BOUND('',#6108,.T.);
#6563=FACE_BOUND('',#6109,.T.);
#6564=FACE_BOUND('',#6110,.T.);
#6565=FACE_BOUND('',#6111,.T.);
#6566=FACE_BOUND('',#6112,.T.);
#6567=FACE_BOUND('',#6113,.T.);
#6568=FACE_BOUND('',#6114,.T.);
#6569=FACE_BOUND('',#6115,.T.);
#6570=FACE_BOUND('',#6116,.T.);
#6571=FACE_BOUND('',#6117,.T.);
#6572=FACE_BOUND('',#6118,.T.);
#6573=FACE_BOUND('',#6119,.T.);
#6574=FACE_BOUND('',#6120,.T.);
#6575=FACE_BOUND('',#6121,.T.);
#6576=FACE_BOUND('',#6122,.T.);
#6577=FACE_BOUND('',#6123,.T.);
#6578=FACE_BOUND('',#6124,.T.);
#6579=FACE_BOUND('',#6125,.T.);
#6580=FACE_BOUND('',#6126,.T.);
#6581=FACE_BOUND('',#6127,.T.);
#6582=FACE_BOUND('',#6128,.T.);
#6583=FACE_BOUND('',#6129,.T.);
#6584=FACE_BOUND('',#6130,.T.);
#6585=FACE_BOUND('',#6131,.T.);
#6586=FACE_BOUND('',#6132,.T.);
#6587=FACE_BOUND('',#6133,.T.);
#6588=FACE_BOUND('',#6134,.T.);
#6589=FACE_BOUND('',#6135,.T.);
#6590=FACE_BOUND('',#6136,.T.);
#6591=FACE_BOUND('',#6137,.T.);
#6592=FACE_BOUND('',#6138,.T.);
#6593=FACE_BOUND('',#6139,.T.);
#6594=FACE_BOUND('',#6140,.T.);
#6595=FACE_BOUND('',#6141,.T.);
#6596=FACE_BOUND('',#6142,.T.);
#6597=FACE_BOUND('',#6143,.T.);
#6598=FACE_BOUND('',#6144,.T.);
#6599=FACE_BOUND('',#6145,.T.);
#6600=FACE_BOUND('',#6146,.T.);
#6601=FACE_BOUND('',#6147,.T.);
#6602=FACE_BOUND('',#6148,.T.);
#6603=FACE_BOUND('',#6149,.T.);
#6604=FACE_BOUND('',#6150,.T.);
#6605=FACE_BOUND('',#6151,.T.);
#6606=FACE_BOUND('',#6152,.T.);
#6607=FACE_BOUND('',#6153,.T.);
#6608=FACE_BOUND('',#6154,.T.);
#6609=FACE_BOUND('',#6155,.T.);
#6610=FACE_BOUND('',#6156,.T.);
#6611=FACE_BOUND('',#6157,.T.);
#6612=FACE_BOUND('',#6158,.T.);
#6613=FACE_BOUND('',#6159,.T.);
#6614=FACE_BOUND('',#6160,.T.);
#6615=FACE_BOUND('',#6161,.T.);
#6616=FACE_BOUND('',#6162,.T.);
#6617=FACE_BOUND('',#6163,.T.);
#6618=FACE_BOUND('',#6164,.T.);
#6619=FACE_BOUND('',#6165,.T.);
#6620=FACE_BOUND('',#6166,.T.);
#6621=FACE_BOUND('',#6167,.T.);
#6622=FACE_BOUND('',#6168,.T.);
#6623=FACE_BOUND('',#6169,.T.);
#6624=FACE_BOUND('',#6170,.T.);
#6625=FACE_BOUND('',#6171,.T.);
#6626=FACE_BOUND('',#6172,.T.);
#6627=FACE_BOUND('',#6173,.T.);
#6628=FACE_BOUND('',#6174,.T.);
#6629=FACE_BOUND('',#6175,.T.);
#6630=FACE_BOUND('',#6176,.T.);
#6631=FACE_BOUND('',#6177,.T.);
#6632=FACE_BOUND('',#6178,.T.);
#6633=FACE_BOUND('',#6179,.T.);
#6634=FACE_BOUND('',#6180,.T.);
#6635=FACE_BOUND('',#6181,.T.);
#6636=FACE_BOUND('',#6182,.T.);
#6637=FACE_BOUND('',#6183,.T.);
#6638=FACE_BOUND('',#6184,.T.);
#6639=FACE_BOUND('',#6185,.T.);
#6640=FACE_BOUND('',#6186,.T.);
#6641=FACE_BOUND('',#6187,.T.);
#6642=FACE_BOUND('',#6188,.T.);
#6643=FACE_BOUND('',#6189,.T.);
#6644=FACE_BOUND('',#6190,.T.);
#6645=FACE_BOUND('',#6191,.T.);
#6646=FACE_BOUND('',#6192,.T.);
#6647=FACE_BOUND('',#6193,.T.);
#6648=FACE_BOUND('',#6194,.T.);
#6649=FACE_BOUND('',#6195,.T.);
#6650=FACE_BOUND('',#6196,.T.);
#6651=FACE_BOUND('',#6197,.T.);
#6652=FACE_BOUND('',#6198,.T.);
#6653=FACE_BOUND('',#6199,.T.);
#6654=FACE_BOUND('',#6200,.T.);
#6655=FACE_BOUND('',#6201,.T.);
#6656=FACE_BOUND('',#6202,.T.);
#6657=FACE_BOUND('',#6203,.T.);
#6658=FACE_BOUND('',#6204,.T.);
#6659=FACE_BOUND('',#6205,.T.);
#6660=FACE_BOUND('',#6206,.T.);
#6661=FACE_BOUND('',#6207,.T.);
#6662=FACE_BOUND('',#6208,.T.);
#6663=FACE_BOUND('',#6209,.T.);
#6664=FACE_BOUND('',#6210,.T.);
#6665=FACE_BOUND('',#6211,.T.);
#6666=FACE_BOUND('',#6212,.T.);
#6667=FACE_BOUND('',#6213,.T.);
#6668=FACE_BOUND('',#6214,.T.);
#6669=FACE_BOUND('',#6215,.T.);
#6670=FACE_BOUND('',#6216,.T.);
#6671=FACE_BOUND('',#6217,.T.);
#6672=FACE_BOUND('',#6218,.T.);
#6673=FACE_BOUND('',#6219,.T.);
#6674=FACE_BOUND('',#6220,.T.);
#6675=FACE_BOUND('',#6221,.T.);
#6676=FACE_BOUND('',#6222,.T.);
#6677=FACE_BOUND('',#6223,.T.);
#6678=FACE_BOUND('',#6224,.T.);
#6679=FACE_BOUND('',#6225,.T.);
#6680=FACE_BOUND('',#6226,.T.);
#6681=FACE_BOUND('',#6227,.T.);
#6682=FACE_BOUND('',#6228,.T.);
#6683=FACE_BOUND('',#6229,.T.);
#6684=FACE_BOUND('',#6230,.T.);
#6685=FACE_BOUND('',#6231,.T.);
#6686=FACE_BOUND('',#6232,.T.);
#6687=FACE_BOUND('',#6233,.T.);
#6688=FACE_BOUND('',#6234,.T.);
#6689=FACE_BOUND('',#6235,.T.);
#6690=FACE_BOUND('',#6236,.T.);
#6691=FACE_BOUND('',#6237,.T.);
#6692=FACE_BOUND('',#6238,.T.);
#6693=FACE_BOUND('',#6239,.T.);
#6694=FACE_BOUND('',#6240,.T.);
#6695=FACE_BOUND('',#6241,.T.);
#6696=FACE_BOUND('',#6242,.T.);
#6697=FACE_BOUND('',#6243,.T.);
#6698=FACE_BOUND('',#6244,.T.);
#6699=FACE_BOUND('',#6245,.T.);
#6700=FACE_BOUND('',#6246,.T.);
#6701=FACE_BOUND('',#6247,.T.);
#6702=FACE_BOUND('',#6248,.T.);
#6703=FACE_BOUND('',#6249,.T.);
#6704=FACE_BOUND('',#6250,.T.);
#6705=FACE_BOUND('',#6251,.T.);
#6706=FACE_BOUND('',#6252,.T.);
#6707=FACE_BOUND('',#6253,.T.);
#6708=FACE_BOUND('',#6254,.T.);
#6709=FACE_BOUND('',#6255,.T.);
#6710=FACE_BOUND('',#6256,.T.);
#6711=FACE_BOUND('',#6257,.T.);
#6712=FACE_BOUND('',#6258,.T.);
#6713=FACE_BOUND('',#6259,.T.);
#6714=FACE_BOUND('',#6260,.T.);
#6715=FACE_BOUND('',#6261,.T.);
#6716=FACE_BOUND('',#6262,.T.);
#6717=FACE_BOUND('',#6263,.T.);
#6718=FACE_BOUND('',#6264,.T.);
#6719=FACE_BOUND('',#6265,.T.);
#6720=FACE_BOUND('',#6266,.T.);
#6721=FACE_BOUND('',#6267,.T.);
#6722=FACE_BOUND('',#6268,.T.);
#6723=FACE_BOUND('',#6269,.T.);
#6724=FACE_BOUND('',#6270,.T.);
#6725=FACE_BOUND('',#6271,.T.);
#6726=FACE_BOUND('',#6272,.T.);
#6727=FACE_BOUND('',#6273,.T.);
#6728=FACE_BOUND('',#6274,.T.);
#6729=FACE_BOUND('',#6275,.T.);
#6730=FACE_BOUND('',#6276,.T.);
#6731=FACE_BOUND('',#6277,.T.);
#6732=FACE_BOUND('',#6278,.T.);
#6733=FACE_BOUND('',#6279,.T.);
#6734=FACE_BOUND('',#6280,.T.);
#6735=FACE_BOUND('',#6281,.T.);
#6736=FACE_BOUND('',#6282,.T.);
#6737=FACE_BOUND('',#6283,.T.);
#6738=FACE_BOUND('',#6284,.T.);
#6739=FACE_BOUND('',#6285,.T.);
#6740=FACE_BOUND('',#6286,.T.);
#6741=FACE_BOUND('',#6287,.T.);
#6742=FACE_BOUND('',#6288,.T.);
#6743=FACE_BOUND('',#6289,.T.);
#6744=FACE_BOUND('',#6290,.T.);
#6745=FACE_BOUND('',#6291,.T.);
#6746=FACE_BOUND('',#6292,.T.);
#6747=FACE_BOUND('',#6293,.T.);
#6748=FACE_BOUND('',#6294,.T.);
#6749=FACE_BOUND('',#6295,.T.);
#6750=FACE_BOUND('',#6296,.T.);
#6751=FACE_BOUND('',#6297,.T.);
#6752=FACE_BOUND('',#6298,.T.);
#6753=FACE_BOUND('',#6299,.T.);
#6754=FACE_BOUND('',#6300,.T.);
#6755=FACE_BOUND('',#6301,.T.);
#6756=FACE_BOUND('',#6302,.T.);
#6757=FACE_BOUND('',#6303,.T.);
#6758=FACE_BOUND('',#6304,.T.);
#6759=FACE_BOUND('',#6305,.T.);
#6760=FACE_BOUND('',#6306,.T.);
#6761=FACE_BOUND('',#6307,.T.);
#6762=FACE_BOUND('',#6308,.T.);
#6763=FACE_BOUND('',#6309,.T.);
#6764=FACE_BOUND('',#6310,.T.);
#6765=FACE_BOUND('',#6311,.T.);
#6766=FACE_BOUND('',#6312,.T.);
#6767=FACE_BOUND('',#6313,.T.);
#6768=FACE_BOUND('',#6314,.T.);
#6769=FACE_BOUND('',#6315,.T.);
#6770=FACE_BOUND('',#6316,.T.);
#6771=FACE_BOUND('',#6317,.T.);
#6772=FACE_BOUND('',#6318,.T.);
#6773=FACE_BOUND('',#6319,.T.);
#6774=FACE_BOUND('',#6320,.T.);
#6775=FACE_BOUND('',#6321,.T.);
#6776=FACE_BOUND('',#6322,.T.);
#6777=FACE_BOUND('',#6323,.T.);
#6778=FACE_BOUND('',#6324,.T.);
#6779=FACE_BOUND('',#6325,.T.);
#6780=FACE_BOUND('',#6326,.T.);
#6781=FACE_BOUND('',#6327,.T.);
#6782=FACE_BOUND('',#6328,.T.);
#6783=FACE_BOUND('',#6329,.T.);
#6784=FACE_BOUND('',#6330,.T.);
#6785=FACE_BOUND('',#6331,.T.);
#6786=FACE_BOUND('',#6332,.T.);
#6787=FACE_BOUND('',#6333,.T.);
#6788=FACE_BOUND('',#6334,.T.);
#6789=FACE_BOUND('',#6335,.T.);
#6790=FACE_BOUND('',#6336,.T.);
#6791=FACE_BOUND('',#6337,.T.);
#6792=FACE_BOUND('',#6338,.T.);
#6793=FACE_BOUND('',#6339,.T.);
#6794=FACE_BOUND('',#6340,.T.);
#6795=FACE_BOUND('',#6341,.T.);
#6796=FACE_BOUND('',#6342,.T.);
#6797=FACE_BOUND('',#6343,.T.);
#6798=FACE_BOUND('',#6344,.T.);
#6799=FACE_BOUND('',#6345,.T.);
#6800=FACE_BOUND('',#6346,.T.);
#6801=FACE_BOUND('',#6347,.T.);
#6802=FACE_BOUND('',#6348,.T.);
#6803=FACE_BOUND('',#6349,.T.);
#6804=FACE_BOUND('',#6350,.T.);
#6805=FACE_BOUND('',#6351,.T.);
#6806=FACE_BOUND('',#6352,.T.);
#6807=FACE_BOUND('',#6353,.T.);
#6808=FACE_BOUND('',#6354,.T.);
#6809=FACE_BOUND('',#6355,.T.);
#6810=FACE_BOUND('',#6356,.T.);
#6811=FACE_BOUND('',#6357,.T.);
#6812=FACE_BOUND('',#6358,.T.);
#6813=FACE_BOUND('',#6359,.T.);
#6814=FACE_BOUND('',#6360,.T.);
#6815=FACE_BOUND('',#6361,.T.);
#6816=FACE_BOUND('',#6362,.T.);
#6817=FACE_BOUND('',#6363,.T.);
#6818=FACE_BOUND('',#6364,.T.);
#6819=FACE_BOUND('',#6365,.T.);
#6820=FACE_BOUND('',#6366,.T.);
#6821=FACE_BOUND('',#6367,.T.);
#6822=FACE_BOUND('',#6368,.T.);
#6823=FACE_BOUND('',#6369,.T.);
#6824=FACE_BOUND('',#6370,.T.);
#6825=FACE_BOUND('',#6371,.T.);
#6826=FACE_BOUND('',#6372,.T.);
#6827=FACE_BOUND('',#6373,.T.);
#6828=FACE_BOUND('',#6374,.T.);
#6829=FACE_BOUND('',#6375,.T.);
#6830=FACE_BOUND('',#6376,.T.);
#6831=FACE_BOUND('',#6377,.T.);
#6832=FACE_BOUND('',#6378,.T.);
#6833=FACE_BOUND('',#6379,.T.);
#6834=FACE_BOUND('',#6380,.T.);
#6835=FACE_BOUND('',#6381,.T.);
#6836=FACE_BOUND('',#6382,.T.);
#6837=FACE_BOUND('',#6383,.T.);
#6838=FACE_BOUND('',#6384,.T.);
#6839=FACE_BOUND('',#6385,.T.);
#6840=FACE_BOUND('',#6386,.T.);
#6841=FACE_BOUND('',#6387,.T.);
#6842=FACE_BOUND('',#6388,.T.);
#6843=FACE_BOUND('',#6389,.T.);
#6844=FACE_BOUND('',#6390,.T.);
#6845=FACE_BOUND('',#6391,.T.);
#6846=FACE_BOUND('',#6392,.T.);
#6847=FACE_BOUND('',#6393,.T.);
#6848=FACE_BOUND('',#6394,.T.);
#6849=FACE_BOUND('',#6395,.T.);
#6850=FACE_BOUND('',#6396,.T.);
#6851=FACE_BOUND('',#6397,.T.);
#6852=FACE_BOUND('',#6398,.T.);
#6853=FACE_BOUND('',#6399,.T.);
#6854=FACE_BOUND('',#6400,.T.);
#6855=FACE_BOUND('',#6401,.T.);
#6856=FACE_BOUND('',#6402,.T.);
#6857=FACE_BOUND('',#6403,.T.);
#6858=FACE_BOUND('',#6404,.T.);
#6859=FACE_BOUND('',#6405,.T.);
#6860=FACE_BOUND('',#6406,.T.);
#6861=FACE_BOUND('',#6407,.T.);
#6862=FACE_BOUND('',#6408,.T.);
#6863=FACE_BOUND('',#6409,.T.);
#6864=FACE_BOUND('',#6410,.T.);
#6865=FACE_BOUND('',#6411,.T.);
#6866=FACE_BOUND('',#6412,.T.);
#6867=FACE_BOUND('',#6413,.T.);
#6868=PLANE('',#7453);
#6869=PLANE('',#7576);
#6870=PLANE('',#7577);
#6871=PLANE('',#7688);
#6872=PLANE('',#7689);
#6873=PLANE('',#7690);
#6874=PLANE('',#7691);
#6875=PLANE('',#7696);
#6876=PLANE('',#7698);
#6877=PLANE('',#7700);
#6878=PLANE('',#7702);
#6879=PLANE('',#7704);
#6880=PLANE('',#7706);
#6881=PLANE('',#7708);
#6882=PLANE('',#7710);
#6883=PLANE('',#7712);
#6884=PLANE('',#7714);
#6885=PLANE('',#7716);
#6886=PLANE('',#7718);
#6887=PLANE('',#7720);
#6888=PLANE('',#7722);
#6889=PLANE('',#7724);
#6890=PLANE('',#7726);
#6891=PLANE('',#7728);
#6892=PLANE('',#7730);
#6893=PLANE('',#7732);
#6894=PLANE('',#7734);
#6895=PLANE('',#7736);
#6896=PLANE('',#7738);
#6897=PLANE('',#7740);
#6898=PLANE('',#7742);
#6899=PLANE('',#7744);
#6900=PLANE('',#7746);
#6901=PLANE('',#7748);
#6902=PLANE('',#7750);
#6903=PLANE('',#7752);
#6904=PLANE('',#7754);
#6905=PLANE('',#7756);
#6906=PLANE('',#7758);
#6907=PLANE('',#7760);
#6908=PLANE('',#7762);
#6909=PLANE('',#7764);
#6910=PLANE('',#7766);
#6911=PLANE('',#7768);
#6912=PLANE('',#7770);
#6913=PLANE('',#7772);
#6914=PLANE('',#7774);
#6915=PLANE('',#7776);
#6916=PLANE('',#7778);
#6917=PLANE('',#7780);
#6918=PLANE('',#7782);
#6919=PLANE('',#7784);
#6920=PLANE('',#7786);
#6921=PLANE('',#7788);
#6922=PLANE('',#7790);
#6923=PLANE('',#7792);
#6924=PLANE('',#7794);
#6925=PLANE('',#7796);
#6926=PLANE('',#7798);
#6927=PLANE('',#7800);
#6928=PLANE('',#7802);
#6929=PLANE('',#7804);
#6930=PLANE('',#7806);
#6931=PLANE('',#7808);
#6932=PLANE('',#7810);
#6933=PLANE('',#7812);
#6934=PLANE('',#7814);
#6935=PLANE('',#7816);
#6936=PLANE('',#7818);
#6937=PLANE('',#7820);
#6938=PLANE('',#7822);
#6939=PLANE('',#7824);
#6940=PLANE('',#7826);
#6941=PLANE('',#7828);
#6942=PLANE('',#7830);
#6943=PLANE('',#7832);
#6944=PLANE('',#7834);
#6945=PLANE('',#7836);
#6946=PLANE('',#7838);
#6947=PLANE('',#7840);
#6948=PLANE('',#7842);
#6949=PLANE('',#7844);
#6950=PLANE('',#7846);
#6951=PLANE('',#7848);
#6952=PLANE('',#7850);
#6953=PLANE('',#7852);
#6954=PLANE('',#7854);
#6955=PLANE('',#7856);
#6956=PLANE('',#7858);
#6957=PLANE('',#7860);
#6958=PLANE('',#7862);
#6959=PLANE('',#7864);
#6960=PLANE('',#7866);
#6961=PLANE('',#7868);
#6962=PLANE('',#7870);
#6963=PLANE('',#7872);
#6964=PLANE('',#7874);
#6965=PLANE('',#7876);
#6966=PLANE('',#7878);
#6967=PLANE('',#7880);
#6968=PLANE('',#7882);
#6969=PLANE('',#7884);
#6970=PLANE('',#7886);
#6971=PLANE('',#7892);
#6972=PLANE('',#7893);
#6973=PLANE('',#7896);
#6974=PLANE('',#7899);
#6975=PLANE('',#7900);
#6976=PLANE('',#7901);
#6977=PLANE('',#7902);
#6978=PLANE('',#7903);
#6979=PLANE('',#7904);
#6980=PLANE('',#7905);
#6981=PLANE('',#7906);
#6982=PLANE('',#7907);
#6983=PLANE('',#7908);
#6984=PLANE('',#7909);
#6985=PLANE('',#7912);
#6986=PLANE('',#7913);
#6987=PLANE('',#7918);
#6988=PLANE('',#7921);
#6989=PLANE('',#7922);
#6990=PLANE('',#7923);
#6991=PLANE('',#7924);
#6992=PLANE('',#7925);
#6993=PLANE('',#7926);
#6994=PLANE('',#7927);
#6995=PLANE('',#7928);
#6996=PLANE('',#7929);
#6997=PLANE('',#7930);
#6998=PLANE('',#7931);
#6999=PLANE('',#7932);
#7000=PLANE('',#7933);
#7001=PLANE('',#7934);
#7002=PLANE('',#7937);
#7003=PLANE('',#7938);
#7004=PLANE('',#7941);
#7005=PLANE('',#7942);
#7006=PLANE('',#7943);
#7007=PLANE('',#7944);
#7008=PLANE('',#7945);
#7009=PLANE('',#7946);
#7010=PLANE('',#7947);
#7011=PLANE('',#7948);
#7012=PLANE('',#7953);
#7013=PLANE('',#7954);
#7014=PLANE('',#7955);
#7015=PLANE('',#7956);
#7016=PLANE('',#7957);
#7017=PLANE('',#7958);
#7018=PLANE('',#7959);
#7019=PLANE('',#7960);
#7020=PLANE('',#7961);
#7021=PLANE('',#7962);
#7022=PLANE('',#7963);
#7023=PLANE('',#7964);
#7024=PLANE('',#7965);
#7025=PLANE('',#7966);
#7026=PLANE('',#7967);
#7027=PLANE('',#7968);
#7028=PLANE('',#7969);
#7029=PLANE('',#7970);
#7030=PLANE('',#7971);
#7031=PLANE('',#7972);
#7032=PLANE('',#7973);
#7033=PLANE('',#7974);
#7034=PLANE('',#7975);
#7035=PLANE('',#7976);
#7036=PLANE('',#7977);
#7037=PLANE('',#7978);
#7038=PLANE('',#7979);
#7039=PLANE('',#7980);
#7040=PLANE('',#7981);
#7041=PLANE('',#7982);
#7042=PLANE('',#7983);
#7043=PLANE('',#7984);
#7044=PLANE('',#7985);
#7045=PLANE('',#7986);
#7046=PLANE('',#7987);
#7047=PLANE('',#7988);
#7048=PLANE('',#7989);
#7049=PLANE('',#7990);
#7050=PLANE('',#7991);
#7051=PLANE('',#7992);
#7052=PLANE('',#7993);
#7053=PLANE('',#7994);
#7054=PLANE('',#7995);
#7055=PLANE('',#7996);
#7056=PLANE('',#7997);
#7057=PLANE('',#7998);
#7058=PLANE('',#7999);
#7059=PLANE('',#8000);
#7060=PLANE('',#8001);
#7061=ADVANCED_FACE('',(#6414,#6415,#6416,#6417,#6418,#6419,#6420,#6421,
#6422,#6423,#6424,#6425,#6426,#6427,#6428,#6429,#6430,#6431,#6432,#6433,
#6434,#6435,#6436,#6437,#6438,#6439,#6440,#6441,#6442,#6443,#6444,#6445,
#6446,#6447,#6448,#6449,#6450,#6451,#6452,#6453,#6454,#6455,#6456),#6868,
 .T.);
#7062=ADVANCED_FACE('',(#6457),#6869,.F.);
#7063=ADVANCED_FACE('',(#6458,#6459,#6460,#6461,#6462,#6463,#6464,#6465,
#6466,#6467,#6468,#6469,#6470,#6471,#6472,#6473,#6474,#6475,#6476,#6477,
#6478,#6479,#6480,#6481,#6482,#6483,#6484,#6485,#6486),#6870,.F.);
#7064=ADVANCED_FACE('',(#6487),#6871,.T.);
#7065=ADVANCED_FACE('',(#6488),#6872,.F.);
#7066=ADVANCED_FACE('',(#6489),#6873,.T.);
#7067=ADVANCED_FACE('',(#6490),#134,.T.);
#7068=ADVANCED_FACE('',(#6491),#6874,.F.);
#7069=ADVANCED_FACE('',(#6492),#135,.F.);
#7070=ADVANCED_FACE('',(#6493,#6494),#12,.F.);
#7071=ADVANCED_FACE('',(#6495,#6496),#13,.F.);
#7072=ADVANCED_FACE('',(#6497,#6498),#14,.F.);
#7073=ADVANCED_FACE('',(#6499,#6500),#15,.F.);
#7074=ADVANCED_FACE('',(#6501),#6875,.F.);
#7075=ADVANCED_FACE('',(#6502),#16,.F.);
#7076=ADVANCED_FACE('',(#6503),#6876,.T.);
#7077=ADVANCED_FACE('',(#6504),#17,.F.);
#7078=ADVANCED_FACE('',(#6505),#6877,.T.);
#7079=ADVANCED_FACE('',(#6506),#18,.F.);
#7080=ADVANCED_FACE('',(#6507),#6878,.F.);
#7081=ADVANCED_FACE('',(#6508),#19,.F.);
#7082=ADVANCED_FACE('',(#6509),#6879,.T.);
#7083=ADVANCED_FACE('',(#6510),#20,.F.);
#7084=ADVANCED_FACE('',(#6511),#6880,.T.);
#7085=ADVANCED_FACE('',(#6512),#21,.F.);
#7086=ADVANCED_FACE('',(#6513),#6881,.F.);
#7087=ADVANCED_FACE('',(#6514),#22,.F.);
#7088=ADVANCED_FACE('',(#6515),#6882,.F.);
#7089=ADVANCED_FACE('',(#6516),#23,.F.);
#7090=ADVANCED_FACE('',(#6517),#6883,.T.);
#7091=ADVANCED_FACE('',(#6518),#24,.F.);
#7092=ADVANCED_FACE('',(#6519),#6884,.T.);
#7093=ADVANCED_FACE('',(#6520),#25,.F.);
#7094=ADVANCED_FACE('',(#6521),#6885,.F.);
#7095=ADVANCED_FACE('',(#6522),#26,.F.);
#7096=ADVANCED_FACE('',(#6523),#6886,.F.);
#7097=ADVANCED_FACE('',(#6524),#27,.F.);
#7098=ADVANCED_FACE('',(#6525),#6887,.F.);
#7099=ADVANCED_FACE('',(#6526),#28,.F.);
#7100=ADVANCED_FACE('',(#6527),#6888,.F.);
#7101=ADVANCED_FACE('',(#6528),#29,.F.);
#7102=ADVANCED_FACE('',(#6529),#6889,.T.);
#7103=ADVANCED_FACE('',(#6530),#30,.F.);
#7104=ADVANCED_FACE('',(#6531),#6890,.T.);
#7105=ADVANCED_FACE('',(#6532),#31,.F.);
#7106=ADVANCED_FACE('',(#6533),#6891,.F.);
#7107=ADVANCED_FACE('',(#6534),#32,.F.);
#7108=ADVANCED_FACE('',(#6535),#6892,.T.);
#7109=ADVANCED_FACE('',(#6536),#33,.F.);
#7110=ADVANCED_FACE('',(#6537),#6893,.T.);
#7111=ADVANCED_FACE('',(#6538),#34,.F.);
#7112=ADVANCED_FACE('',(#6539),#6894,.F.);
#7113=ADVANCED_FACE('',(#6540),#35,.F.);
#7114=ADVANCED_FACE('',(#6541),#6895,.T.);
#7115=ADVANCED_FACE('',(#6542),#36,.F.);
#7116=ADVANCED_FACE('',(#6543),#6896,.T.);
#7117=ADVANCED_FACE('',(#6544),#37,.F.);
#7118=ADVANCED_FACE('',(#6545),#6897,.F.);
#7119=ADVANCED_FACE('',(#6546),#38,.F.);
#7120=ADVANCED_FACE('',(#6547),#6898,.F.);
#7121=ADVANCED_FACE('',(#6548),#39,.F.);
#7122=ADVANCED_FACE('',(#6549),#6899,.T.);
#7123=ADVANCED_FACE('',(#6550),#40,.F.);
#7124=ADVANCED_FACE('',(#6551),#6900,.T.);
#7125=ADVANCED_FACE('',(#6552),#41,.F.);
#7126=ADVANCED_FACE('',(#6553),#6901,.F.);
#7127=ADVANCED_FACE('',(#6554),#42,.F.);
#7128=ADVANCED_FACE('',(#6555),#6902,.F.);
#7129=ADVANCED_FACE('',(#6556),#43,.F.);
#7130=ADVANCED_FACE('',(#6557),#6903,.T.);
#7131=ADVANCED_FACE('',(#6558),#44,.F.);
#7132=ADVANCED_FACE('',(#6559),#6904,.T.);
#7133=ADVANCED_FACE('',(#6560),#45,.F.);
#7134=ADVANCED_FACE('',(#6561),#6905,.F.);
#7135=ADVANCED_FACE('',(#6562),#46,.F.);
#7136=ADVANCED_FACE('',(#6563),#6906,.F.);
#7137=ADVANCED_FACE('',(#6564),#47,.F.);
#7138=ADVANCED_FACE('',(#6565),#6907,.F.);
#7139=ADVANCED_FACE('',(#6566),#48,.F.);
#7140=ADVANCED_FACE('',(#6567),#6908,.F.);
#7141=ADVANCED_FACE('',(#6568),#49,.F.);
#7142=ADVANCED_FACE('',(#6569),#6909,.T.);
#7143=ADVANCED_FACE('',(#6570),#50,.F.);
#7144=ADVANCED_FACE('',(#6571),#6910,.T.);
#7145=ADVANCED_FACE('',(#6572),#51,.F.);
#7146=ADVANCED_FACE('',(#6573),#6911,.F.);
#7147=ADVANCED_FACE('',(#6574),#52,.F.);
#7148=ADVANCED_FACE('',(#6575),#6912,.T.);
#7149=ADVANCED_FACE('',(#6576),#53,.F.);
#7150=ADVANCED_FACE('',(#6577),#6913,.T.);
#7151=ADVANCED_FACE('',(#6578),#54,.F.);
#7152=ADVANCED_FACE('',(#6579),#6914,.F.);
#7153=ADVANCED_FACE('',(#6580),#55,.F.);
#7154=ADVANCED_FACE('',(#6581),#6915,.T.);
#7155=ADVANCED_FACE('',(#6582),#56,.F.);
#7156=ADVANCED_FACE('',(#6583),#6916,.T.);
#7157=ADVANCED_FACE('',(#6584),#57,.F.);
#7158=ADVANCED_FACE('',(#6585),#6917,.F.);
#7159=ADVANCED_FACE('',(#6586),#58,.F.);
#7160=ADVANCED_FACE('',(#6587),#6918,.F.);
#7161=ADVANCED_FACE('',(#6588),#59,.F.);
#7162=ADVANCED_FACE('',(#6589),#6919,.F.);
#7163=ADVANCED_FACE('',(#6590),#60,.F.);
#7164=ADVANCED_FACE('',(#6591),#6920,.T.);
#7165=ADVANCED_FACE('',(#6592),#61,.F.);
#7166=ADVANCED_FACE('',(#6593),#6921,.T.);
#7167=ADVANCED_FACE('',(#6594),#62,.F.);
#7168=ADVANCED_FACE('',(#6595),#6922,.F.);
#7169=ADVANCED_FACE('',(#6596),#63,.F.);
#7170=ADVANCED_FACE('',(#6597),#6923,.T.);
#7171=ADVANCED_FACE('',(#6598),#64,.F.);
#7172=ADVANCED_FACE('',(#6599),#6924,.T.);
#7173=ADVANCED_FACE('',(#6600),#65,.F.);
#7174=ADVANCED_FACE('',(#6601),#6925,.F.);
#7175=ADVANCED_FACE('',(#6602),#66,.F.);
#7176=ADVANCED_FACE('',(#6603),#6926,.F.);
#7177=ADVANCED_FACE('',(#6604),#67,.F.);
#7178=ADVANCED_FACE('',(#6605),#6927,.F.);
#7179=ADVANCED_FACE('',(#6606),#68,.F.);
#7180=ADVANCED_FACE('',(#6607),#6928,.T.);
#7181=ADVANCED_FACE('',(#6608),#69,.F.);
#7182=ADVANCED_FACE('',(#6609),#6929,.T.);
#7183=ADVANCED_FACE('',(#6610),#70,.F.);
#7184=ADVANCED_FACE('',(#6611),#6930,.F.);
#7185=ADVANCED_FACE('',(#6612),#71,.F.);
#7186=ADVANCED_FACE('',(#6613),#6931,.T.);
#7187=ADVANCED_FACE('',(#6614),#72,.F.);
#7188=ADVANCED_FACE('',(#6615),#6932,.T.);
#7189=ADVANCED_FACE('',(#6616),#73,.F.);
#7190=ADVANCED_FACE('',(#6617),#6933,.F.);
#7191=ADVANCED_FACE('',(#6618),#74,.F.);
#7192=ADVANCED_FACE('',(#6619),#6934,.F.);
#7193=ADVANCED_FACE('',(#6620),#75,.F.);
#7194=ADVANCED_FACE('',(#6621),#6935,.F.);
#7195=ADVANCED_FACE('',(#6622),#76,.F.);
#7196=ADVANCED_FACE('',(#6623),#6936,.T.);
#7197=ADVANCED_FACE('',(#6624),#77,.F.);
#7198=ADVANCED_FACE('',(#6625),#6937,.T.);
#7199=ADVANCED_FACE('',(#6626),#78,.F.);
#7200=ADVANCED_FACE('',(#6627),#6938,.F.);
#7201=ADVANCED_FACE('',(#6628),#79,.F.);
#7202=ADVANCED_FACE('',(#6629),#6939,.F.);
#7203=ADVANCED_FACE('',(#6630),#80,.F.);
#7204=ADVANCED_FACE('',(#6631),#6940,.T.);
#7205=ADVANCED_FACE('',(#6632),#81,.F.);
#7206=ADVANCED_FACE('',(#6633),#6941,.T.);
#7207=ADVANCED_FACE('',(#6634),#82,.F.);
#7208=ADVANCED_FACE('',(#6635),#6942,.F.);
#7209=ADVANCED_FACE('',(#6636),#83,.F.);
#7210=ADVANCED_FACE('',(#6637),#6943,.T.);
#7211=ADVANCED_FACE('',(#6638),#84,.F.);
#7212=ADVANCED_FACE('',(#6639),#6944,.T.);
#7213=ADVANCED_FACE('',(#6640),#85,.F.);
#7214=ADVANCED_FACE('',(#6641),#6945,.F.);
#7215=ADVANCED_FACE('',(#6642),#86,.F.);
#7216=ADVANCED_FACE('',(#6643),#6946,.F.);
#7217=ADVANCED_FACE('',(#6644),#87,.F.);
#7218=ADVANCED_FACE('',(#6645),#6947,.F.);
#7219=ADVANCED_FACE('',(#6646),#88,.F.);
#7220=ADVANCED_FACE('',(#6647),#6948,.F.);
#7221=ADVANCED_FACE('',(#6648),#89,.F.);
#7222=ADVANCED_FACE('',(#6649),#6949,.T.);
#7223=ADVANCED_FACE('',(#6650),#90,.F.);
#7224=ADVANCED_FACE('',(#6651),#6950,.T.);
#7225=ADVANCED_FACE('',(#6652),#91,.F.);
#7226=ADVANCED_FACE('',(#6653),#6951,.F.);
#7227=ADVANCED_FACE('',(#6654),#92,.F.);
#7228=ADVANCED_FACE('',(#6655),#6952,.F.);
#7229=ADVANCED_FACE('',(#6656),#93,.F.);
#7230=ADVANCED_FACE('',(#6657),#6953,.T.);
#7231=ADVANCED_FACE('',(#6658),#94,.F.);
#7232=ADVANCED_FACE('',(#6659),#6954,.T.);
#7233=ADVANCED_FACE('',(#6660),#95,.F.);
#7234=ADVANCED_FACE('',(#6661),#6955,.F.);
#7235=ADVANCED_FACE('',(#6662),#96,.F.);
#7236=ADVANCED_FACE('',(#6663),#6956,.T.);
#7237=ADVANCED_FACE('',(#6664),#97,.F.);
#7238=ADVANCED_FACE('',(#6665),#6957,.T.);
#7239=ADVANCED_FACE('',(#6666),#98,.F.);
#7240=ADVANCED_FACE('',(#6667),#6958,.F.);
#7241=ADVANCED_FACE('',(#6668),#99,.F.);
#7242=ADVANCED_FACE('',(#6669),#6959,.F.);
#7243=ADVANCED_FACE('',(#6670),#100,.F.);
#7244=ADVANCED_FACE('',(#6671),#6960,.T.);
#7245=ADVANCED_FACE('',(#6672),#101,.F.);
#7246=ADVANCED_FACE('',(#6673),#6961,.T.);
#7247=ADVANCED_FACE('',(#6674),#102,.F.);
#7248=ADVANCED_FACE('',(#6675),#6962,.F.);
#7249=ADVANCED_FACE('',(#6676),#103,.F.);
#7250=ADVANCED_FACE('',(#6677),#6963,.T.);
#7251=ADVANCED_FACE('',(#6678),#104,.F.);
#7252=ADVANCED_FACE('',(#6679),#6964,.T.);
#7253=ADVANCED_FACE('',(#6680),#105,.F.);
#7254=ADVANCED_FACE('',(#6681),#6965,.F.);
#7255=ADVANCED_FACE('',(#6682),#106,.F.);
#7256=ADVANCED_FACE('',(#6683),#6966,.F.);
#7257=ADVANCED_FACE('',(#6684),#107,.F.);
#7258=ADVANCED_FACE('',(#6685),#6967,.T.);
#7259=ADVANCED_FACE('',(#6686),#108,.F.);
#7260=ADVANCED_FACE('',(#6687),#6968,.T.);
#7261=ADVANCED_FACE('',(#6688),#109,.F.);
#7262=ADVANCED_FACE('',(#6689),#6969,.F.);
#7263=ADVANCED_FACE('',(#6690),#110,.F.);
#7264=ADVANCED_FACE('',(#6691),#6970,.F.);
#7265=ADVANCED_FACE('',(#6692),#111,.F.);
#7266=ADVANCED_FACE('',(#6693),#136,.T.);
#7267=ADVANCED_FACE('',(#6694),#112,.F.);
#7268=ADVANCED_FACE('',(#6695),#137,.T.);
#7269=ADVANCED_FACE('',(#6696),#138,.T.);
#7270=ADVANCED_FACE('',(#6697),#139,.T.);
#7271=ADVANCED_FACE('',(#6698),#113,.T.);
#7272=ADVANCED_FACE('',(#6699),#140,.T.);
#7273=ADVANCED_FACE('',(#6700),#141,.T.);
#7274=ADVANCED_FACE('',(#6701),#6971,.T.);
#7275=ADVANCED_FACE('',(#6702),#142,.T.);
#7276=ADVANCED_FACE('',(#6703),#143,.T.);
#7277=ADVANCED_FACE('',(#6704),#144,.T.);
#7278=ADVANCED_FACE('',(#6705),#145,.T.);
#7279=ADVANCED_FACE('',(#6706),#146,.T.);
#7280=ADVANCED_FACE('',(#6707),#147,.T.);
#7281=ADVANCED_FACE('',(#6708),#148,.T.);
#7282=ADVANCED_FACE('',(#6709),#149,.T.);
#7283=ADVANCED_FACE('',(#6710),#150,.T.);
#7284=ADVANCED_FACE('',(#6711),#151,.T.);
#7285=ADVANCED_FACE('',(#6712),#6972,.T.);
#7286=ADVANCED_FACE('',(#6713),#114,.F.);
#7287=ADVANCED_FACE('',(#6714),#152,.T.);
#7288=ADVANCED_FACE('',(#6715),#153,.T.);
#7289=ADVANCED_FACE('',(#6716),#6973,.T.);
#7290=ADVANCED_FACE('',(#6717),#154,.T.);
#7291=ADVANCED_FACE('',(#6718),#155,.T.);
#7292=ADVANCED_FACE('',(#6719),#115,.T.);
#7293=ADVANCED_FACE('',(#6720),#6974,.T.);
#7294=ADVANCED_FACE('',(#6721),#6975,.T.);
#7295=ADVANCED_FACE('',(#6722),#6976,.T.);
#7296=ADVANCED_FACE('',(#6723),#6977,.T.);
#7297=ADVANCED_FACE('',(#6724),#6978,.T.);
#7298=ADVANCED_FACE('',(#6725),#6979,.T.);
#7299=ADVANCED_FACE('',(#6726),#6980,.T.);
#7300=ADVANCED_FACE('',(#6727),#6981,.T.);
#7301=ADVANCED_FACE('',(#6728),#6982,.T.);
#7302=ADVANCED_FACE('',(#6729),#6983,.T.);
#7303=ADVANCED_FACE('',(#6730),#6984,.T.);
#7304=ADVANCED_FACE('',(#6731),#116,.F.);
#7305=ADVANCED_FACE('',(#6732),#156,.T.);
#7306=ADVANCED_FACE('',(#6733),#157,.T.);
#7307=ADVANCED_FACE('',(#6734),#158,.T.);
#7308=ADVANCED_FACE('',(#6735),#6985,.T.);
#7309=ADVANCED_FACE('',(#6736),#6986,.T.);
#7310=ADVANCED_FACE('',(#6737),#159,.T.);
#7311=ADVANCED_FACE('',(#6738),#160,.T.);
#7312=ADVANCED_FACE('',(#6739),#117,.F.);
#7313=ADVANCED_FACE('',(#6740),#161,.T.);
#7314=ADVANCED_FACE('',(#6741),#118,.F.);
#7315=ADVANCED_FACE('',(#6742),#162,.T.);
#7316=ADVANCED_FACE('',(#6743),#163,.T.);
#7317=ADVANCED_FACE('',(#6744),#164,.T.);
#7318=ADVANCED_FACE('',(#6745),#165,.T.);
#7319=ADVANCED_FACE('',(#6746),#166,.T.);
#7320=ADVANCED_FACE('',(#6747),#167,.T.);
#7321=ADVANCED_FACE('',(#6748),#168,.T.);
#7322=ADVANCED_FACE('',(#6749),#6987,.T.);
#7323=ADVANCED_FACE('',(#6750),#169,.T.);
#7324=ADVANCED_FACE('',(#6751),#119,.T.);
#7325=ADVANCED_FACE('',(#6752),#170,.T.);
#7326=ADVANCED_FACE('',(#6753),#171,.T.);
#7327=ADVANCED_FACE('',(#6754),#6988,.T.);
#7328=ADVANCED_FACE('',(#6755),#6989,.T.);
#7329=ADVANCED_FACE('',(#6756),#172,.T.);
#7330=ADVANCED_FACE('',(#6757),#173,.T.);
#7331=ADVANCED_FACE('',(#6758),#174,.T.);
#7332=ADVANCED_FACE('',(#6759),#175,.T.);
#7333=ADVANCED_FACE('',(#6760),#6990,.T.);
#7334=ADVANCED_FACE('',(#6761),#176,.T.);
#7335=ADVANCED_FACE('',(#6762),#6991,.T.);
#7336=ADVANCED_FACE('',(#6763,#6764),#6992,.T.);
#7337=ADVANCED_FACE('',(#6765),#6993,.T.);
#7338=ADVANCED_FACE('',(#6766),#6994,.T.);
#7339=ADVANCED_FACE('',(#6767),#6995,.T.);
#7340=ADVANCED_FACE('',(#6768),#177,.T.);
#7341=ADVANCED_FACE('',(#6769),#178,.T.);
#7342=ADVANCED_FACE('',(#6770),#179,.T.);
#7343=ADVANCED_FACE('',(#6771),#180,.T.);
#7344=ADVANCED_FACE('',(#6772),#6996,.T.);
#7345=ADVANCED_FACE('',(#6773),#6997,.T.);
#7346=ADVANCED_FACE('',(#6774),#6998,.T.);
#7347=ADVANCED_FACE('',(#6775),#6999,.T.);
#7348=ADVANCED_FACE('',(#6776),#7000,.T.);
#7349=ADVANCED_FACE('',(#6777),#7001,.T.);
#7350=ADVANCED_FACE('',(#6778),#181,.T.);
#7351=ADVANCED_FACE('',(#6779),#182,.T.);
#7352=ADVANCED_FACE('',(#6780),#183,.T.);
#7353=ADVANCED_FACE('',(#6781),#120,.T.);
#7354=ADVANCED_FACE('',(#6782),#7002,.T.);
#7355=ADVANCED_FACE('',(#6783),#7003,.T.);
#7356=ADVANCED_FACE('',(#6784),#121,.T.);
#7357=ADVANCED_FACE('',(#6785),#184,.T.);
#7358=ADVANCED_FACE('',(#6786),#185,.T.);
#7359=ADVANCED_FACE('',(#6787),#186,.T.);
#7360=ADVANCED_FACE('',(#6788),#7004,.T.);
#7361=ADVANCED_FACE('',(#6789),#7005,.T.);
#7362=ADVANCED_FACE('',(#6790),#7006,.T.);
#7363=ADVANCED_FACE('',(#6791),#7007,.T.);
#7364=ADVANCED_FACE('',(#6792),#187,.T.);
#7365=ADVANCED_FACE('',(#6793),#188,.T.);
#7366=ADVANCED_FACE('',(#6794),#189,.T.);
#7367=ADVANCED_FACE('',(#6795),#190,.T.);
#7368=ADVANCED_FACE('',(#6796),#191,.T.);
#7369=ADVANCED_FACE('',(#6797),#192,.T.);
#7370=ADVANCED_FACE('',(#6798),#193,.T.);
#7371=ADVANCED_FACE('',(#6799),#194,.T.);
#7372=ADVANCED_FACE('',(#6800),#195,.T.);
#7373=ADVANCED_FACE('',(#6801),#7008,.T.);
#7374=ADVANCED_FACE('',(#6802),#7009,.T.);
#7375=ADVANCED_FACE('',(#6803),#7010,.T.);
#7376=ADVANCED_FACE('',(#6804),#7011,.T.);
#7377=ADVANCED_FACE('',(#6805),#122,.T.);
#7378=ADVANCED_FACE('',(#6806),#196,.T.);
#7379=ADVANCED_FACE('',(#6807),#123,.T.);
#7380=ADVANCED_FACE('',(#6808),#197,.T.);
#7381=ADVANCED_FACE('',(#6809),#7012,.T.);
#7382=ADVANCED_FACE('',(#6810),#7013,.T.);
#7383=ADVANCED_FACE('',(#6811),#7014,.F.);
#7384=ADVANCED_FACE('',(#6812),#7015,.F.);
#7385=ADVANCED_FACE('',(#6813),#7016,.T.);
#7386=ADVANCED_FACE('',(#6814),#7017,.T.);
#7387=ADVANCED_FACE('',(#6815),#7018,.T.);
#7388=ADVANCED_FACE('',(#6816),#7019,.F.);
#7389=ADVANCED_FACE('',(#6817),#7020,.F.);
#7390=ADVANCED_FACE('',(#6818),#7021,.T.);
#7391=ADVANCED_FACE('',(#6819),#7022,.T.);
#7392=ADVANCED_FACE('',(#6820),#7023,.T.);
#7393=ADVANCED_FACE('',(#6821),#7024,.F.);
#7394=ADVANCED_FACE('',(#6822),#7025,.F.);
#7395=ADVANCED_FACE('',(#6823),#7026,.T.);
#7396=ADVANCED_FACE('',(#6824),#7027,.T.);
#7397=ADVANCED_FACE('',(#6825),#7028,.T.);
#7398=ADVANCED_FACE('',(#6826),#7029,.F.);
#7399=ADVANCED_FACE('',(#6827),#7030,.F.);
#7400=ADVANCED_FACE('',(#6828),#7031,.T.);
#7401=ADVANCED_FACE('',(#6829),#7032,.T.);
#7402=ADVANCED_FACE('',(#6830),#7033,.T.);
#7403=ADVANCED_FACE('',(#6831),#7034,.F.);
#7404=ADVANCED_FACE('',(#6832),#7035,.F.);
#7405=ADVANCED_FACE('',(#6833),#7036,.T.);
#7406=ADVANCED_FACE('',(#6834),#7037,.T.);
#7407=ADVANCED_FACE('',(#6835),#7038,.T.);
#7408=ADVANCED_FACE('',(#6836),#7039,.F.);
#7409=ADVANCED_FACE('',(#6837),#7040,.F.);
#7410=ADVANCED_FACE('',(#6838),#7041,.T.);
#7411=ADVANCED_FACE('',(#6839),#7042,.T.);
#7412=ADVANCED_FACE('',(#6840),#7043,.T.);
#7413=ADVANCED_FACE('',(#6841),#7044,.F.);
#7414=ADVANCED_FACE('',(#6842),#7045,.F.);
#7415=ADVANCED_FACE('',(#6843),#7046,.T.);
#7416=ADVANCED_FACE('',(#6844),#7047,.T.);
#7417=ADVANCED_FACE('',(#6845),#7048,.T.);
#7418=ADVANCED_FACE('',(#6846),#7049,.F.);
#7419=ADVANCED_FACE('',(#6847),#7050,.F.);
#7420=ADVANCED_FACE('',(#6848),#7051,.T.);
#7421=ADVANCED_FACE('',(#6849),#7052,.T.);
#7422=ADVANCED_FACE('',(#6850),#7053,.F.);
#7423=ADVANCED_FACE('',(#6851),#7054,.F.);
#7424=ADVANCED_FACE('',(#6852),#7055,.T.);
#7425=ADVANCED_FACE('',(#6853),#7056,.T.);
#7426=ADVANCED_FACE('',(#6854),#7057,.T.);
#7427=ADVANCED_FACE('',(#6855),#7058,.F.);
#7428=ADVANCED_FACE('',(#6856),#7059,.F.);
#7429=ADVANCED_FACE('',(#6857),#7060,.F.);
#7430=ADVANCED_FACE('',(#6858),#124,.T.);
#7431=ADVANCED_FACE('',(#6859),#125,.T.);
#7432=ADVANCED_FACE('',(#6860),#126,.T.);
#7433=ADVANCED_FACE('',(#6861),#127,.T.);
#7434=ADVANCED_FACE('',(#6862),#128,.T.);
#7435=ADVANCED_FACE('',(#6863),#129,.T.);
#7436=ADVANCED_FACE('',(#6864),#130,.T.);
#7437=ADVANCED_FACE('',(#6865),#131,.T.);
#7438=ADVANCED_FACE('',(#6866),#132,.F.);
#7439=ADVANCED_FACE('',(#6867),#133,.F.);
#7440=CLOSED_SHELL('',(#7061,#7062,#7063,#7064,#7065,#7066,#7067,#7068,
#7069,#7070,#7071,#7072,#7073,#7074,#7075,#7076,#7077,#7078,#7079,#7080,
#7081,#7082,#7083,#7084,#7085,#7086,#7087,#7088,#7089,#7090,#7091,#7092,
#7093,#7094,#7095,#7096,#7097,#7098,#7099,#7100,#7101,#7102,#7103,#7104,
#7105,#7106,#7107,#7108,#7109,#7110,#7111,#7112,#7113,#7114,#7115,#7116,
#7117,#7118,#7119,#7120,#7121,#7122,#7123,#7124,#7125,#7126,#7127,#7128,
#7129,#7130,#7131,#7132,#7133,#7134,#7135,#7136,#7137,#7138,#7139,#7140,
#7141,#7142,#7143,#7144,#7145,#7146,#7147,#7148,#7149,#7150,#7151,#7152,
#7153,#7154,#7155,#7156,#7157,#7158,#7159,#7160,#7161,#7162,#7163,#7164,
#7165,#7166,#7167,#7168,#7169,#7170,#7171,#7172,#7173,#7174,#7175,#7176,
#7177,#7178,#7179,#7180,#7181,#7182,#7183,#7184,#7185,#7186,#7187,#7188,
#7189,#7190,#7191,#7192,#7193,#7194,#7195,#7196,#7197,#7198,#7199,#7200,
#7201,#7202,#7203,#7204,#7205,#7206,#7207,#7208,#7209,#7210,#7211,#7212,
#7213,#7214,#7215,#7216,#7217,#7218,#7219,#7220,#7221,#7222,#7223,#7224,
#7225,#7226,#7227,#7228,#7229,#7230,#7231,#7232,#7233,#7234,#7235,#7236,
#7237,#7238,#7239,#7240,#7241,#7242,#7243,#7244,#7245,#7246,#7247,#7248,
#7249,#7250,#7251,#7252,#7253,#7254,#7255,#7256,#7257,#7258,#7259,#7260,
#7261,#7262,#7263,#7264,#7265,#7266,#7267,#7268,#7269,#7270,#7271,#7272,
#7273,#7274,#7275,#7276,#7277,#7278,#7279,#7280,#7281,#7282,#7283,#7284,
#7285,#7286,#7287,#7288,#7289,#7290,#7291,#7292,#7293,#7294,#7295,#7296,
#7297,#7298,#7299,#7300,#7301,#7302,#7303,#7304,#7305,#7306,#7307,#7308,
#7309,#7310,#7311,#7312,#7313,#7314,#7315,#7316,#7317,#7318,#7319,#7320,
#7321,#7322,#7323,#7324,#7325,#7326,#7327,#7328,#7329,#7330,#7331,#7332,
#7333,#7334,#7335,#7336,#7337,#7338,#7339,#7340,#7341,#7342,#7343,#7344,
#7345,#7346,#7347,#7348,#7349,#7350,#7351,#7352,#7353,#7354,#7355,#7356,
#7357,#7358,#7359,#7360,#7361,#7362,#7363,#7364,#7365,#7366,#7367,#7368,
#7369,#7370,#7371,#7372,#7373,#7374,#7375,#7376,#7377,#7378,#7379,#7380,
#7381,#7382,#7383,#7384,#7385,#7386,#7387,#7388,#7389,#7390,#7391,#7392,
#7393,#7394,#7395,#7396,#7397,#7398,#7399,#7400,#7401,#7402,#7403,#7404,
#7405,#7406,#7407,#7408,#7409,#7410,#7411,#7412,#7413,#7414,#7415,#7416,
#7417,#7418,#7419,#7420,#7421,#7422,#7423,#7424,#7425,#7426,#7427,#7428,
#7429,#7430,#7431,#7432,#7433,#7434,#7435,#7436,#7437,#7438,#7439));
#7441=STYLED_ITEM('',(#7442),#7449);
#7442=PRESENTATION_STYLE_ASSIGNMENT((#7443));
#7443=SURFACE_STYLE_USAGE(.BOTH.,#7444);
#7444=SURFACE_SIDE_STYLE('',(#7445));
#7445=SURFACE_STYLE_FILL_AREA(#7446);
#7446=FILL_AREA_STYLE('',(#7447));
#7447=FILL_AREA_STYLE_COLOUR('',#7448);
#7448=COLOUR_RGB('',0.647058823529412,0.647058823529412,0.647058823529412);
#7449=MANIFOLD_SOLID_BREP('Part 2',#7440);
#7450=SHAPE_DEFINITION_REPRESENTATION(#12738,#7451);
#7451=SHAPE_REPRESENTATION('Part 2',(#7452),#12733);
#7452=AXIS2_PLACEMENT_3D('',#9842,#8012,#8013);
#7453=AXIS2_PLACEMENT_3D('',#9843,#8014,#8015);
#7454=AXIS2_PLACEMENT_3D('',#9844,#8016,#8017);
#7455=AXIS2_PLACEMENT_3D('',#9849,#8019,#8020);
#7456=AXIS2_PLACEMENT_3D('',#9853,#8022,#8023);
#7457=AXIS2_PLACEMENT_3D('',#9857,#8025,#8026);
#7458=AXIS2_PLACEMENT_3D('',#9860,#8028,#8029);
#7459=AXIS2_PLACEMENT_3D('',#9865,#8031,#8032);
#7460=AXIS2_PLACEMENT_3D('',#9869,#8034,#8035);
#7461=AXIS2_PLACEMENT_3D('',#9873,#8037,#8038);
#7462=AXIS2_PLACEMENT_3D('',#9876,#8040,#8041);
#7463=AXIS2_PLACEMENT_3D('',#9881,#8043,#8044);
#7464=AXIS2_PLACEMENT_3D('',#9885,#8046,#8047);
#7465=AXIS2_PLACEMENT_3D('',#9889,#8049,#8050);
#7466=AXIS2_PLACEMENT_3D('',#9892,#8052,#8053);
#7467=AXIS2_PLACEMENT_3D('',#9897,#8055,#8056);
#7468=AXIS2_PLACEMENT_3D('',#9901,#8058,#8059);
#7469=AXIS2_PLACEMENT_3D('',#9905,#8061,#8062);
#7470=AXIS2_PLACEMENT_3D('',#9911,#8065,#8066);
#7471=AXIS2_PLACEMENT_3D('',#9915,#8068,#8069);
#7472=AXIS2_PLACEMENT_3D('',#9919,#8071,#8072);
#7473=AXIS2_PLACEMENT_3D('',#9923,#8074,#8075);
#7474=AXIS2_PLACEMENT_3D('',#9924,#8076,#8077);
#7475=AXIS2_PLACEMENT_3D('',#9929,#8079,#8080);
#7476=AXIS2_PLACEMENT_3D('',#9933,#8082,#8083);
#7477=AXIS2_PLACEMENT_3D('',#9937,#8085,#8086);
#7478=AXIS2_PLACEMENT_3D('',#9940,#8088,#8089);
#7479=AXIS2_PLACEMENT_3D('',#9945,#8091,#8092);
#7480=AXIS2_PLACEMENT_3D('',#9949,#8094,#8095);
#7481=AXIS2_PLACEMENT_3D('',#9953,#8097,#8098);
#7482=AXIS2_PLACEMENT_3D('',#9959,#8101,#8102);
#7483=AXIS2_PLACEMENT_3D('',#9963,#8104,#8105);
#7484=AXIS2_PLACEMENT_3D('',#9967,#8107,#8108);
#7485=AXIS2_PLACEMENT_3D('',#9971,#8110,#8111);
#7486=AXIS2_PLACEMENT_3D('',#9975,#8113,#8114);
#7487=AXIS2_PLACEMENT_3D('',#9979,#8116,#8117);
#7488=AXIS2_PLACEMENT_3D('',#9983,#8119,#8120);
#7489=AXIS2_PLACEMENT_3D('',#9987,#8122,#8123);
#7490=AXIS2_PLACEMENT_3D('',#9991,#8125,#8126);
#7491=AXIS2_PLACEMENT_3D('',#9995,#8128,#8129);
#7492=AXIS2_PLACEMENT_3D('',#9999,#8131,#8132);
#7493=AXIS2_PLACEMENT_3D('',#10003,#8134,#8135);
#7494=AXIS2_PLACEMENT_3D('',#10004,#8136,#8137);
#7495=AXIS2_PLACEMENT_3D('',#10009,#8139,#8140);
#7496=AXIS2_PLACEMENT_3D('',#10013,#8142,#8143);
#7497=AXIS2_PLACEMENT_3D('',#10017,#8145,#8146);
#7498=AXIS2_PLACEMENT_3D('',#10023,#8149,#8150);
#7499=AXIS2_PLACEMENT_3D('',#10027,#8152,#8153);
#7500=AXIS2_PLACEMENT_3D('',#10031,#8155,#8156);
#7501=AXIS2_PLACEMENT_3D('',#10035,#8158,#8159);
#7502=AXIS2_PLACEMENT_3D('',#10105,#8192,#8193);
#7503=AXIS2_PLACEMENT_3D('',#10111,#8194,#8195);
#7504=AXIS2_PLACEMENT_3D('',#10117,#8196,#8197);
#7505=AXIS2_PLACEMENT_3D('',#10185,#8209,#8210);
#7506=AXIS2_PLACEMENT_3D('',#10249,#8220,#8221);
#7507=AXIS2_PLACEMENT_3D('',#10285,#8223,#8224);
#7508=AXIS2_PLACEMENT_3D('',#10291,#8225,#8226);
#7509=AXIS2_PLACEMENT_3D('',#10315,#8228,#8229);
#7510=AXIS2_PLACEMENT_3D('',#10339,#8241,#8242);
#7511=AXIS2_PLACEMENT_3D('',#10340,#8243,#8244);
#7512=AXIS2_PLACEMENT_3D('',#10355,#8245,#8246);
#7513=AXIS2_PLACEMENT_3D('',#10409,#8249,#8250);
#7514=AXIS2_PLACEMENT_3D('',#10422,#8251,#8252);
#7515=AXIS2_PLACEMENT_3D('',#10424,#8253,#8254);
#7516=AXIS2_PLACEMENT_3D('',#10426,#8255,#8256);
#7517=AXIS2_PLACEMENT_3D('',#10428,#8257,#8258);
#7518=AXIS2_PLACEMENT_3D('',#10441,#8264,#8265);
#7519=AXIS2_PLACEMENT_3D('',#10445,#8267,#8268);
#7520=AXIS2_PLACEMENT_3D('',#10451,#8269,#8270);
#7521=AXIS2_PLACEMENT_3D('',#10455,#8272,#8273);
#7522=AXIS2_PLACEMENT_3D('',#10461,#8274,#8275);
#7523=AXIS2_PLACEMENT_3D('',#10465,#8277,#8278);
#7524=AXIS2_PLACEMENT_3D('',#10469,#8280,#8281);
#7525=AXIS2_PLACEMENT_3D('',#10473,#8283,#8284);
#7526=AXIS2_PLACEMENT_3D('',#10477,#8286,#8287);
#7527=AXIS2_PLACEMENT_3D('',#10481,#8289,#8290);
#7528=AXIS2_PLACEMENT_3D('',#10485,#8292,#8293);
#7529=AXIS2_PLACEMENT_3D('',#10489,#8295,#8296);
#7530=AXIS2_PLACEMENT_3D('',#10493,#8298,#8299);
#7531=AXIS2_PLACEMENT_3D('',#10497,#8301,#8302);
#7532=AXIS2_PLACEMENT_3D('',#10501,#8304,#8305);
#7533=AXIS2_PLACEMENT_3D('',#10505,#8307,#8308);
#7534=AXIS2_PLACEMENT_3D('',#10509,#8310,#8311);
#7535=AXIS2_PLACEMENT_3D('',#10513,#8313,#8314);
#7536=AXIS2_PLACEMENT_3D('',#10514,#8315,#8316);
#7537=AXIS2_PLACEMENT_3D('',#10519,#8318,#8319);
#7538=AXIS2_PLACEMENT_3D('',#10523,#8321,#8322);
#7539=AXIS2_PLACEMENT_3D('',#10527,#8324,#8325);
#7540=AXIS2_PLACEMENT_3D('',#10533,#8328,#8329);
#7541=AXIS2_PLACEMENT_3D('',#10537,#8331,#8332);
#7542=AXIS2_PLACEMENT_3D('',#10541,#8334,#8335);
#7543=AXIS2_PLACEMENT_3D('',#10545,#8337,#8338);
#7544=AXIS2_PLACEMENT_3D('',#10546,#8339,#8340);
#7545=AXIS2_PLACEMENT_3D('',#10551,#8342,#8343);
#7546=AXIS2_PLACEMENT_3D('',#10555,#8345,#8346);
#7547=AXIS2_PLACEMENT_3D('',#10559,#8348,#8349);
#7548=AXIS2_PLACEMENT_3D('',#10562,#8351,#8352);
#7549=AXIS2_PLACEMENT_3D('',#10567,#8354,#8355);
#7550=AXIS2_PLACEMENT_3D('',#10571,#8357,#8358);
#7551=AXIS2_PLACEMENT_3D('',#10575,#8360,#8361);
#7552=AXIS2_PLACEMENT_3D('',#10581,#8364,#8365);
#7553=AXIS2_PLACEMENT_3D('',#10585,#8367,#8368);
#7554=AXIS2_PLACEMENT_3D('',#10589,#8370,#8371);
#7555=AXIS2_PLACEMENT_3D('',#10593,#8373,#8374);
#7556=AXIS2_PLACEMENT_3D('',#10594,#8375,#8376);
#7557=AXIS2_PLACEMENT_3D('',#10599,#8378,#8379);
#7558=AXIS2_PLACEMENT_3D('',#10603,#8381,#8382);
#7559=AXIS2_PLACEMENT_3D('',#10607,#8384,#8385);
#7560=AXIS2_PLACEMENT_3D('',#10610,#8387,#8388);
#7561=AXIS2_PLACEMENT_3D('',#10615,#8390,#8391);
#7562=AXIS2_PLACEMENT_3D('',#10619,#8393,#8394);
#7563=AXIS2_PLACEMENT_3D('',#10623,#8396,#8397);
#7564=AXIS2_PLACEMENT_3D('',#10629,#8400,#8401);
#7565=AXIS2_PLACEMENT_3D('',#10633,#8403,#8404);
#7566=AXIS2_PLACEMENT_3D('',#10637,#8406,#8407);
#7567=AXIS2_PLACEMENT_3D('',#10641,#8409,#8410);
#7568=AXIS2_PLACEMENT_3D('',#10642,#8411,#8412);
#7569=AXIS2_PLACEMENT_3D('',#10647,#8414,#8415);
#7570=AXIS2_PLACEMENT_3D('',#10651,#8417,#8418);
#7571=AXIS2_PLACEMENT_3D('',#10655,#8420,#8421);
#7572=AXIS2_PLACEMENT_3D('',#10661,#8424,#8425);
#7573=AXIS2_PLACEMENT_3D('',#10665,#8427,#8428);
#7574=AXIS2_PLACEMENT_3D('',#10669,#8430,#8431);
#7575=AXIS2_PLACEMENT_3D('',#10673,#8433,#8434);
#7576=AXIS2_PLACEMENT_3D('',#10674,#8435,#8436);
#7577=AXIS2_PLACEMENT_3D('',#10680,#8440,#8441);
#7578=AXIS2_PLACEMENT_3D('',#10684,#8443,#8444);
#7579=AXIS2_PLACEMENT_3D('',#10688,#8446,#8447);
#7580=AXIS2_PLACEMENT_3D('',#10692,#8449,#8450);
#7581=AXIS2_PLACEMENT_3D('',#10696,#8452,#8453);
#7582=AXIS2_PLACEMENT_3D('',#10697,#8454,#8455);
#7583=AXIS2_PLACEMENT_3D('',#10702,#8457,#8458);
#7584=AXIS2_PLACEMENT_3D('',#10706,#8460,#8461);
#7585=AXIS2_PLACEMENT_3D('',#10710,#8463,#8464);
#7586=AXIS2_PLACEMENT_3D('',#10713,#8466,#8467);
#7587=AXIS2_PLACEMENT_3D('',#10718,#8469,#8470);
#7588=AXIS2_PLACEMENT_3D('',#10722,#8472,#8473);
#7589=AXIS2_PLACEMENT_3D('',#10726,#8475,#8476);
#7590=AXIS2_PLACEMENT_3D('',#10729,#8478,#8479);
#7591=AXIS2_PLACEMENT_3D('',#10734,#8481,#8482);
#7592=AXIS2_PLACEMENT_3D('',#10738,#8484,#8485);
#7593=AXIS2_PLACEMENT_3D('',#10742,#8487,#8488);
#7594=AXIS2_PLACEMENT_3D('',#10745,#8490,#8491);
#7595=AXIS2_PLACEMENT_3D('',#10750,#8493,#8494);
#7596=AXIS2_PLACEMENT_3D('',#10754,#8496,#8497);
#7597=AXIS2_PLACEMENT_3D('',#10758,#8499,#8500);
#7598=AXIS2_PLACEMENT_3D('',#10764,#8503,#8504);
#7599=AXIS2_PLACEMENT_3D('',#10768,#8506,#8507);
#7600=AXIS2_PLACEMENT_3D('',#10772,#8509,#8510);
#7601=AXIS2_PLACEMENT_3D('',#10776,#8512,#8513);
#7602=AXIS2_PLACEMENT_3D('',#10777,#8514,#8515);
#7603=AXIS2_PLACEMENT_3D('',#10782,#8517,#8518);
#7604=AXIS2_PLACEMENT_3D('',#10786,#8520,#8521);
#7605=AXIS2_PLACEMENT_3D('',#10790,#8523,#8524);
#7606=AXIS2_PLACEMENT_3D('',#10796,#8527,#8528);
#7607=AXIS2_PLACEMENT_3D('',#10800,#8530,#8531);
#7608=AXIS2_PLACEMENT_3D('',#10804,#8533,#8534);
#7609=AXIS2_PLACEMENT_3D('',#10808,#8536,#8537);
#7610=AXIS2_PLACEMENT_3D('',#10809,#8538,#8539);
#7611=AXIS2_PLACEMENT_3D('',#10814,#8541,#8542);
#7612=AXIS2_PLACEMENT_3D('',#10818,#8544,#8545);
#7613=AXIS2_PLACEMENT_3D('',#10822,#8547,#8548);
#7614=AXIS2_PLACEMENT_3D('',#10825,#8550,#8551);
#7615=AXIS2_PLACEMENT_3D('',#10830,#8553,#8554);
#7616=AXIS2_PLACEMENT_3D('',#10834,#8556,#8557);
#7617=AXIS2_PLACEMENT_3D('',#10838,#8559,#8560);
#7618=AXIS2_PLACEMENT_3D('',#10844,#8563,#8564);
#7619=AXIS2_PLACEMENT_3D('',#10848,#8566,#8567);
#7620=AXIS2_PLACEMENT_3D('',#10852,#8569,#8570);
#7621=AXIS2_PLACEMENT_3D('',#10856,#8572,#8573);
#7622=AXIS2_PLACEMENT_3D('',#10860,#8575,#8576);
#7623=AXIS2_PLACEMENT_3D('',#10864,#8578,#8579);
#7624=AXIS2_PLACEMENT_3D('',#10868,#8581,#8582);
#7625=AXIS2_PLACEMENT_3D('',#10872,#8584,#8585);
#7626=AXIS2_PLACEMENT_3D('',#10876,#8587,#8588);
#7627=AXIS2_PLACEMENT_3D('',#10877,#8589,#8590);
#7628=AXIS2_PLACEMENT_3D('',#10881,#8592,#8593);
#7629=AXIS2_PLACEMENT_3D('',#10885,#8595,#8596);
#7630=AXIS2_PLACEMENT_3D('',#10889,#8598,#8599);
#7631=AXIS2_PLACEMENT_3D('',#10893,#8601,#8602);
#7632=AXIS2_PLACEMENT_3D('',#10897,#8604,#8605);
#7633=AXIS2_PLACEMENT_3D('',#10903,#8606,#8607);
#7634=AXIS2_PLACEMENT_3D('',#10907,#8609,#8610);
#7635=AXIS2_PLACEMENT_3D('',#10913,#8611,#8612);
#7636=AXIS2_PLACEMENT_3D('',#10914,#8613,#8614);
#7637=AXIS2_PLACEMENT_3D('',#10916,#8615,#8616);
#7638=AXIS2_PLACEMENT_3D('',#10918,#8617,#8618);
#7639=AXIS2_PLACEMENT_3D('',#10920,#8619,#8620);
#7640=AXIS2_PLACEMENT_3D('',#10922,#8621,#8622);
#7641=AXIS2_PLACEMENT_3D('',#10927,#8624,#8625);
#7642=AXIS2_PLACEMENT_3D('',#10931,#8627,#8628);
#7643=AXIS2_PLACEMENT_3D('',#10935,#8630,#8631);
#7644=AXIS2_PLACEMENT_3D('',#10941,#8634,#8635);
#7645=AXIS2_PLACEMENT_3D('',#10945,#8637,#8638);
#7646=AXIS2_PLACEMENT_3D('',#10949,#8640,#8641);
#7647=AXIS2_PLACEMENT_3D('',#10953,#8643,#8644);
#7648=AXIS2_PLACEMENT_3D('',#10954,#8645,#8646);
#7649=AXIS2_PLACEMENT_3D('',#10959,#8648,#8649);
#7650=AXIS2_PLACEMENT_3D('',#10963,#8651,#8652);
#7651=AXIS2_PLACEMENT_3D('',#10967,#8654,#8655);
#7652=AXIS2_PLACEMENT_3D('',#10970,#8657,#8658);
#7653=AXIS2_PLACEMENT_3D('',#10975,#8660,#8661);
#7654=AXIS2_PLACEMENT_3D('',#10979,#8663,#8664);
#7655=AXIS2_PLACEMENT_3D('',#10983,#8666,#8667);
#7656=AXIS2_PLACEMENT_3D('',#10989,#8670,#8671);
#7657=AXIS2_PLACEMENT_3D('',#10993,#8673,#8674);
#7658=AXIS2_PLACEMENT_3D('',#10997,#8676,#8677);
#7659=AXIS2_PLACEMENT_3D('',#11001,#8679,#8680);
#7660=AXIS2_PLACEMENT_3D('',#11005,#8682,#8683);
#7661=AXIS2_PLACEMENT_3D('',#11009,#8685,#8686);
#7662=AXIS2_PLACEMENT_3D('',#11013,#8688,#8689);
#7663=AXIS2_PLACEMENT_3D('',#11017,#8691,#8692);
#7664=AXIS2_PLACEMENT_3D('',#11018,#8693,#8694);
#7665=AXIS2_PLACEMENT_3D('',#11023,#8696,#8697);
#7666=AXIS2_PLACEMENT_3D('',#11027,#8699,#8700);
#7667=AXIS2_PLACEMENT_3D('',#11031,#8702,#8703);
#7668=AXIS2_PLACEMENT_3D('',#11037,#8706,#8707);
#7669=AXIS2_PLACEMENT_3D('',#11041,#8709,#8710);
#7670=AXIS2_PLACEMENT_3D('',#11045,#8712,#8713);
#7671=AXIS2_PLACEMENT_3D('',#11049,#8715,#8716);
#7672=AXIS2_PLACEMENT_3D('',#11050,#8717,#8718);
#7673=AXIS2_PLACEMENT_3D('',#11055,#8720,#8721);
#7674=AXIS2_PLACEMENT_3D('',#11059,#8723,#8724);
#7675=AXIS2_PLACEMENT_3D('',#11063,#8726,#8727);
#7676=AXIS2_PLACEMENT_3D('',#11066,#8729,#8730);
#7677=AXIS2_PLACEMENT_3D('',#11071,#8732,#8733);
#7678=AXIS2_PLACEMENT_3D('',#11075,#8735,#8736);
#7679=AXIS2_PLACEMENT_3D('',#11079,#8738,#8739);
#7680=AXIS2_PLACEMENT_3D('',#11085,#8742,#8743);
#7681=AXIS2_PLACEMENT_3D('',#11089,#8745,#8746);
#7682=AXIS2_PLACEMENT_3D('',#11093,#8748,#8749);
#7683=AXIS2_PLACEMENT_3D('',#11097,#8751,#8752);
#7684=AXIS2_PLACEMENT_3D('',#11101,#8754,#8755);
#7685=AXIS2_PLACEMENT_3D('',#11105,#8757,#8758);
#7686=AXIS2_PLACEMENT_3D('',#11109,#8760,#8761);
#7687=AXIS2_PLACEMENT_3D('',#11113,#8763,#8764);
#7688=AXIS2_PLACEMENT_3D('',#11114,#8765,#8766);
#7689=AXIS2_PLACEMENT_3D('',#11117,#8769,#8770);
#7690=AXIS2_PLACEMENT_3D('',#11120,#8773,#8774);
#7691=AXIS2_PLACEMENT_3D('',#11133,#8779,#8780);
#7692=AXIS2_PLACEMENT_3D('',#11146,#8785,#8786);
#7693=AXIS2_PLACEMENT_3D('',#11147,#8787,#8788);
#7694=AXIS2_PLACEMENT_3D('',#11148,#8789,#8790);
#7695=AXIS2_PLACEMENT_3D('',#11149,#8791,#8792);
#7696=AXIS2_PLACEMENT_3D('',#11150,#8793,#8794);
#7697=AXIS2_PLACEMENT_3D('',#11153,#8797,#8798);
#7698=AXIS2_PLACEMENT_3D('',#11155,#8800,#8801);
#7699=AXIS2_PLACEMENT_3D('',#11157,#8803,#8804);
#7700=AXIS2_PLACEMENT_3D('',#11159,#8806,#8807);
#7701=AXIS2_PLACEMENT_3D('',#11161,#8809,#8810);
#7702=AXIS2_PLACEMENT_3D('',#11163,#8812,#8813);
#7703=AXIS2_PLACEMENT_3D('',#11165,#8815,#8816);
#7704=AXIS2_PLACEMENT_3D('',#11166,#8817,#8818);
#7705=AXIS2_PLACEMENT_3D('',#11169,#8821,#8822);
#7706=AXIS2_PLACEMENT_3D('',#11171,#8824,#8825);
#7707=AXIS2_PLACEMENT_3D('',#11173,#8827,#8828);
#7708=AXIS2_PLACEMENT_3D('',#11175,#8830,#8831);
#7709=AXIS2_PLACEMENT_3D('',#11177,#8833,#8834);
#7710=AXIS2_PLACEMENT_3D('',#11179,#8836,#8837);
#7711=AXIS2_PLACEMENT_3D('',#11181,#8839,#8840);
#7712=AXIS2_PLACEMENT_3D('',#11182,#8841,#8842);
#7713=AXIS2_PLACEMENT_3D('',#11185,#8845,#8846);
#7714=AXIS2_PLACEMENT_3D('',#11187,#8848,#8849);
#7715=AXIS2_PLACEMENT_3D('',#11189,#8851,#8852);
#7716=AXIS2_PLACEMENT_3D('',#11191,#8854,#8855);
#7717=AXIS2_PLACEMENT_3D('',#11193,#8857,#8858);
#7718=AXIS2_PLACEMENT_3D('',#11195,#8860,#8861);
#7719=AXIS2_PLACEMENT_3D('',#11197,#8863,#8864);
#7720=AXIS2_PLACEMENT_3D('',#11198,#8865,#8866);
#7721=AXIS2_PLACEMENT_3D('',#11201,#8869,#8870);
#7722=AXIS2_PLACEMENT_3D('',#11203,#8872,#8873);
#7723=AXIS2_PLACEMENT_3D('',#11205,#8875,#8876);
#7724=AXIS2_PLACEMENT_3D('',#11207,#8878,#8879);
#7725=AXIS2_PLACEMENT_3D('',#11209,#8881,#8882);
#7726=AXIS2_PLACEMENT_3D('',#11211,#8884,#8885);
#7727=AXIS2_PLACEMENT_3D('',#11213,#8887,#8888);
#7728=AXIS2_PLACEMENT_3D('',#11214,#8889,#8890);
#7729=AXIS2_PLACEMENT_3D('',#11217,#8893,#8894);
#7730=AXIS2_PLACEMENT_3D('',#11219,#8896,#8897);
#7731=AXIS2_PLACEMENT_3D('',#11221,#8899,#8900);
#7732=AXIS2_PLACEMENT_3D('',#11223,#8902,#8903);
#7733=AXIS2_PLACEMENT_3D('',#11225,#8905,#8906);
#7734=AXIS2_PLACEMENT_3D('',#11227,#8908,#8909);
#7735=AXIS2_PLACEMENT_3D('',#11229,#8911,#8912);
#7736=AXIS2_PLACEMENT_3D('',#11230,#8913,#8914);
#7737=AXIS2_PLACEMENT_3D('',#11233,#8917,#8918);
#7738=AXIS2_PLACEMENT_3D('',#11235,#8920,#8921);
#7739=AXIS2_PLACEMENT_3D('',#11237,#8923,#8924);
#7740=AXIS2_PLACEMENT_3D('',#11239,#8926,#8927);
#7741=AXIS2_PLACEMENT_3D('',#11241,#8929,#8930);
#7742=AXIS2_PLACEMENT_3D('',#11243,#8932,#8933);
#7743=AXIS2_PLACEMENT_3D('',#11245,#8935,#8936);
#7744=AXIS2_PLACEMENT_3D('',#11246,#8937,#8938);
#7745=AXIS2_PLACEMENT_3D('',#11249,#8941,#8942);
#7746=AXIS2_PLACEMENT_3D('',#11251,#8944,#8945);
#7747=AXIS2_PLACEMENT_3D('',#11253,#8947,#8948);
#7748=AXIS2_PLACEMENT_3D('',#11255,#8950,#8951);
#7749=AXIS2_PLACEMENT_3D('',#11257,#8953,#8954);
#7750=AXIS2_PLACEMENT_3D('',#11259,#8956,#8957);
#7751=AXIS2_PLACEMENT_3D('',#11261,#8959,#8960);
#7752=AXIS2_PLACEMENT_3D('',#11262,#8961,#8962);
#7753=AXIS2_PLACEMENT_3D('',#11265,#8965,#8966);
#7754=AXIS2_PLACEMENT_3D('',#11267,#8968,#8969);
#7755=AXIS2_PLACEMENT_3D('',#11269,#8971,#8972);
#7756=AXIS2_PLACEMENT_3D('',#11271,#8974,#8975);
#7757=AXIS2_PLACEMENT_3D('',#11273,#8977,#8978);
#7758=AXIS2_PLACEMENT_3D('',#11275,#8980,#8981);
#7759=AXIS2_PLACEMENT_3D('',#11277,#8983,#8984);
#7760=AXIS2_PLACEMENT_3D('',#11278,#8985,#8986);
#7761=AXIS2_PLACEMENT_3D('',#11281,#8989,#8990);
#7762=AXIS2_PLACEMENT_3D('',#11283,#8992,#8993);
#7763=AXIS2_PLACEMENT_3D('',#11285,#8995,#8996);
#7764=AXIS2_PLACEMENT_3D('',#11287,#8998,#8999);
#7765=AXIS2_PLACEMENT_3D('',#11289,#9001,#9002);
#7766=AXIS2_PLACEMENT_3D('',#11291,#9004,#9005);
#7767=AXIS2_PLACEMENT_3D('',#11293,#9007,#9008);
#7768=AXIS2_PLACEMENT_3D('',#11294,#9009,#9010);
#7769=AXIS2_PLACEMENT_3D('',#11297,#9013,#9014);
#7770=AXIS2_PLACEMENT_3D('',#11299,#9016,#9017);
#7771=AXIS2_PLACEMENT_3D('',#11301,#9019,#9020);
#7772=AXIS2_PLACEMENT_3D('',#11303,#9022,#9023);
#7773=AXIS2_PLACEMENT_3D('',#11305,#9025,#9026);
#7774=AXIS2_PLACEMENT_3D('',#11307,#9028,#9029);
#7775=AXIS2_PLACEMENT_3D('',#11309,#9031,#9032);
#7776=AXIS2_PLACEMENT_3D('',#11310,#9033,#9034);
#7777=AXIS2_PLACEMENT_3D('',#11313,#9037,#9038);
#7778=AXIS2_PLACEMENT_3D('',#11315,#9040,#9041);
#7779=AXIS2_PLACEMENT_3D('',#11317,#9043,#9044);
#7780=AXIS2_PLACEMENT_3D('',#11319,#9046,#9047);
#7781=AXIS2_PLACEMENT_3D('',#11321,#9049,#9050);
#7782=AXIS2_PLACEMENT_3D('',#11323,#9052,#9053);
#7783=AXIS2_PLACEMENT_3D('',#11325,#9055,#9056);
#7784=AXIS2_PLACEMENT_3D('',#11326,#9057,#9058);
#7785=AXIS2_PLACEMENT_3D('',#11329,#9061,#9062);
#7786=AXIS2_PLACEMENT_3D('',#11331,#9064,#9065);
#7787=AXIS2_PLACEMENT_3D('',#11333,#9067,#9068);
#7788=AXIS2_PLACEMENT_3D('',#11335,#9070,#9071);
#7789=AXIS2_PLACEMENT_3D('',#11337,#9073,#9074);
#7790=AXIS2_PLACEMENT_3D('',#11339,#9076,#9077);
#7791=AXIS2_PLACEMENT_3D('',#11341,#9079,#9080);
#7792=AXIS2_PLACEMENT_3D('',#11342,#9081,#9082);
#7793=AXIS2_PLACEMENT_3D('',#11345,#9085,#9086);
#7794=AXIS2_PLACEMENT_3D('',#11347,#9088,#9089);
#7795=AXIS2_PLACEMENT_3D('',#11349,#9091,#9092);
#7796=AXIS2_PLACEMENT_3D('',#11351,#9094,#9095);
#7797=AXIS2_PLACEMENT_3D('',#11353,#9097,#9098);
#7798=AXIS2_PLACEMENT_3D('',#11355,#9100,#9101);
#7799=AXIS2_PLACEMENT_3D('',#11357,#9103,#9104);
#7800=AXIS2_PLACEMENT_3D('',#11358,#9105,#9106);
#7801=AXIS2_PLACEMENT_3D('',#11361,#9109,#9110);
#7802=AXIS2_PLACEMENT_3D('',#11363,#9112,#9113);
#7803=AXIS2_PLACEMENT_3D('',#11365,#9115,#9116);
#7804=AXIS2_PLACEMENT_3D('',#11367,#9118,#9119);
#7805=AXIS2_PLACEMENT_3D('',#11369,#9121,#9122);
#7806=AXIS2_PLACEMENT_3D('',#11371,#9124,#9125);
#7807=AXIS2_PLACEMENT_3D('',#11373,#9127,#9128);
#7808=AXIS2_PLACEMENT_3D('',#11374,#9129,#9130);
#7809=AXIS2_PLACEMENT_3D('',#11377,#9133,#9134);
#7810=AXIS2_PLACEMENT_3D('',#11379,#9136,#9137);
#7811=AXIS2_PLACEMENT_3D('',#11381,#9139,#9140);
#7812=AXIS2_PLACEMENT_3D('',#11383,#9142,#9143);
#7813=AXIS2_PLACEMENT_3D('',#11385,#9145,#9146);
#7814=AXIS2_PLACEMENT_3D('',#11387,#9148,#9149);
#7815=AXIS2_PLACEMENT_3D('',#11389,#9151,#9152);
#7816=AXIS2_PLACEMENT_3D('',#11390,#9153,#9154);
#7817=AXIS2_PLACEMENT_3D('',#11393,#9157,#9158);
#7818=AXIS2_PLACEMENT_3D('',#11395,#9160,#9161);
#7819=AXIS2_PLACEMENT_3D('',#11397,#9163,#9164);
#7820=AXIS2_PLACEMENT_3D('',#11399,#9166,#9167);
#7821=AXIS2_PLACEMENT_3D('',#11401,#9169,#9170);
#7822=AXIS2_PLACEMENT_3D('',#11403,#9172,#9173);
#7823=AXIS2_PLACEMENT_3D('',#11405,#9175,#9176);
#7824=AXIS2_PLACEMENT_3D('',#11406,#9177,#9178);
#7825=AXIS2_PLACEMENT_3D('',#11409,#9181,#9182);
#7826=AXIS2_PLACEMENT_3D('',#11411,#9184,#9185);
#7827=AXIS2_PLACEMENT_3D('',#11413,#9187,#9188);
#7828=AXIS2_PLACEMENT_3D('',#11415,#9190,#9191);
#7829=AXIS2_PLACEMENT_3D('',#11417,#9193,#9194);
#7830=AXIS2_PLACEMENT_3D('',#11419,#9196,#9197);
#7831=AXIS2_PLACEMENT_3D('',#11421,#9199,#9200);
#7832=AXIS2_PLACEMENT_3D('',#11422,#9201,#9202);
#7833=AXIS2_PLACEMENT_3D('',#11425,#9205,#9206);
#7834=AXIS2_PLACEMENT_3D('',#11427,#9208,#9209);
#7835=AXIS2_PLACEMENT_3D('',#11429,#9211,#9212);
#7836=AXIS2_PLACEMENT_3D('',#11431,#9214,#9215);
#7837=AXIS2_PLACEMENT_3D('',#11433,#9217,#9218);
#7838=AXIS2_PLACEMENT_3D('',#11435,#9220,#9221);
#7839=AXIS2_PLACEMENT_3D('',#11437,#9223,#9224);
#7840=AXIS2_PLACEMENT_3D('',#11438,#9225,#9226);
#7841=AXIS2_PLACEMENT_3D('',#11441,#9229,#9230);
#7842=AXIS2_PLACEMENT_3D('',#11443,#9232,#9233);
#7843=AXIS2_PLACEMENT_3D('',#11445,#9235,#9236);
#7844=AXIS2_PLACEMENT_3D('',#11447,#9238,#9239);
#7845=AXIS2_PLACEMENT_3D('',#11449,#9241,#9242);
#7846=AXIS2_PLACEMENT_3D('',#11451,#9244,#9245);
#7847=AXIS2_PLACEMENT_3D('',#11453,#9247,#9248);
#7848=AXIS2_PLACEMENT_3D('',#11454,#9249,#9250);
#7849=AXIS2_PLACEMENT_3D('',#11457,#9253,#9254);
#7850=AXIS2_PLACEMENT_3D('',#11459,#9256,#9257);
#7851=AXIS2_PLACEMENT_3D('',#11461,#9259,#9260);
#7852=AXIS2_PLACEMENT_3D('',#11463,#9262,#9263);
#7853=AXIS2_PLACEMENT_3D('',#11465,#9265,#9266);
#7854=AXIS2_PLACEMENT_3D('',#11467,#9268,#9269);
#7855=AXIS2_PLACEMENT_3D('',#11469,#9271,#9272);
#7856=AXIS2_PLACEMENT_3D('',#11470,#9273,#9274);
#7857=AXIS2_PLACEMENT_3D('',#11473,#9277,#9278);
#7858=AXIS2_PLACEMENT_3D('',#11475,#9280,#9281);
#7859=AXIS2_PLACEMENT_3D('',#11477,#9283,#9284);
#7860=AXIS2_PLACEMENT_3D('',#11479,#9286,#9287);
#7861=AXIS2_PLACEMENT_3D('',#11481,#9289,#9290);
#7862=AXIS2_PLACEMENT_3D('',#11483,#9292,#9293);
#7863=AXIS2_PLACEMENT_3D('',#11485,#9295,#9296);
#7864=AXIS2_PLACEMENT_3D('',#11486,#9297,#9298);
#7865=AXIS2_PLACEMENT_3D('',#11489,#9301,#9302);
#7866=AXIS2_PLACEMENT_3D('',#11491,#9304,#9305);
#7867=AXIS2_PLACEMENT_3D('',#11493,#9307,#9308);
#7868=AXIS2_PLACEMENT_3D('',#11495,#9310,#9311);
#7869=AXIS2_PLACEMENT_3D('',#11497,#9313,#9314);
#7870=AXIS2_PLACEMENT_3D('',#11499,#9316,#9317);
#7871=AXIS2_PLACEMENT_3D('',#11501,#9319,#9320);
#7872=AXIS2_PLACEMENT_3D('',#11502,#9321,#9322);
#7873=AXIS2_PLACEMENT_3D('',#11505,#9325,#9326);
#7874=AXIS2_PLACEMENT_3D('',#11507,#9328,#9329);
#7875=AXIS2_PLACEMENT_3D('',#11509,#9331,#9332);
#7876=AXIS2_PLACEMENT_3D('',#11511,#9334,#9335);
#7877=AXIS2_PLACEMENT_3D('',#11513,#9337,#9338);
#7878=AXIS2_PLACEMENT_3D('',#11515,#9340,#9341);
#7879=AXIS2_PLACEMENT_3D('',#11517,#9343,#9344);
#7880=AXIS2_PLACEMENT_3D('',#11518,#9345,#9346);
#7881=AXIS2_PLACEMENT_3D('',#11521,#9349,#9350);
#7882=AXIS2_PLACEMENT_3D('',#11523,#9352,#9353);
#7883=AXIS2_PLACEMENT_3D('',#11525,#9355,#9356);
#7884=AXIS2_PLACEMENT_3D('',#11527,#9358,#9359);
#7885=AXIS2_PLACEMENT_3D('',#11529,#9361,#9362);
#7886=AXIS2_PLACEMENT_3D('',#11531,#9364,#9365);
#7887=AXIS2_PLACEMENT_3D('',#11533,#9367,#9368);
#7888=AXIS2_PLACEMENT_3D('',#11549,#9371,#9372);
#7889=AXIS2_PLACEMENT_3D('',#11552,#9374,#9375);
#7890=AXIS2_PLACEMENT_3D('',#11592,#9379,#9380);
#7891=AXIS2_PLACEMENT_3D('',#11595,#9382,#9383);
#7892=AXIS2_PLACEMENT_3D('',#11622,#9386,#9387);
#7893=AXIS2_PLACEMENT_3D('',#11756,#9400,#9401);
#7894=AXIS2_PLACEMENT_3D('',#11760,#9404,#9405);
#7895=AXIS2_PLACEMENT_3D('',#11763,#9407,#9408);
#7896=AXIS2_PLACEMENT_3D('',#11788,#9410,#9411);
#7897=AXIS2_PLACEMENT_3D('',#11817,#9415,#9416);
#7898=AXIS2_PLACEMENT_3D('',#11820,#9418,#9419);
#7899=AXIS2_PLACEMENT_3D('',#11821,#9420,#9421);
#7900=AXIS2_PLACEMENT_3D('',#11825,#9424,#9425);
#7901=AXIS2_PLACEMENT_3D('',#11829,#9428,#9429);
#7902=AXIS2_PLACEMENT_3D('',#11833,#9432,#9433);
#7903=AXIS2_PLACEMENT_3D('',#11837,#9436,#9437);
#7904=AXIS2_PLACEMENT_3D('',#11841,#9440,#9441);
#7905=AXIS2_PLACEMENT_3D('',#11845,#9444,#9445);
#7906=AXIS2_PLACEMENT_3D('',#11849,#9448,#9449);
#7907=AXIS2_PLACEMENT_3D('',#11853,#9452,#9453);
#7908=AXIS2_PLACEMENT_3D('',#11857,#9456,#9457);
#7909=AXIS2_PLACEMENT_3D('',#11861,#9460,#9461);
#7910=AXIS2_PLACEMENT_3D('',#11865,#9464,#9465);
#7911=AXIS2_PLACEMENT_3D('',#11868,#9467,#9468);
#7912=AXIS2_PLACEMENT_3D('',#11908,#9472,#9473);
#7913=AXIS2_PLACEMENT_3D('',#11910,#9475,#9476);
#7914=AXIS2_PLACEMENT_3D('',#11939,#9480,#9481);
#7915=AXIS2_PLACEMENT_3D('',#11942,#9483,#9484);
#7916=AXIS2_PLACEMENT_3D('',#11956,#9486,#9487);
#7917=AXIS2_PLACEMENT_3D('',#11959,#9489,#9490);
#7918=AXIS2_PLACEMENT_3D('',#12051,#9498,#9499);
#7919=AXIS2_PLACEMENT_3D('',#12068,#9503,#9504);
#7920=AXIS2_PLACEMENT_3D('',#12071,#9506,#9507);
#7921=AXIS2_PLACEMENT_3D('',#12098,#9510,#9511);
#7922=AXIS2_PLACEMENT_3D('',#12102,#9514,#9515);
#7923=AXIS2_PLACEMENT_3D('',#12177,#9523,#9524);
#7924=AXIS2_PLACEMENT_3D('',#12197,#9528,#9529);
#7925=AXIS2_PLACEMENT_3D('',#12199,#9531,#9532);
#7926=AXIS2_PLACEMENT_3D('',#12200,#9533,#9534);
#7927=AXIS2_PLACEMENT_3D('',#12201,#9535,#9536);
#7928=AXIS2_PLACEMENT_3D('',#12207,#9540,#9541);
#7929=AXIS2_PLACEMENT_3D('',#12263,#9548,#9549);
#7930=AXIS2_PLACEMENT_3D('',#12267,#9552,#9553);
#7931=AXIS2_PLACEMENT_3D('',#12271,#9556,#9557);
#7932=AXIS2_PLACEMENT_3D('',#12275,#9560,#9561);
#7933=AXIS2_PLACEMENT_3D('',#12279,#9564,#9565);
#7934=AXIS2_PLACEMENT_3D('',#12283,#9568,#9569);
#7935=AXIS2_PLACEMENT_3D('',#12326,#9575,#9576);
#7936=AXIS2_PLACEMENT_3D('',#12329,#9578,#9579);
#7937=AXIS2_PLACEMENT_3D('',#12330,#9580,#9581);
#7938=AXIS2_PLACEMENT_3D('',#12332,#9583,#9584);
#7939=AXIS2_PLACEMENT_3D('',#12333,#9585,#9586);
#7940=AXIS2_PLACEMENT_3D('',#12336,#9588,#9589);
#7941=AXIS2_PLACEMENT_3D('',#12378,#9594,#9595);
#7942=AXIS2_PLACEMENT_3D('',#12382,#9598,#9599);
#7943=AXIS2_PLACEMENT_3D('',#12386,#9602,#9603);
#7944=AXIS2_PLACEMENT_3D('',#12390,#9606,#9607);
#7945=AXIS2_PLACEMENT_3D('',#12511,#9619,#9620);
#7946=AXIS2_PLACEMENT_3D('',#12515,#9623,#9624);
#7947=AXIS2_PLACEMENT_3D('',#12519,#9627,#9628);
#7948=AXIS2_PLACEMENT_3D('',#12523,#9631,#9632);
#7949=AXIS2_PLACEMENT_3D('',#12527,#9635,#9636);
#7950=AXIS2_PLACEMENT_3D('',#12530,#9638,#9639);
#7951=AXIS2_PLACEMENT_3D('',#12544,#9641,#9642);
#7952=AXIS2_PLACEMENT_3D('',#12547,#9644,#9645);
#7953=AXIS2_PLACEMENT_3D('',#12559,#9646,#9647);
#7954=AXIS2_PLACEMENT_3D('',#12560,#9648,#9649);
#7955=AXIS2_PLACEMENT_3D('',#12566,#9653,#9654);
#7956=AXIS2_PLACEMENT_3D('',#12570,#9657,#9658);
#7957=AXIS2_PLACEMENT_3D('',#12574,#9661,#9662);
#7958=AXIS2_PLACEMENT_3D('',#12576,#9664,#9665);
#7959=AXIS2_PLACEMENT_3D('',#12577,#9666,#9667);
#7960=AXIS2_PLACEMENT_3D('',#12583,#9671,#9672);
#7961=AXIS2_PLACEMENT_3D('',#12587,#9675,#9676);
#7962=AXIS2_PLACEMENT_3D('',#12591,#9679,#9680);
#7963=AXIS2_PLACEMENT_3D('',#12593,#9682,#9683);
#7964=AXIS2_PLACEMENT_3D('',#12594,#9684,#9685);
#7965=AXIS2_PLACEMENT_3D('',#12600,#9689,#9690);
#7966=AXIS2_PLACEMENT_3D('',#12604,#9693,#9694);
#7967=AXIS2_PLACEMENT_3D('',#12608,#9697,#9698);
#7968=AXIS2_PLACEMENT_3D('',#12610,#9700,#9701);
#7969=AXIS2_PLACEMENT_3D('',#12611,#9702,#9703);
#7970=AXIS2_PLACEMENT_3D('',#12617,#9707,#9708);
#7971=AXIS2_PLACEMENT_3D('',#12621,#9711,#9712);
#7972=AXIS2_PLACEMENT_3D('',#12625,#9715,#9716);
#7973=AXIS2_PLACEMENT_3D('',#12627,#9718,#9719);
#7974=AXIS2_PLACEMENT_3D('',#12628,#9720,#9721);
#7975=AXIS2_PLACEMENT_3D('',#12634,#9725,#9726);
#7976=AXIS2_PLACEMENT_3D('',#12638,#9729,#9730);
#7977=AXIS2_PLACEMENT_3D('',#12642,#9733,#9734);
#7978=AXIS2_PLACEMENT_3D('',#12644,#9736,#9737);
#7979=AXIS2_PLACEMENT_3D('',#12645,#9738,#9739);
#7980=AXIS2_PLACEMENT_3D('',#12651,#9743,#9744);
#7981=AXIS2_PLACEMENT_3D('',#12655,#9747,#9748);
#7982=AXIS2_PLACEMENT_3D('',#12659,#9751,#9752);
#7983=AXIS2_PLACEMENT_3D('',#12661,#9754,#9755);
#7984=AXIS2_PLACEMENT_3D('',#12662,#9756,#9757);
#7985=AXIS2_PLACEMENT_3D('',#12668,#9761,#9762);
#7986=AXIS2_PLACEMENT_3D('',#12672,#9765,#9766);
#7987=AXIS2_PLACEMENT_3D('',#12676,#9769,#9770);
#7988=AXIS2_PLACEMENT_3D('',#12678,#9772,#9773);
#7989=AXIS2_PLACEMENT_3D('',#12679,#9774,#9775);
#7990=AXIS2_PLACEMENT_3D('',#12685,#9779,#9780);
#7991=AXIS2_PLACEMENT_3D('',#12689,#9783,#9784);
#7992=AXIS2_PLACEMENT_3D('',#12693,#9787,#9788);
#7993=AXIS2_PLACEMENT_3D('',#12695,#9790,#9791);
#7994=AXIS2_PLACEMENT_3D('',#12696,#9792,#9793);
#7995=AXIS2_PLACEMENT_3D('',#12702,#9797,#9798);
#7996=AXIS2_PLACEMENT_3D('',#12706,#9801,#9802);
#7997=AXIS2_PLACEMENT_3D('',#12710,#9805,#9806);
#7998=AXIS2_PLACEMENT_3D('',#12712,#9808,#9809);
#7999=AXIS2_PLACEMENT_3D('',#12713,#9810,#9811);
#8000=AXIS2_PLACEMENT_3D('',#12716,#9814,#9815);
#8001=AXIS2_PLACEMENT_3D('',#12719,#9818,#9819);
#8002=AXIS2_PLACEMENT_3D('',#12722,#9822,#9823);
#8003=AXIS2_PLACEMENT_3D('',#12723,#9824,#9825);
#8004=AXIS2_PLACEMENT_3D('',#12724,#9826,#9827);
#8005=AXIS2_PLACEMENT_3D('',#12725,#9828,#9829);
#8006=AXIS2_PLACEMENT_3D('',#12726,#9830,#9831);
#8007=AXIS2_PLACEMENT_3D('',#12727,#9832,#9833);
#8008=AXIS2_PLACEMENT_3D('',#12728,#9834,#9835);
#8009=AXIS2_PLACEMENT_3D('',#12729,#9836,#9837);
#8010=AXIS2_PLACEMENT_3D('',#12730,#9838,#9839);
#8011=AXIS2_PLACEMENT_3D('',#12731,#9840,#9841);
#8012=DIRECTION('',(0.,0.,1.));
#8013=DIRECTION('',(1.,0.,0.));
#8014=DIRECTION('',(0.,1.,0.));
#8015=DIRECTION('',(1.,0.,0.));
#8016=DIRECTION('',(0.,1.,0.));
#8017=DIRECTION('',(1.,0.,0.));
#8018=DIRECTION('',(1.,0.,0.));
#8019=DIRECTION('',(0.,1.,0.));
#8020=DIRECTION('',(1.,0.,0.));
#8021=DIRECTION('',(0.,0.,1.));
#8022=DIRECTION('',(0.,1.,0.));
#8023=DIRECTION('',(1.,0.,0.));
#8024=DIRECTION('',(1.,0.,0.));
#8025=DIRECTION('',(0.,1.,0.));
#8026=DIRECTION('',(1.,0.,0.));
#8027=DIRECTION('',(0.,0.,1.));
#8028=DIRECTION('',(0.,1.,0.));
#8029=DIRECTION('',(1.,0.,0.));
#8030=DIRECTION('',(1.,0.,0.));
#8031=DIRECTION('',(0.,1.,0.));
#8032=DIRECTION('',(1.,0.,0.));
#8033=DIRECTION('',(0.,0.,1.));
#8034=DIRECTION('',(0.,1.,0.));
#8035=DIRECTION('',(1.,0.,0.));
#8036=DIRECTION('',(1.,0.,1.60622544071926E-16));
#8037=DIRECTION('',(0.,1.,0.));
#8038=DIRECTION('',(1.,0.,0.));
#8039=DIRECTION('',(0.,0.,1.));
#8040=DIRECTION('',(0.,1.,0.));
#8041=DIRECTION('',(1.,0.,0.));
#8042=DIRECTION('',(1.,0.,0.));
#8043=DIRECTION('',(0.,1.,0.));
#8044=DIRECTION('',(1.,0.,0.));
#8045=DIRECTION('',(-3.21245088143853E-16,0.,1.));
#8046=DIRECTION('',(0.,1.,0.));
#8047=DIRECTION('',(1.,0.,0.));
#8048=DIRECTION('',(1.,0.,1.60622544071926E-16));
#8049=DIRECTION('',(0.,1.,0.));
#8050=DIRECTION('',(1.,0.,0.));
#8051=DIRECTION('',(-3.21245088143853E-16,0.,1.));
#8052=DIRECTION('',(0.,1.,0.));
#8053=DIRECTION('',(1.,0.,0.));
#8054=DIRECTION('',(0.,0.,1.));
#8055=DIRECTION('',(0.,1.,0.));
#8056=DIRECTION('',(1.,0.,0.));
#8057=DIRECTION('',(1.,0.,0.));
#8058=DIRECTION('',(0.,1.,0.));
#8059=DIRECTION('',(1.,0.,0.));
#8060=DIRECTION('',(0.,0.,1.));
#8061=DIRECTION('',(0.,1.,0.));
#8062=DIRECTION('',(1.,0.,0.));
#8063=DIRECTION('',(1.,0.,0.));
#8064=DIRECTION('',(0.,0.,1.));
#8065=DIRECTION('',(0.,1.,0.));
#8066=DIRECTION('',(1.,0.,0.));
#8067=DIRECTION('',(1.,0.,-1.60622544071926E-16));
#8068=DIRECTION('',(0.,1.,0.));
#8069=DIRECTION('',(1.,0.,0.));
#8070=DIRECTION('',(0.,0.,1.));
#8071=DIRECTION('',(0.,1.,0.));
#8072=DIRECTION('',(1.,0.,0.));
#8073=DIRECTION('',(1.,0.,-8.03112720359633E-17));
#8074=DIRECTION('',(0.,1.,0.));
#8075=DIRECTION('',(1.,0.,0.));
#8076=DIRECTION('',(0.,1.,0.));
#8077=DIRECTION('',(1.,0.,0.));
#8078=DIRECTION('',(1.,0.,0.));
#8079=DIRECTION('',(0.,1.,0.));
#8080=DIRECTION('',(1.,0.,0.));
#8081=DIRECTION('',(0.,0.,1.));
#8082=DIRECTION('',(0.,1.,0.));
#8083=DIRECTION('',(1.,0.,0.));
#8084=DIRECTION('',(1.,0.,0.));
#8085=DIRECTION('',(0.,1.,0.));
#8086=DIRECTION('',(1.,0.,0.));
#8087=DIRECTION('',(0.,0.,1.));
#8088=DIRECTION('',(0.,1.,0.));
#8089=DIRECTION('',(1.,0.,0.));
#8090=DIRECTION('',(1.,0.,1.60622544071926E-16));
#8091=DIRECTION('',(0.,1.,0.));
#8092=DIRECTION('',(1.,0.,0.));
#8093=DIRECTION('',(0.,0.,1.));
#8094=DIRECTION('',(0.,1.,0.));
#8095=DIRECTION('',(1.,0.,0.));
#8096=DIRECTION('',(1.,0.,8.03112720359633E-17));
#8097=DIRECTION('',(0.,1.,0.));
#8098=DIRECTION('',(1.,0.,0.));
#8099=DIRECTION('',(0.,0.,1.));
#8100=DIRECTION('',(-3.21245088143854E-16,0.,1.));
#8101=DIRECTION('',(0.,1.,0.));
#8102=DIRECTION('',(1.,0.,0.));
#8103=DIRECTION('',(1.,0.,1.60622544071926E-16));
#8104=DIRECTION('',(0.,1.,0.));
#8105=DIRECTION('',(1.,0.,0.));
#8106=DIRECTION('',(-3.21245088143854E-16,0.,1.));
#8107=DIRECTION('',(0.,1.,0.));
#8108=DIRECTION('',(1.,0.,0.));
#8109=DIRECTION('',(1.,0.,8.03112720359633E-17));
#8110=DIRECTION('',(0.,1.,0.));
#8111=DIRECTION('',(1.,0.,0.));
#8112=DIRECTION('',(0.,0.,1.));
#8113=DIRECTION('',(0.,1.,0.));
#8114=DIRECTION('',(1.,0.,0.));
#8115=DIRECTION('',(1.,0.,0.));
#8116=DIRECTION('',(0.,1.,0.));
#8117=DIRECTION('',(1.,0.,0.));
#8118=DIRECTION('',(0.,0.,1.));
#8119=DIRECTION('',(0.,1.,0.));
#8120=DIRECTION('',(1.,0.,0.));
#8121=DIRECTION('',(1.,0.,0.));
#8122=DIRECTION('',(0.,1.,0.));
#8123=DIRECTION('',(1.,0.,0.));
#8124=DIRECTION('',(0.,0.,1.));
#8125=DIRECTION('',(0.,1.,0.));
#8126=DIRECTION('',(1.,0.,0.));
#8127=DIRECTION('',(1.,0.,0.));
#8128=DIRECTION('',(0.,1.,0.));
#8129=DIRECTION('',(1.,0.,0.));
#8130=DIRECTION('',(0.,0.,1.));
#8131=DIRECTION('',(0.,1.,0.));
#8132=DIRECTION('',(1.,0.,0.));
#8133=DIRECTION('',(1.,0.,0.));
#8134=DIRECTION('',(0.,1.,0.));
#8135=DIRECTION('',(1.,0.,0.));
#8136=DIRECTION('',(0.,1.,0.));
#8137=DIRECTION('',(1.,0.,0.));
#8138=DIRECTION('',(0.,0.,1.));
#8139=DIRECTION('',(0.,1.,0.));
#8140=DIRECTION('',(1.,0.,0.));
#8141=DIRECTION('',(1.,0.,-8.03112720359633E-17));
#8142=DIRECTION('',(0.,1.,0.));
#8143=DIRECTION('',(1.,0.,0.));
#8144=DIRECTION('',(0.,0.,1.));
#8145=DIRECTION('',(0.,1.,0.));
#8146=DIRECTION('',(1.,0.,0.));
#8147=DIRECTION('',(1.,0.,-1.60622544071926E-16));
#8148=DIRECTION('',(0.,0.,1.));
#8149=DIRECTION('',(0.,1.,0.));
#8150=DIRECTION('',(1.,0.,0.));
#8151=DIRECTION('',(1.,0.,0.));
#8152=DIRECTION('',(0.,1.,0.));
#8153=DIRECTION('',(1.,0.,0.));
#8154=DIRECTION('',(0.,0.,1.));
#8155=DIRECTION('',(0.,1.,0.));
#8156=DIRECTION('',(1.,0.,0.));
#8157=DIRECTION('',(1.,0.,-1.60622544071926E-16));
#8158=DIRECTION('',(0.,1.,0.));
#8159=DIRECTION('',(1.,0.,0.));
#8160=DIRECTION('',(0.,0.,-1.));
#8161=DIRECTION('',(-1.,0.,0.));
#8162=DIRECTION('',(0.,0.,-1.));
#8163=DIRECTION('',(-1.,0.,0.));
#8164=DIRECTION('',(0.,0.,-1.));
#8165=DIRECTION('',(-1.,0.,0.));
#8166=DIRECTION('',(0.,0.,-1.));
#8167=DIRECTION('',(-1.,0.,0.));
#8168=DIRECTION('',(0.,0.,-1.));
#8169=DIRECTION('',(-1.,0.,0.));
#8170=DIRECTION('',(0.,0.,-1.));
#8171=DIRECTION('',(-1.,0.,0.));
#8172=DIRECTION('',(0.,0.,-1.));
#8173=DIRECTION('',(-1.,0.,0.));
#8174=DIRECTION('',(0.,0.,-1.));
#8175=DIRECTION('',(-1.,0.,-2.14163392095902E-16));
#8176=DIRECTION('',(0.,0.,-1.));
#8177=DIRECTION('',(-1.,0.,0.));
#8178=DIRECTION('',(0.,0.,-1.));
#8179=DIRECTION('',(-1.,0.,-1.71754799601664E-16));
#8180=DIRECTION('',(0.,0.,-1.));
#8181=DIRECTION('',(-1.,0.,0.));
#8182=DIRECTION('',(0.,0.,-1.));
#8183=DIRECTION('',(-1.,0.,0.));
#8184=DIRECTION('',(0.,0.,-1.));
#8185=DIRECTION('',(-1.,0.,1.23467863058847E-16));
#8186=DIRECTION('',(0.,0.,-1.));
#8187=DIRECTION('',(-1.,0.,1.2303003375722E-16));
#8188=DIRECTION('',(0.,0.,-1.));
#8189=DIRECTION('',(-1.,0.,1.14882349402438E-16));
#8190=DIRECTION('',(0.,0.,-1.));
#8191=DIRECTION('',(-1.,0.,1.14882349402438E-16));
#8192=DIRECTION('',(0.,1.,0.));
#8193=DIRECTION('',(0.,0.,1.));
#8194=DIRECTION('',(0.,1.,0.));
#8195=DIRECTION('',(0.,0.,1.));
#8196=DIRECTION('',(0.,1.,0.));
#8197=DIRECTION('',(0.,0.,1.));
#8198=DIRECTION('',(-0.208522849531387,0.,0.978017495356454));
#8199=DIRECTION('',(-1.,0.,0.));
#8200=DIRECTION('',(0.200054456839427,0.,-0.979784779581047));
#8201=DIRECTION('',(1.,0.,0.));
#8202=DIRECTION('',(1.,0.,0.));
#8203=DIRECTION('',(-0.206980741636677,0.,0.978345017154752));
#8204=DIRECTION('',(-1.,0.,0.));
#8205=DIRECTION('',(0.208522849531387,0.,-0.978017495356454));
#8206=DIRECTION('',(-0.204523576818522,0.,0.978861638090572));
#8207=DIRECTION('',(-1.,0.,0.));
#8208=DIRECTION('',(0.205237069963481,0.,-0.978712289241739));
#8209=DIRECTION('',(0.,1.,0.));
#8210=DIRECTION('',(0.,0.,1.));
#8211=DIRECTION('',(-0.207543415968927,0.,0.978225807514783));
#8212=DIRECTION('',(-1.,0.,0.));
#8213=DIRECTION('',(0.207195663191522,0.,-0.978299523231319));
#8214=DIRECTION('',(1.,0.,0.));
#8215=DIRECTION('',(-0.101482631424047,0.,0.994837311081189));
#8216=DIRECTION('',(1.,0.,0.));
#8217=DIRECTION('',(-1.,0.,0.));
#8218=DIRECTION('',(-0.0905357460425241,0.,0.995893206467703));
#8219=DIRECTION('',(0.,0.,1.));
#8220=DIRECTION('',(0.,1.,0.));
#8221=DIRECTION('',(0.,0.,1.));
#8222=DIRECTION('',(0.,0.,1.));
#8223=DIRECTION('',(0.,1.,0.));
#8224=DIRECTION('',(0.,0.,1.));
#8225=DIRECTION('',(0.,1.,0.));
#8226=DIRECTION('',(0.,0.,1.));
#8227=DIRECTION('',(0.,0.,1.));
#8228=DIRECTION('',(0.,1.,0.));
#8229=DIRECTION('',(0.,0.,1.));
#8230=DIRECTION('',(0.209053170518586,0.,-0.977904275425835));
#8231=DIRECTION('',(-1.,0.,0.));
#8232=DIRECTION('',(0.192011606385657,0.,-0.981392654860021));
#8233=DIRECTION('',(0.919532529038582,0.,-0.393013903112739));
#8234=DIRECTION('',(0.487450073951495,0.,-0.873150860621853));
#8235=DIRECTION('',(1.,0.,0.));
#8236=DIRECTION('',(-0.201430032978671,0.,0.979502905464916));
#8237=DIRECTION('',(1.,0.,0.));
#8238=DIRECTION('',(-0.212882857222538,0.,0.977077729303441));
#8239=DIRECTION('',(-1.,0.,0.));
#8240=DIRECTION('',(-0.208497744824183,0.,0.978022847587535));
#8241=DIRECTION('',(0.,1.,0.));
#8242=DIRECTION('',(0.,0.,1.));
#8243=DIRECTION('',(0.,1.,0.));
#8244=DIRECTION('',(0.,0.,1.));
#8245=DIRECTION('',(0.,1.,0.));
#8246=DIRECTION('',(0.,0.,1.));
#8247=DIRECTION('',(0.,0.,-1.));
#8248=DIRECTION('',(-0.417771696928237,0.,0.908552039921601));
#8249=DIRECTION('',(0.,1.,0.));
#8250=DIRECTION('',(0.,0.,1.));
#8251=DIRECTION('',(0.,1.,0.));
#8252=DIRECTION('',(1.,0.,0.));
#8253=DIRECTION('',(0.,1.,0.));
#8254=DIRECTION('',(1.,0.,0.));
#8255=DIRECTION('',(0.,1.,0.));
#8256=DIRECTION('',(1.,0.,0.));
#8257=DIRECTION('',(0.,1.,0.));
#8258=DIRECTION('',(1.,0.,0.));
#8259=DIRECTION('',(3.25260651745651E-16,0.,-1.));
#8260=DIRECTION('',(-1.,0.,0.));
#8261=DIRECTION('',(3.25260651745651E-16,0.,-1.));
#8262=DIRECTION('',(-1.,0.,0.));
#8263=DIRECTION('',(-0.999999999988961,0.,4.69868364799997E-6));
#8264=DIRECTION('',(0.,1.,0.));
#8265=DIRECTION('',(1.,0.,0.));
#8266=DIRECTION('',(-8.4750000381565E-5,0.,-0.999999996408719));
#8267=DIRECTION('',(0.,1.,0.));
#8268=DIRECTION('',(1.,0.,0.));
#8269=DIRECTION('',(0.,1.,0.));
#8270=DIRECTION('',(1.,0.,0.));
#8271=DIRECTION('',(1.,0.,-1.34735803959364E-16));
#8272=DIRECTION('',(0.,1.,0.));
#8273=DIRECTION('',(1.,0.,0.));
#8274=DIRECTION('',(0.,1.,0.));
#8275=DIRECTION('',(1.,0.,0.));
#8276=DIRECTION('',(0.,0.,1.));
#8277=DIRECTION('',(0.,1.,0.));
#8278=DIRECTION('',(1.,0.,0.));
#8279=DIRECTION('',(-0.999999999988961,0.,4.69868364799997E-6));
#8280=DIRECTION('',(0.,1.,0.));
#8281=DIRECTION('',(1.,0.,0.));
#8282=DIRECTION('',(-4.69868364727312E-6,0.,-0.999999999988961));
#8283=DIRECTION('',(0.,1.,0.));
#8284=DIRECTION('',(1.,0.,0.));
#8285=DIRECTION('',(0.999999999988961,0.,-4.69868364784457E-6));
#8286=DIRECTION('',(0.,1.,0.));
#8287=DIRECTION('',(1.,0.,0.));
#8288=DIRECTION('',(4.69868364801657E-6,0.,0.999999999988961));
#8289=DIRECTION('',(0.,1.,0.));
#8290=DIRECTION('',(1.,0.,0.));
#8291=DIRECTION('',(0.,0.,1.));
#8292=DIRECTION('',(0.,1.,0.));
#8293=DIRECTION('',(1.,0.,0.));
#8294=DIRECTION('',(1.,0.,0.));
#8295=DIRECTION('',(0.,1.,0.));
#8296=DIRECTION('',(1.,0.,0.));
#8297=DIRECTION('',(0.,0.,1.));
#8298=DIRECTION('',(0.,1.,0.));
#8299=DIRECTION('',(1.,0.,0.));
#8300=DIRECTION('',(1.,0.,0.));
#8301=DIRECTION('',(0.,1.,0.));
#8302=DIRECTION('',(1.,0.,0.));
#8303=DIRECTION('',(0.,0.,1.));
#8304=DIRECTION('',(0.,1.,0.));
#8305=DIRECTION('',(1.,0.,0.));
#8306=DIRECTION('',(1.,0.,0.));
#8307=DIRECTION('',(0.,1.,0.));
#8308=DIRECTION('',(1.,0.,0.));
#8309=DIRECTION('',(0.,0.,1.));
#8310=DIRECTION('',(0.,1.,0.));
#8311=DIRECTION('',(1.,0.,0.));
#8312=DIRECTION('',(1.,0.,-1.60622544071926E-16));
#8313=DIRECTION('',(0.,1.,0.));
#8314=DIRECTION('',(1.,0.,0.));
#8315=DIRECTION('',(0.,1.,0.));
#8316=DIRECTION('',(1.,0.,0.));
#8317=DIRECTION('',(1.,0.,-1.60622544071926E-16));
#8318=DIRECTION('',(0.,1.,0.));
#8319=DIRECTION('',(1.,0.,0.));
#8320=DIRECTION('',(0.,0.,1.));
#8321=DIRECTION('',(0.,1.,0.));
#8322=DIRECTION('',(1.,0.,0.));
#8323=DIRECTION('',(1.,0.,-8.03112720359633E-17));
#8324=DIRECTION('',(0.,1.,0.));
#8325=DIRECTION('',(1.,0.,0.));
#8326=DIRECTION('',(0.,0.,1.));
#8327=DIRECTION('',(0.,0.,1.));
#8328=DIRECTION('',(0.,1.,0.));
#8329=DIRECTION('',(1.,0.,0.));
#8330=DIRECTION('',(1.,0.,-1.60622544071926E-16));
#8331=DIRECTION('',(0.,1.,0.));
#8332=DIRECTION('',(1.,0.,0.));
#8333=DIRECTION('',(0.,0.,1.));
#8334=DIRECTION('',(0.,1.,0.));
#8335=DIRECTION('',(1.,0.,0.));
#8336=DIRECTION('',(1.,0.,-8.03112720359633E-17));
#8337=DIRECTION('',(0.,1.,0.));
#8338=DIRECTION('',(1.,0.,0.));
#8339=DIRECTION('',(0.,1.,0.));
#8340=DIRECTION('',(1.,0.,0.));
#8341=DIRECTION('',(0.,0.,1.));
#8342=DIRECTION('',(0.,1.,0.));
#8343=DIRECTION('',(1.,0.,0.));
#8344=DIRECTION('',(1.,0.,0.));
#8345=DIRECTION('',(0.,1.,0.));
#8346=DIRECTION('',(1.,0.,0.));
#8347=DIRECTION('',(0.,0.,1.));
#8348=DIRECTION('',(0.,1.,0.));
#8349=DIRECTION('',(1.,0.,0.));
#8350=DIRECTION('',(1.,0.,0.));
#8351=DIRECTION('',(0.,1.,0.));
#8352=DIRECTION('',(1.,0.,0.));
#8353=DIRECTION('',(1.,0.,0.));
#8354=DIRECTION('',(0.,1.,0.));
#8355=DIRECTION('',(1.,0.,0.));
#8356=DIRECTION('',(0.,0.,1.));
#8357=DIRECTION('',(0.,1.,0.));
#8358=DIRECTION('',(1.,0.,0.));
#8359=DIRECTION('',(1.,0.,0.));
#8360=DIRECTION('',(0.,1.,0.));
#8361=DIRECTION('',(1.,0.,0.));
#8362=DIRECTION('',(0.,0.,1.));
#8363=DIRECTION('',(0.,0.,1.));
#8364=DIRECTION('',(0.,1.,0.));
#8365=DIRECTION('',(1.,0.,0.));
#8366=DIRECTION('',(1.,0.,1.60622544071926E-16));
#8367=DIRECTION('',(0.,1.,0.));
#8368=DIRECTION('',(1.,0.,0.));
#8369=DIRECTION('',(0.,0.,1.));
#8370=DIRECTION('',(0.,1.,0.));
#8371=DIRECTION('',(1.,0.,0.));
#8372=DIRECTION('',(1.,0.,1.60622544071926E-16));
#8373=DIRECTION('',(0.,1.,0.));
#8374=DIRECTION('',(1.,0.,0.));
#8375=DIRECTION('',(0.,1.,0.));
#8376=DIRECTION('',(1.,0.,0.));
#8377=DIRECTION('',(1.,0.,0.));
#8378=DIRECTION('',(0.,1.,0.));
#8379=DIRECTION('',(1.,0.,0.));
#8380=DIRECTION('',(-3.21245088143853E-16,0.,1.));
#8381=DIRECTION('',(0.,1.,0.));
#8382=DIRECTION('',(1.,0.,0.));
#8383=DIRECTION('',(1.,0.,0.));
#8384=DIRECTION('',(0.,1.,0.));
#8385=DIRECTION('',(1.,0.,0.));
#8386=DIRECTION('',(-3.21245088143853E-16,0.,1.));
#8387=DIRECTION('',(0.,1.,0.));
#8388=DIRECTION('',(1.,0.,0.));
#8389=DIRECTION('',(0.,0.,1.));
#8390=DIRECTION('',(0.,1.,0.));
#8391=DIRECTION('',(1.,0.,0.));
#8392=DIRECTION('',(1.,0.,8.03112720359633E-17));
#8393=DIRECTION('',(0.,1.,0.));
#8394=DIRECTION('',(1.,0.,0.));
#8395=DIRECTION('',(0.,0.,1.));
#8396=DIRECTION('',(0.,1.,0.));
#8397=DIRECTION('',(1.,0.,0.));
#8398=DIRECTION('',(1.,0.,1.60622544071926E-16));
#8399=DIRECTION('',(0.,0.,1.));
#8400=DIRECTION('',(0.,1.,0.));
#8401=DIRECTION('',(1.,0.,0.));
#8402=DIRECTION('',(1.,0.,1.60622544071926E-16));
#8403=DIRECTION('',(0.,1.,0.));
#8404=DIRECTION('',(1.,0.,0.));
#8405=DIRECTION('',(0.,0.,1.));
#8406=DIRECTION('',(0.,1.,0.));
#8407=DIRECTION('',(1.,0.,0.));
#8408=DIRECTION('',(1.,0.,1.60622544071926E-16));
#8409=DIRECTION('',(0.,1.,0.));
#8410=DIRECTION('',(1.,0.,0.));
#8411=DIRECTION('',(0.,1.,0.));
#8412=DIRECTION('',(1.,0.,0.));
#8413=DIRECTION('',(1.,0.,-1.60622544071926E-16));
#8414=DIRECTION('',(0.,1.,0.));
#8415=DIRECTION('',(1.,0.,0.));
#8416=DIRECTION('',(0.,0.,1.));
#8417=DIRECTION('',(0.,1.,0.));
#8418=DIRECTION('',(1.,0.,0.));
#8419=DIRECTION('',(1.,0.,-8.03112720359633E-17));
#8420=DIRECTION('',(0.,1.,0.));
#8421=DIRECTION('',(1.,0.,0.));
#8422=DIRECTION('',(0.,0.,1.));
#8423=DIRECTION('',(0.,0.,1.));
#8424=DIRECTION('',(0.,1.,0.));
#8425=DIRECTION('',(1.,0.,0.));
#8426=DIRECTION('',(1.,0.,0.));
#8427=DIRECTION('',(0.,1.,0.));
#8428=DIRECTION('',(1.,0.,0.));
#8429=DIRECTION('',(0.,0.,1.));
#8430=DIRECTION('',(0.,1.,0.));
#8431=DIRECTION('',(1.,0.,0.));
#8432=DIRECTION('',(1.,0.,-1.60622544071926E-16));
#8433=DIRECTION('',(0.,1.,0.));
#8434=DIRECTION('',(1.,0.,0.));
#8435=DIRECTION('',(4.69868364799997E-6,0.,0.999999999988961));
#8436=DIRECTION('',(0.999999999988961,0.,-4.69868364799997E-6));
#8437=DIRECTION('',(-0.999999999988961,0.,4.69868364799997E-6));
#8438=DIRECTION('',(0.,-1.,0.));
#8439=DIRECTION('',(0.,1.,0.));
#8440=DIRECTION('',(0.,1.,0.));
#8441=DIRECTION('',(1.,0.,0.));
#8442=DIRECTION('',(0.,0.,-1.));
#8443=DIRECTION('',(0.,1.,0.));
#8444=DIRECTION('',(1.,0.,0.));
#8445=DIRECTION('',(-1.,0.,-1.60622544071926E-16));
#8446=DIRECTION('',(0.,1.,0.));
#8447=DIRECTION('',(1.,0.,0.));
#8448=DIRECTION('',(0.,0.,-1.));
#8449=DIRECTION('',(0.,1.,0.));
#8450=DIRECTION('',(1.,0.,0.));
#8451=DIRECTION('',(-1.,0.,-1.60622544071926E-16));
#8452=DIRECTION('',(0.,1.,0.));
#8453=DIRECTION('',(1.,0.,0.));
#8454=DIRECTION('',(0.,1.,0.));
#8455=DIRECTION('',(1.,0.,0.));
#8456=DIRECTION('',(-1.,0.,0.));
#8457=DIRECTION('',(0.,1.,0.));
#8458=DIRECTION('',(1.,0.,0.));
#8459=DIRECTION('',(0.,0.,-1.));
#8460=DIRECTION('',(0.,1.,0.));
#8461=DIRECTION('',(1.,0.,0.));
#8462=DIRECTION('',(-1.,0.,-1.60622544071926E-16));
#8463=DIRECTION('',(0.,1.,0.));
#8464=DIRECTION('',(1.,0.,0.));
#8465=DIRECTION('',(0.,0.,-1.));
#8466=DIRECTION('',(0.,1.,0.));
#8467=DIRECTION('',(1.,0.,0.));
#8468=DIRECTION('',(-1.,0.,0.));
#8469=DIRECTION('',(0.,1.,0.));
#8470=DIRECTION('',(1.,0.,0.));
#8471=DIRECTION('',(0.,0.,-1.));
#8472=DIRECTION('',(0.,1.,0.));
#8473=DIRECTION('',(1.,0.,0.));
#8474=DIRECTION('',(-1.,0.,0.));
#8475=DIRECTION('',(0.,1.,0.));
#8476=DIRECTION('',(1.,0.,0.));
#8477=DIRECTION('',(0.,0.,-1.));
#8478=DIRECTION('',(0.,1.,0.));
#8479=DIRECTION('',(1.,0.,0.));
#8480=DIRECTION('',(0.,0.,-1.));
#8481=DIRECTION('',(0.,1.,0.));
#8482=DIRECTION('',(1.,0.,0.));
#8483=DIRECTION('',(-1.,0.,0.));
#8484=DIRECTION('',(0.,1.,0.));
#8485=DIRECTION('',(1.,0.,0.));
#8486=DIRECTION('',(0.,0.,-1.));
#8487=DIRECTION('',(0.,1.,0.));
#8488=DIRECTION('',(1.,0.,0.));
#8489=DIRECTION('',(-1.,0.,0.));
#8490=DIRECTION('',(0.,1.,0.));
#8491=DIRECTION('',(1.,0.,0.));
#8492=DIRECTION('',(0.,0.,-1.));
#8493=DIRECTION('',(0.,1.,0.));
#8494=DIRECTION('',(1.,0.,0.));
#8495=DIRECTION('',(-1.,0.,-1.60622544071926E-16));
#8496=DIRECTION('',(0.,1.,0.));
#8497=DIRECTION('',(1.,0.,0.));
#8498=DIRECTION('',(0.,0.,-1.));
#8499=DIRECTION('',(0.,1.,0.));
#8500=DIRECTION('',(1.,0.,0.));
#8501=DIRECTION('',(-1.,0.,-8.03112720359633E-17));
#8502=DIRECTION('',(0.,0.,-1.));
#8503=DIRECTION('',(0.,1.,0.));
#8504=DIRECTION('',(1.,0.,0.));
#8505=DIRECTION('',(-1.,0.,8.03112720359633E-17));
#8506=DIRECTION('',(0.,1.,0.));
#8507=DIRECTION('',(1.,0.,0.));
#8508=DIRECTION('',(0.,0.,-1.));
#8509=DIRECTION('',(0.,1.,0.));
#8510=DIRECTION('',(1.,0.,0.));
#8511=DIRECTION('',(-1.,0.,1.60622544071926E-16));
#8512=DIRECTION('',(0.,1.,0.));
#8513=DIRECTION('',(1.,0.,0.));
#8514=DIRECTION('',(0.,1.,0.));
#8515=DIRECTION('',(1.,0.,0.));
#8516=DIRECTION('',(-1.,0.,1.60622544071926E-16));
#8517=DIRECTION('',(0.,1.,0.));
#8518=DIRECTION('',(1.,0.,0.));
#8519=DIRECTION('',(0.,0.,-1.));
#8520=DIRECTION('',(0.,1.,0.));
#8521=DIRECTION('',(1.,0.,0.));
#8522=DIRECTION('',(-1.,0.,8.03112720359633E-17));
#8523=DIRECTION('',(0.,1.,0.));
#8524=DIRECTION('',(1.,0.,0.));
#8525=DIRECTION('',(0.,0.,-1.));
#8526=DIRECTION('',(3.21245088143854E-16,0.,-1.));
#8527=DIRECTION('',(0.,1.,0.));
#8528=DIRECTION('',(1.,0.,0.));
#8529=DIRECTION('',(-1.,0.,-8.03112720359633E-17));
#8530=DIRECTION('',(0.,1.,0.));
#8531=DIRECTION('',(1.,0.,0.));
#8532=DIRECTION('',(3.21245088143854E-16,0.,-1.));
#8533=DIRECTION('',(0.,1.,0.));
#8534=DIRECTION('',(1.,0.,0.));
#8535=DIRECTION('',(-1.,0.,-1.60622544071926E-16));
#8536=DIRECTION('',(0.,1.,0.));
#8537=DIRECTION('',(1.,0.,0.));
#8538=DIRECTION('',(0.,1.,0.));
#8539=DIRECTION('',(1.,0.,0.));
#8540=DIRECTION('',(-1.,0.,0.));
#8541=DIRECTION('',(0.,1.,0.));
#8542=DIRECTION('',(1.,0.,0.));
#8543=DIRECTION('',(3.21245088143853E-16,0.,-1.));
#8544=DIRECTION('',(0.,1.,0.));
#8545=DIRECTION('',(1.,0.,0.));
#8546=DIRECTION('',(-1.,0.,-1.60622544071926E-16));
#8547=DIRECTION('',(0.,1.,0.));
#8548=DIRECTION('',(1.,0.,0.));
#8549=DIRECTION('',(3.21245088143853E-16,0.,-1.));
#8550=DIRECTION('',(0.,1.,0.));
#8551=DIRECTION('',(1.,0.,0.));
#8552=DIRECTION('',(0.,0.,-1.));
#8553=DIRECTION('',(0.,1.,0.));
#8554=DIRECTION('',(1.,0.,0.));
#8555=DIRECTION('',(-1.,0.,0.));
#8556=DIRECTION('',(0.,1.,0.));
#8557=DIRECTION('',(1.,0.,0.));
#8558=DIRECTION('',(0.,0.,-1.));
#8559=DIRECTION('',(0.,1.,0.));
#8560=DIRECTION('',(1.,0.,0.));
#8561=DIRECTION('',(-1.,0.,0.));
#8562=DIRECTION('',(0.,0.,-1.));
#8563=DIRECTION('',(0.,1.,0.));
#8564=DIRECTION('',(1.,0.,0.));
#8565=DIRECTION('',(-1.,0.,8.03112720359633E-17));
#8566=DIRECTION('',(0.,1.,0.));
#8567=DIRECTION('',(1.,0.,0.));
#8568=DIRECTION('',(0.,0.,-1.));
#8569=DIRECTION('',(0.,1.,0.));
#8570=DIRECTION('',(1.,0.,0.));
#8571=DIRECTION('',(-1.,0.,1.60622544071926E-16));
#8572=DIRECTION('',(0.,1.,0.));
#8573=DIRECTION('',(1.,0.,0.));
#8574=DIRECTION('',(0.,0.,-1.));
#8575=DIRECTION('',(0.,1.,0.));
#8576=DIRECTION('',(1.,0.,0.));
#8577=DIRECTION('',(-1.,0.,1.60622544071926E-16));
#8578=DIRECTION('',(0.,1.,0.));
#8579=DIRECTION('',(1.,0.,0.));
#8580=DIRECTION('',(0.,0.,-1.));
#8581=DIRECTION('',(0.,1.,0.));
#8582=DIRECTION('',(1.,0.,0.));
#8583=DIRECTION('',(-1.,0.,0.));
#8584=DIRECTION('',(0.,1.,0.));
#8585=DIRECTION('',(1.,0.,0.));
#8586=DIRECTION('',(-8.4750000381565E-5,0.,-0.999999996408719));
#8587=DIRECTION('',(0.,1.,0.));
#8588=DIRECTION('',(1.,0.,0.));
#8589=DIRECTION('',(0.,1.,0.));
#8590=DIRECTION('',(1.,0.,0.));
#8591=DIRECTION('',(4.69868364801657E-6,0.,0.999999999988961));
#8592=DIRECTION('',(0.,1.,0.));
#8593=DIRECTION('',(1.,0.,0.));
#8594=DIRECTION('',(0.999999999988961,0.,-4.69868364784457E-6));
#8595=DIRECTION('',(0.,1.,0.));
#8596=DIRECTION('',(1.,0.,0.));
#8597=DIRECTION('',(-4.69868364727312E-6,0.,-0.999999999988961));
#8598=DIRECTION('',(0.,1.,0.));
#8599=DIRECTION('',(1.,0.,0.));
#8600=DIRECTION('',(-0.999999999988961,0.,4.69868364799997E-6));
#8601=DIRECTION('',(0.,1.,0.));
#8602=DIRECTION('',(1.,0.,0.));
#8603=DIRECTION('',(0.,0.,1.));
#8604=DIRECTION('',(0.,1.,0.));
#8605=DIRECTION('',(1.,0.,0.));
#8606=DIRECTION('',(0.,1.,0.));
#8607=DIRECTION('',(1.,0.,0.));
#8608=DIRECTION('',(1.,0.,-1.34735803959364E-16));
#8609=DIRECTION('',(0.,1.,0.));
#8610=DIRECTION('',(1.,0.,0.));
#8611=DIRECTION('',(0.,1.,0.));
#8612=DIRECTION('',(1.,0.,0.));
#8613=DIRECTION('',(0.,1.,0.));
#8614=DIRECTION('',(1.,0.,0.));
#8615=DIRECTION('',(0.,1.,0.));
#8616=DIRECTION('',(1.,0.,0.));
#8617=DIRECTION('',(0.,1.,0.));
#8618=DIRECTION('',(1.,0.,0.));
#8619=DIRECTION('',(0.,1.,0.));
#8620=DIRECTION('',(1.,0.,0.));
#8621=DIRECTION('',(0.,1.,0.));
#8622=DIRECTION('',(1.,0.,0.));
#8623=DIRECTION('',(-1.,0.,0.));
#8624=DIRECTION('',(0.,1.,0.));
#8625=DIRECTION('',(1.,0.,0.));
#8626=DIRECTION('',(0.,0.,-1.));
#8627=DIRECTION('',(0.,1.,0.));
#8628=DIRECTION('',(1.,0.,0.));
#8629=DIRECTION('',(-1.,0.,0.));
#8630=DIRECTION('',(0.,1.,0.));
#8631=DIRECTION('',(1.,0.,0.));
#8632=DIRECTION('',(0.,0.,-1.));
#8633=DIRECTION('',(0.,0.,-1.));
#8634=DIRECTION('',(0.,1.,0.));
#8635=DIRECTION('',(1.,0.,0.));
#8636=DIRECTION('',(-1.,0.,0.));
#8637=DIRECTION('',(0.,1.,0.));
#8638=DIRECTION('',(1.,0.,0.));
#8639=DIRECTION('',(0.,0.,-1.));
#8640=DIRECTION('',(0.,1.,0.));
#8641=DIRECTION('',(1.,0.,0.));
#8642=DIRECTION('',(-1.,0.,0.));
#8643=DIRECTION('',(0.,1.,0.));
#8644=DIRECTION('',(1.,0.,0.));
#8645=DIRECTION('',(0.,1.,0.));
#8646=DIRECTION('',(1.,0.,0.));
#8647=DIRECTION('',(0.,0.,-1.));
#8648=DIRECTION('',(0.,1.,0.));
#8649=DIRECTION('',(1.,0.,0.));
#8650=DIRECTION('',(-1.,0.,1.60622544071926E-16));
#8651=DIRECTION('',(0.,1.,0.));
#8652=DIRECTION('',(1.,0.,0.));
#8653=DIRECTION('',(0.,0.,-1.));
#8654=DIRECTION('',(0.,1.,0.));
#8655=DIRECTION('',(1.,0.,0.));
#8656=DIRECTION('',(-1.,0.,8.03112720359633E-17));
#8657=DIRECTION('',(0.,1.,0.));
#8658=DIRECTION('',(1.,0.,0.));
#8659=DIRECTION('',(-1.,0.,1.60622544071926E-16));
#8660=DIRECTION('',(0.,1.,0.));
#8661=DIRECTION('',(1.,0.,0.));
#8662=DIRECTION('',(0.,0.,-1.));
#8663=DIRECTION('',(0.,1.,0.));
#8664=DIRECTION('',(1.,0.,0.));
#8665=DIRECTION('',(-1.,0.,8.03112720359633E-17));
#8666=DIRECTION('',(0.,1.,0.));
#8667=DIRECTION('',(1.,0.,0.));
#8668=DIRECTION('',(0.,0.,-1.));
#8669=DIRECTION('',(0.,0.,-1.));
#8670=DIRECTION('',(0.,1.,0.));
#8671=DIRECTION('',(1.,0.,0.));
#8672=DIRECTION('',(-1.,0.,0.));
#8673=DIRECTION('',(0.,1.,0.));
#8674=DIRECTION('',(1.,0.,0.));
#8675=DIRECTION('',(0.,0.,-1.));
#8676=DIRECTION('',(0.,1.,0.));
#8677=DIRECTION('',(1.,0.,0.));
#8678=DIRECTION('',(-1.,0.,0.));
#8679=DIRECTION('',(0.,1.,0.));
#8680=DIRECTION('',(1.,0.,0.));
#8681=DIRECTION('',(0.,0.,-1.));
#8682=DIRECTION('',(0.,1.,0.));
#8683=DIRECTION('',(1.,0.,0.));
#8684=DIRECTION('',(-1.,0.,1.60622544071926E-16));
#8685=DIRECTION('',(0.,1.,0.));
#8686=DIRECTION('',(1.,0.,0.));
#8687=DIRECTION('',(0.,0.,-1.));
#8688=DIRECTION('',(0.,1.,0.));
#8689=DIRECTION('',(1.,0.,0.));
#8690=DIRECTION('',(-1.,0.,0.));
#8691=DIRECTION('',(0.,1.,0.));
#8692=DIRECTION('',(1.,0.,0.));
#8693=DIRECTION('',(0.,1.,0.));
#8694=DIRECTION('',(1.,0.,0.));
#8695=DIRECTION('',(-1.,0.,0.));
#8696=DIRECTION('',(0.,1.,0.));
#8697=DIRECTION('',(1.,0.,0.));
#8698=DIRECTION('',(3.21245088143854E-16,0.,-1.));
#8699=DIRECTION('',(0.,1.,0.));
#8700=DIRECTION('',(1.,0.,0.));
#8701=DIRECTION('',(-1.,0.,0.));
#8702=DIRECTION('',(0.,1.,0.));
#8703=DIRECTION('',(1.,0.,0.));
#8704=DIRECTION('',(3.21245088143854E-16,0.,-1.));
#8705=DIRECTION('',(0.,0.,-1.));
#8706=DIRECTION('',(0.,1.,0.));
#8707=DIRECTION('',(1.,0.,0.));
#8708=DIRECTION('',(-1.,0.,1.60622544071926E-16));
#8709=DIRECTION('',(0.,1.,0.));
#8710=DIRECTION('',(1.,0.,0.));
#8711=DIRECTION('',(0.,0.,-1.));
#8712=DIRECTION('',(0.,1.,0.));
#8713=DIRECTION('',(1.,0.,0.));
#8714=DIRECTION('',(-1.,0.,0.));
#8715=DIRECTION('',(0.,1.,0.));
#8716=DIRECTION('',(1.,0.,0.));
#8717=DIRECTION('',(0.,1.,0.));
#8718=DIRECTION('',(1.,0.,0.));
#8719=DIRECTION('',(-1.,0.,0.));
#8720=DIRECTION('',(0.,1.,0.));
#8721=DIRECTION('',(1.,0.,0.));
#8722=DIRECTION('',(0.,0.,-1.));
#8723=DIRECTION('',(0.,1.,0.));
#8724=DIRECTION('',(1.,0.,0.));
#8725=DIRECTION('',(-1.,0.,0.));
#8726=DIRECTION('',(0.,1.,0.));
#8727=DIRECTION('',(1.,0.,0.));
#8728=DIRECTION('',(0.,0.,-1.));
#8729=DIRECTION('',(0.,1.,0.));
#8730=DIRECTION('',(1.,0.,0.));
#8731=DIRECTION('',(-1.,0.,-1.60622544071926E-16));
#8732=DIRECTION('',(0.,1.,0.));
#8733=DIRECTION('',(1.,0.,0.));
#8734=DIRECTION('',(0.,0.,-1.));
#8735=DIRECTION('',(0.,1.,0.));
#8736=DIRECTION('',(1.,0.,0.));
#8737=DIRECTION('',(-1.,0.,-8.03112720359633E-17));
#8738=DIRECTION('',(0.,1.,0.));
#8739=DIRECTION('',(1.,0.,0.));
#8740=DIRECTION('',(0.,0.,-1.));
#8741=DIRECTION('',(0.,0.,-1.));
#8742=DIRECTION('',(0.,1.,0.));
#8743=DIRECTION('',(1.,0.,0.));
#8744=DIRECTION('',(-1.,0.,-1.60622544071926E-16));
#8745=DIRECTION('',(0.,1.,0.));
#8746=DIRECTION('',(1.,0.,0.));
#8747=DIRECTION('',(0.,0.,-1.));
#8748=DIRECTION('',(0.,1.,0.));
#8749=DIRECTION('',(1.,0.,0.));
#8750=DIRECTION('',(-1.,0.,-1.60622544071926E-16));
#8751=DIRECTION('',(0.,1.,0.));
#8752=DIRECTION('',(1.,0.,0.));
#8753=DIRECTION('',(0.,0.,-1.));
#8754=DIRECTION('',(0.,1.,0.));
#8755=DIRECTION('',(1.,0.,0.));
#8756=DIRECTION('',(-1.,0.,0.));
#8757=DIRECTION('',(0.,1.,0.));
#8758=DIRECTION('',(1.,0.,0.));
#8759=DIRECTION('',(0.,0.,-1.));
#8760=DIRECTION('',(0.,1.,0.));
#8761=DIRECTION('',(1.,0.,0.));
#8762=DIRECTION('',(-1.,0.,0.));
#8763=DIRECTION('',(0.,1.,0.));
#8764=DIRECTION('',(1.,0.,0.));
#8765=DIRECTION('',(1.,0.,0.));
#8766=DIRECTION('',(0.,-1.,0.));
#8767=DIRECTION('',(0.,1.,0.));
#8768=DIRECTION('',(0.,-1.,0.));
#8769=DIRECTION('',(4.69868364799997E-6,0.,0.999999999988961));
#8770=DIRECTION('',(0.999999999988961,0.,-4.69868364799997E-6));
#8771=DIRECTION('',(0.,-1.,0.));
#8772=DIRECTION('',(0.,1.,0.));
#8773=DIRECTION('',(-0.999999996408719,0.,8.4750000381565E-5));
#8774=DIRECTION('',(8.4750000381565E-5,0.,0.999999996408719));
#8775=DIRECTION('',(0.,-1.,0.));
#8776=DIRECTION('',(0.,-1.,0.));
#8777=DIRECTION('',(0.,-1.,0.));
#8778=DIRECTION('',(0.,-1.,0.));
#8779=DIRECTION('',(-1.34735803959364E-16,0.,-1.));
#8780=DIRECTION('',(-1.,0.,1.34735803959364E-16));
#8781=DIRECTION('',(0.,1.,0.));
#8782=DIRECTION('',(0.,-1.,0.));
#8783=DIRECTION('',(0.,-1.,0.));
#8784=DIRECTION('',(0.,-1.,0.));
#8785=DIRECTION('',(0.,-1.,0.));
#8786=DIRECTION('',(-1.,0.,0.));
#8787=DIRECTION('',(0.,-1.,0.));
#8788=DIRECTION('',(-1.,0.,0.));
#8789=DIRECTION('',(0.,-1.,0.));
#8790=DIRECTION('',(-1.,0.,0.));
#8791=DIRECTION('',(0.,-1.,0.));
#8792=DIRECTION('',(-1.,0.,0.));
#8793=DIRECTION('',(0.,0.,-1.));
#8794=DIRECTION('',(0.,1.,0.));
#8795=DIRECTION('',(0.,1.,0.));
#8796=DIRECTION('',(0.,1.,0.));
#8797=DIRECTION('',(0.,1.,0.));
#8798=DIRECTION('',(1.,0.,0.));
#8799=DIRECTION('',(0.,1.,0.));
#8800=DIRECTION('',(1.,0.,0.));
#8801=DIRECTION('',(0.,-1.,0.));
#8802=DIRECTION('',(0.,1.,0.));
#8803=DIRECTION('',(0.,1.,0.));
#8804=DIRECTION('',(1.,0.,0.));
#8805=DIRECTION('',(0.,1.,0.));
#8806=DIRECTION('',(0.,0.,-1.));
#8807=DIRECTION('',(0.,1.,0.));
#8808=DIRECTION('',(0.,1.,0.));
#8809=DIRECTION('',(0.,1.,0.));
#8810=DIRECTION('',(1.,0.,0.));
#8811=DIRECTION('',(0.,1.,0.));
#8812=DIRECTION('',(1.,0.,0.));
#8813=DIRECTION('',(0.,-1.,0.));
#8814=DIRECTION('',(0.,1.,0.));
#8815=DIRECTION('',(0.,1.,0.));
#8816=DIRECTION('',(1.,0.,0.));
#8817=DIRECTION('',(1.,0.,0.));
#8818=DIRECTION('',(0.,-1.,0.));
#8819=DIRECTION('',(0.,1.,0.));
#8820=DIRECTION('',(0.,1.,0.));
#8821=DIRECTION('',(0.,1.,0.));
#8822=DIRECTION('',(1.,0.,0.));
#8823=DIRECTION('',(0.,1.,0.));
#8824=DIRECTION('',(0.,0.,-1.));
#8825=DIRECTION('',(0.,1.,0.));
#8826=DIRECTION('',(0.,1.,0.));
#8827=DIRECTION('',(0.,1.,0.));
#8828=DIRECTION('',(1.,0.,0.));
#8829=DIRECTION('',(0.,1.,0.));
#8830=DIRECTION('',(1.,0.,0.));
#8831=DIRECTION('',(0.,-1.,0.));
#8832=DIRECTION('',(0.,1.,0.));
#8833=DIRECTION('',(0.,1.,0.));
#8834=DIRECTION('',(1.,0.,0.));
#8835=DIRECTION('',(0.,1.,0.));
#8836=DIRECTION('',(0.,0.,-1.));
#8837=DIRECTION('',(0.,1.,0.));
#8838=DIRECTION('',(0.,1.,0.));
#8839=DIRECTION('',(0.,1.,0.));
#8840=DIRECTION('',(1.,0.,0.));
#8841=DIRECTION('',(1.,0.,0.));
#8842=DIRECTION('',(0.,-1.,0.));
#8843=DIRECTION('',(0.,1.,0.));
#8844=DIRECTION('',(0.,1.,0.));
#8845=DIRECTION('',(0.,1.,0.));
#8846=DIRECTION('',(1.,0.,0.));
#8847=DIRECTION('',(0.,1.,0.));
#8848=DIRECTION('',(-1.60622544071926E-16,0.,-1.));
#8849=DIRECTION('',(-1.,0.,1.60622544071926E-16));
#8850=DIRECTION('',(0.,1.,0.));
#8851=DIRECTION('',(0.,1.,0.));
#8852=DIRECTION('',(1.,0.,0.));
#8853=DIRECTION('',(0.,1.,0.));
#8854=DIRECTION('',(1.,0.,0.));
#8855=DIRECTION('',(0.,-1.,0.));
#8856=DIRECTION('',(0.,1.,0.));
#8857=DIRECTION('',(0.,1.,0.));
#8858=DIRECTION('',(1.,0.,0.));
#8859=DIRECTION('',(0.,1.,0.));
#8860=DIRECTION('',(0.,0.,-1.));
#8861=DIRECTION('',(0.,1.,0.));
#8862=DIRECTION('',(0.,1.,0.));
#8863=DIRECTION('',(0.,1.,0.));
#8864=DIRECTION('',(1.,0.,0.));
#8865=DIRECTION('',(1.,0.,0.));
#8866=DIRECTION('',(0.,-1.,0.));
#8867=DIRECTION('',(0.,1.,0.));
#8868=DIRECTION('',(0.,1.,0.));
#8869=DIRECTION('',(0.,1.,0.));
#8870=DIRECTION('',(1.,0.,0.));
#8871=DIRECTION('',(0.,1.,0.));
#8872=DIRECTION('',(-1.60622544071926E-16,0.,-1.));
#8873=DIRECTION('',(-1.,0.,1.60622544071926E-16));
#8874=DIRECTION('',(0.,1.,0.));
#8875=DIRECTION('',(0.,1.,0.));
#8876=DIRECTION('',(1.,0.,0.));
#8877=DIRECTION('',(0.,1.,0.));
#8878=DIRECTION('',(1.,0.,0.));
#8879=DIRECTION('',(0.,-1.,0.));
#8880=DIRECTION('',(0.,1.,0.));
#8881=DIRECTION('',(0.,1.,0.));
#8882=DIRECTION('',(1.,0.,0.));
#8883=DIRECTION('',(0.,1.,0.));
#8884=DIRECTION('',(-8.03112720359633E-17,0.,-1.));
#8885=DIRECTION('',(-1.,0.,8.03112720359633E-17));
#8886=DIRECTION('',(0.,1.,0.));
#8887=DIRECTION('',(0.,1.,0.));
#8888=DIRECTION('',(1.,0.,0.));
#8889=DIRECTION('',(-1.60622544071926E-16,0.,-1.));
#8890=DIRECTION('',(-1.,0.,1.60622544071926E-16));
#8891=DIRECTION('',(0.,1.,0.));
#8892=DIRECTION('',(0.,1.,0.));
#8893=DIRECTION('',(0.,1.,0.));
#8894=DIRECTION('',(1.,0.,0.));
#8895=DIRECTION('',(0.,1.,0.));
#8896=DIRECTION('',(1.,0.,0.));
#8897=DIRECTION('',(0.,-1.,0.));
#8898=DIRECTION('',(0.,1.,0.));
#8899=DIRECTION('',(0.,1.,0.));
#8900=DIRECTION('',(1.,0.,0.));
#8901=DIRECTION('',(0.,1.,0.));
#8902=DIRECTION('',(-8.03112720359633E-17,0.,-1.));
#8903=DIRECTION('',(-1.,0.,8.03112720359633E-17));
#8904=DIRECTION('',(0.,1.,0.));
#8905=DIRECTION('',(0.,1.,0.));
#8906=DIRECTION('',(1.,0.,0.));
#8907=DIRECTION('',(0.,1.,0.));
#8908=DIRECTION('',(1.,0.,0.));
#8909=DIRECTION('',(0.,-1.,0.));
#8910=DIRECTION('',(0.,1.,0.));
#8911=DIRECTION('',(0.,1.,0.));
#8912=DIRECTION('',(1.,0.,0.));
#8913=DIRECTION('',(1.,0.,0.));
#8914=DIRECTION('',(0.,-1.,0.));
#8915=DIRECTION('',(0.,1.,0.));
#8916=DIRECTION('',(0.,1.,0.));
#8917=DIRECTION('',(0.,1.,0.));
#8918=DIRECTION('',(1.,0.,0.));
#8919=DIRECTION('',(0.,1.,0.));
#8920=DIRECTION('',(0.,0.,-1.));
#8921=DIRECTION('',(0.,1.,0.));
#8922=DIRECTION('',(0.,1.,0.));
#8923=DIRECTION('',(0.,1.,0.));
#8924=DIRECTION('',(1.,0.,0.));
#8925=DIRECTION('',(0.,1.,0.));
#8926=DIRECTION('',(1.,0.,0.));
#8927=DIRECTION('',(0.,-1.,0.));
#8928=DIRECTION('',(0.,1.,0.));
#8929=DIRECTION('',(0.,1.,0.));
#8930=DIRECTION('',(1.,0.,0.));
#8931=DIRECTION('',(0.,1.,0.));
#8932=DIRECTION('',(0.,0.,-1.));
#8933=DIRECTION('',(0.,1.,0.));
#8934=DIRECTION('',(0.,1.,0.));
#8935=DIRECTION('',(0.,1.,0.));
#8936=DIRECTION('',(1.,0.,0.));
#8937=DIRECTION('',(1.,0.,0.));
#8938=DIRECTION('',(0.,-1.,0.));
#8939=DIRECTION('',(0.,1.,0.));
#8940=DIRECTION('',(0.,1.,0.));
#8941=DIRECTION('',(0.,1.,0.));
#8942=DIRECTION('',(1.,0.,0.));
#8943=DIRECTION('',(0.,1.,0.));
#8944=DIRECTION('',(-8.03112720359633E-17,0.,-1.));
#8945=DIRECTION('',(-1.,0.,8.03112720359633E-17));
#8946=DIRECTION('',(0.,1.,0.));
#8947=DIRECTION('',(0.,1.,0.));
#8948=DIRECTION('',(1.,0.,0.));
#8949=DIRECTION('',(0.,1.,0.));
#8950=DIRECTION('',(1.,0.,0.));
#8951=DIRECTION('',(0.,-1.,0.));
#8952=DIRECTION('',(0.,1.,0.));
#8953=DIRECTION('',(0.,1.,0.));
#8954=DIRECTION('',(1.,0.,0.));
#8955=DIRECTION('',(0.,1.,0.));
#8956=DIRECTION('',(-1.60622544071926E-16,0.,-1.));
#8957=DIRECTION('',(-1.,0.,1.60622544071926E-16));
#8958=DIRECTION('',(0.,1.,0.));
#8959=DIRECTION('',(0.,1.,0.));
#8960=DIRECTION('',(1.,0.,0.));
#8961=DIRECTION('',(1.,0.,0.));
#8962=DIRECTION('',(0.,-1.,0.));
#8963=DIRECTION('',(0.,1.,0.));
#8964=DIRECTION('',(0.,1.,0.));
#8965=DIRECTION('',(0.,1.,0.));
#8966=DIRECTION('',(1.,0.,0.));
#8967=DIRECTION('',(0.,1.,0.));
#8968=DIRECTION('',(-1.60622544071926E-16,0.,-1.));
#8969=DIRECTION('',(-1.,0.,1.60622544071926E-16));
#8970=DIRECTION('',(0.,1.,0.));
#8971=DIRECTION('',(0.,1.,0.));
#8972=DIRECTION('',(1.,0.,0.));
#8973=DIRECTION('',(0.,1.,0.));
#8974=DIRECTION('',(1.,0.,0.));
#8975=DIRECTION('',(0.,-1.,0.));
#8976=DIRECTION('',(0.,1.,0.));
#8977=DIRECTION('',(0.,1.,0.));
#8978=DIRECTION('',(1.,0.,0.));
#8979=DIRECTION('',(0.,1.,0.));
#8980=DIRECTION('',(0.,0.,-1.));
#8981=DIRECTION('',(0.,1.,0.));
#8982=DIRECTION('',(0.,1.,0.));
#8983=DIRECTION('',(0.,1.,0.));
#8984=DIRECTION('',(1.,0.,0.));
#8985=DIRECTION('',(1.,0.,0.));
#8986=DIRECTION('',(0.,-1.,0.));
#8987=DIRECTION('',(0.,1.,0.));
#8988=DIRECTION('',(0.,1.,0.));
#8989=DIRECTION('',(0.,1.,0.));
#8990=DIRECTION('',(1.,0.,0.));
#8991=DIRECTION('',(0.,1.,0.));
#8992=DIRECTION('',(0.,0.,-1.));
#8993=DIRECTION('',(0.,1.,0.));
#8994=DIRECTION('',(0.,1.,0.));
#8995=DIRECTION('',(0.,1.,0.));
#8996=DIRECTION('',(1.,0.,0.));
#8997=DIRECTION('',(0.,1.,0.));
#8998=DIRECTION('',(1.,0.,0.));
#8999=DIRECTION('',(0.,-1.,0.));
#9000=DIRECTION('',(0.,1.,0.));
#9001=DIRECTION('',(0.,1.,0.));
#9002=DIRECTION('',(1.,0.,0.));
#9003=DIRECTION('',(0.,1.,0.));
#9004=DIRECTION('',(0.,0.,-1.));
#9005=DIRECTION('',(0.,1.,0.));
#9006=DIRECTION('',(0.,1.,0.));
#9007=DIRECTION('',(0.,1.,0.));
#9008=DIRECTION('',(1.,0.,0.));
#9009=DIRECTION('',(0.,0.,-1.));
#9010=DIRECTION('',(0.,1.,0.));
#9011=DIRECTION('',(0.,1.,0.));
#9012=DIRECTION('',(0.,1.,0.));
#9013=DIRECTION('',(0.,1.,0.));
#9014=DIRECTION('',(1.,0.,0.));
#9015=DIRECTION('',(0.,1.,0.));
#9016=DIRECTION('',(1.,0.,3.21245088143853E-16));
#9017=DIRECTION('',(3.21245088143853E-16,0.,-1.));
#9018=DIRECTION('',(0.,1.,0.));
#9019=DIRECTION('',(0.,1.,0.));
#9020=DIRECTION('',(1.,0.,0.));
#9021=DIRECTION('',(0.,1.,0.));
#9022=DIRECTION('',(1.60622544071926E-16,0.,-1.));
#9023=DIRECTION('',(-1.,0.,-1.60622544071926E-16));
#9024=DIRECTION('',(0.,1.,0.));
#9025=DIRECTION('',(0.,1.,0.));
#9026=DIRECTION('',(1.,0.,0.));
#9027=DIRECTION('',(0.,1.,0.));
#9028=DIRECTION('',(1.,0.,3.21245088143853E-16));
#9029=DIRECTION('',(3.21245088143853E-16,0.,-1.));
#9030=DIRECTION('',(0.,1.,0.));
#9031=DIRECTION('',(0.,1.,0.));
#9032=DIRECTION('',(1.,0.,0.));
#9033=DIRECTION('',(1.,0.,3.21245088143853E-16));
#9034=DIRECTION('',(3.21245088143854E-16,0.,-1.));
#9035=DIRECTION('',(0.,1.,0.));
#9036=DIRECTION('',(0.,1.,0.));
#9037=DIRECTION('',(0.,1.,0.));
#9038=DIRECTION('',(1.,0.,0.));
#9039=DIRECTION('',(0.,1.,0.));
#9040=DIRECTION('',(8.03112720359633E-17,0.,-1.));
#9041=DIRECTION('',(-1.,0.,-8.03112720359633E-17));
#9042=DIRECTION('',(0.,1.,0.));
#9043=DIRECTION('',(0.,1.,0.));
#9044=DIRECTION('',(1.,0.,0.));
#9045=DIRECTION('',(0.,1.,0.));
#9046=DIRECTION('',(1.,0.,3.21245088143853E-16));
#9047=DIRECTION('',(3.21245088143854E-16,0.,-1.));
#9048=DIRECTION('',(0.,1.,0.));
#9049=DIRECTION('',(0.,1.,0.));
#9050=DIRECTION('',(1.,0.,0.));
#9051=DIRECTION('',(0.,1.,0.));
#9052=DIRECTION('',(1.60622544071926E-16,0.,-1.));
#9053=DIRECTION('',(-1.,0.,-1.60622544071926E-16));
#9054=DIRECTION('',(0.,1.,0.));
#9055=DIRECTION('',(0.,1.,0.));
#9056=DIRECTION('',(1.,0.,0.));
#9057=DIRECTION('',(0.,0.,-1.));
#9058=DIRECTION('',(0.,1.,0.));
#9059=DIRECTION('',(0.,1.,0.));
#9060=DIRECTION('',(0.,1.,0.));
#9061=DIRECTION('',(0.,1.,0.));
#9062=DIRECTION('',(1.,0.,0.));
#9063=DIRECTION('',(0.,1.,0.));
#9064=DIRECTION('',(1.,0.,3.21245088143853E-16));
#9065=DIRECTION('',(3.21245088143854E-16,0.,-1.));
#9066=DIRECTION('',(0.,1.,0.));
#9067=DIRECTION('',(0.,1.,0.));
#9068=DIRECTION('',(1.,0.,0.));
#9069=DIRECTION('',(0.,1.,0.));
#9070=DIRECTION('',(0.,0.,-1.));
#9071=DIRECTION('',(0.,1.,0.));
#9072=DIRECTION('',(0.,1.,0.));
#9073=DIRECTION('',(0.,1.,0.));
#9074=DIRECTION('',(1.,0.,0.));
#9075=DIRECTION('',(0.,1.,0.));
#9076=DIRECTION('',(1.,0.,3.21245088143853E-16));
#9077=DIRECTION('',(3.21245088143854E-16,0.,-1.));
#9078=DIRECTION('',(0.,1.,0.));
#9079=DIRECTION('',(0.,1.,0.));
#9080=DIRECTION('',(1.,0.,0.));
#9081=DIRECTION('',(1.,0.,0.));
#9082=DIRECTION('',(0.,-1.,0.));
#9083=DIRECTION('',(0.,1.,0.));
#9084=DIRECTION('',(0.,1.,0.));
#9085=DIRECTION('',(0.,1.,0.));
#9086=DIRECTION('',(1.,0.,0.));
#9087=DIRECTION('',(0.,1.,0.));
#9088=DIRECTION('',(-1.60622544071926E-16,0.,-1.));
#9089=DIRECTION('',(-1.,0.,1.60622544071926E-16));
#9090=DIRECTION('',(0.,1.,0.));
#9091=DIRECTION('',(0.,1.,0.));
#9092=DIRECTION('',(1.,0.,0.));
#9093=DIRECTION('',(0.,1.,0.));
#9094=DIRECTION('',(1.,0.,0.));
#9095=DIRECTION('',(0.,-1.,0.));
#9096=DIRECTION('',(0.,1.,0.));
#9097=DIRECTION('',(0.,1.,0.));
#9098=DIRECTION('',(1.,0.,0.));
#9099=DIRECTION('',(0.,1.,0.));
#9100=DIRECTION('',(0.,0.,-1.));
#9101=DIRECTION('',(0.,1.,0.));
#9102=DIRECTION('',(0.,1.,0.));
#9103=DIRECTION('',(0.,1.,0.));
#9104=DIRECTION('',(1.,0.,0.));
#9105=DIRECTION('',(-1.60622544071926E-16,0.,-1.));
#9106=DIRECTION('',(-1.,0.,1.60622544071926E-16));
#9107=DIRECTION('',(0.,1.,0.));
#9108=DIRECTION('',(0.,1.,0.));
#9109=DIRECTION('',(0.,1.,0.));
#9110=DIRECTION('',(1.,0.,0.));
#9111=DIRECTION('',(0.,1.,0.));
#9112=DIRECTION('',(1.,0.,0.));
#9113=DIRECTION('',(0.,-1.,0.));
#9114=DIRECTION('',(0.,1.,0.));
#9115=DIRECTION('',(0.,1.,0.));
#9116=DIRECTION('',(1.,0.,0.));
#9117=DIRECTION('',(0.,1.,0.));
#9118=DIRECTION('',(-8.03112720359633E-17,0.,-1.));
#9119=DIRECTION('',(-1.,0.,8.03112720359633E-17));
#9120=DIRECTION('',(0.,1.,0.));
#9121=DIRECTION('',(0.,1.,0.));
#9122=DIRECTION('',(1.,0.,0.));
#9123=DIRECTION('',(0.,1.,0.));
#9124=DIRECTION('',(1.,0.,0.));
#9125=DIRECTION('',(0.,-1.,0.));
#9126=DIRECTION('',(0.,1.,0.));
#9127=DIRECTION('',(0.,1.,0.));
#9128=DIRECTION('',(1.,0.,0.));
#9129=DIRECTION('',(1.,0.,0.));
#9130=DIRECTION('',(0.,-1.,0.));
#9131=DIRECTION('',(0.,1.,0.));
#9132=DIRECTION('',(0.,1.,0.));
#9133=DIRECTION('',(0.,1.,0.));
#9134=DIRECTION('',(1.,0.,0.));
#9135=DIRECTION('',(0.,1.,0.));
#9136=DIRECTION('',(-8.03112720359633E-17,0.,-1.));
#9137=DIRECTION('',(-1.,0.,8.03112720359633E-17));
#9138=DIRECTION('',(0.,1.,0.));
#9139=DIRECTION('',(0.,1.,0.));
#9140=DIRECTION('',(1.,0.,0.));
#9141=DIRECTION('',(0.,1.,0.));
#9142=DIRECTION('',(1.,0.,0.));
#9143=DIRECTION('',(0.,-1.,0.));
#9144=DIRECTION('',(0.,1.,0.));
#9145=DIRECTION('',(0.,1.,0.));
#9146=DIRECTION('',(1.,0.,0.));
#9147=DIRECTION('',(0.,1.,0.));
#9148=DIRECTION('',(-1.60622544071926E-16,0.,-1.));
#9149=DIRECTION('',(-1.,0.,1.60622544071926E-16));
#9150=DIRECTION('',(0.,1.,0.));
#9151=DIRECTION('',(0.,1.,0.));
#9152=DIRECTION('',(1.,0.,0.));
#9153=DIRECTION('',(0.,0.,-1.));
#9154=DIRECTION('',(0.,1.,0.));
#9155=DIRECTION('',(0.,1.,0.));
#9156=DIRECTION('',(0.,1.,0.));
#9157=DIRECTION('',(0.,1.,0.));
#9158=DIRECTION('',(1.,0.,0.));
#9159=DIRECTION('',(0.,1.,0.));
#9160=DIRECTION('',(1.,0.,0.));
#9161=DIRECTION('',(0.,-1.,0.));
#9162=DIRECTION('',(0.,1.,0.));
#9163=DIRECTION('',(0.,1.,0.));
#9164=DIRECTION('',(1.,0.,0.));
#9165=DIRECTION('',(0.,1.,0.));
#9166=DIRECTION('',(0.,0.,-1.));
#9167=DIRECTION('',(0.,1.,0.));
#9168=DIRECTION('',(0.,1.,0.));
#9169=DIRECTION('',(0.,1.,0.));
#9170=DIRECTION('',(1.,0.,0.));
#9171=DIRECTION('',(0.,1.,0.));
#9172=DIRECTION('',(1.,0.,0.));
#9173=DIRECTION('',(0.,-1.,0.));
#9174=DIRECTION('',(0.,1.,0.));
#9175=DIRECTION('',(0.,1.,0.));
#9176=DIRECTION('',(1.,0.,0.));
#9177=DIRECTION('',(1.60622544071926E-16,0.,-1.));
#9178=DIRECTION('',(-1.,0.,-1.60622544071926E-16));
#9179=DIRECTION('',(0.,1.,0.));
#9180=DIRECTION('',(0.,1.,0.));
#9181=DIRECTION('',(0.,1.,0.));
#9182=DIRECTION('',(1.,0.,0.));
#9183=DIRECTION('',(0.,1.,0.));
#9184=DIRECTION('',(1.,0.,0.));
#9185=DIRECTION('',(0.,-1.,0.));
#9186=DIRECTION('',(0.,1.,0.));
#9187=DIRECTION('',(0.,1.,0.));
#9188=DIRECTION('',(1.,0.,0.));
#9189=DIRECTION('',(0.,1.,0.));
#9190=DIRECTION('',(8.03112720359633E-17,0.,-1.));
#9191=DIRECTION('',(-1.,0.,-8.03112720359633E-17));
#9192=DIRECTION('',(0.,1.,0.));
#9193=DIRECTION('',(0.,1.,0.));
#9194=DIRECTION('',(1.,0.,0.));
#9195=DIRECTION('',(0.,1.,0.));
#9196=DIRECTION('',(1.,0.,0.));
#9197=DIRECTION('',(0.,-1.,0.));
#9198=DIRECTION('',(0.,1.,0.));
#9199=DIRECTION('',(0.,1.,0.));
#9200=DIRECTION('',(1.,0.,0.));
#9201=DIRECTION('',(1.,0.,0.));
#9202=DIRECTION('',(0.,-1.,0.));
#9203=DIRECTION('',(0.,1.,0.));
#9204=DIRECTION('',(0.,1.,0.));
#9205=DIRECTION('',(0.,1.,0.));
#9206=DIRECTION('',(1.,0.,0.));
#9207=DIRECTION('',(0.,1.,0.));
#9208=DIRECTION('',(1.60622544071926E-16,0.,-1.));
#9209=DIRECTION('',(-1.,0.,-1.60622544071926E-16));
#9210=DIRECTION('',(0.,1.,0.));
#9211=DIRECTION('',(0.,1.,0.));
#9212=DIRECTION('',(1.,0.,0.));
#9213=DIRECTION('',(0.,1.,0.));
#9214=DIRECTION('',(1.,0.,0.));
#9215=DIRECTION('',(0.,-1.,0.));
#9216=DIRECTION('',(0.,1.,0.));
#9217=DIRECTION('',(0.,1.,0.));
#9218=DIRECTION('',(1.,0.,0.));
#9219=DIRECTION('',(0.,1.,0.));
#9220=DIRECTION('',(1.60622544071926E-16,0.,-1.));
#9221=DIRECTION('',(-1.,0.,-1.60622544071926E-16));
#9222=DIRECTION('',(0.,1.,0.));
#9223=DIRECTION('',(0.,1.,0.));
#9224=DIRECTION('',(1.,0.,0.));
#9225=DIRECTION('',(1.,0.,0.));
#9226=DIRECTION('',(0.,-1.,0.));
#9227=DIRECTION('',(0.,1.,0.));
#9228=DIRECTION('',(0.,1.,0.));
#9229=DIRECTION('',(0.,1.,0.));
#9230=DIRECTION('',(1.,0.,0.));
#9231=DIRECTION('',(0.,1.,0.));
#9232=DIRECTION('',(1.60622544071926E-16,0.,-1.));
#9233=DIRECTION('',(-1.,0.,-1.60622544071926E-16));
#9234=DIRECTION('',(0.,1.,0.));
#9235=DIRECTION('',(0.,1.,0.));
#9236=DIRECTION('',(1.,0.,0.));
#9237=DIRECTION('',(0.,1.,0.));
#9238=DIRECTION('',(1.,0.,0.));
#9239=DIRECTION('',(0.,-1.,0.));
#9240=DIRECTION('',(0.,1.,0.));
#9241=DIRECTION('',(0.,1.,0.));
#9242=DIRECTION('',(1.,0.,0.));
#9243=DIRECTION('',(0.,1.,0.));
#9244=DIRECTION('',(8.03112720359633E-17,0.,-1.));
#9245=DIRECTION('',(-1.,0.,-8.03112720359633E-17));
#9246=DIRECTION('',(0.,1.,0.));
#9247=DIRECTION('',(0.,1.,0.));
#9248=DIRECTION('',(1.,0.,0.));
#9249=DIRECTION('',(1.,0.,0.));
#9250=DIRECTION('',(0.,-1.,0.));
#9251=DIRECTION('',(0.,1.,0.));
#9252=DIRECTION('',(0.,1.,0.));
#9253=DIRECTION('',(0.,1.,0.));
#9254=DIRECTION('',(1.,0.,0.));
#9255=DIRECTION('',(0.,1.,0.));
#9256=DIRECTION('',(0.,0.,-1.));
#9257=DIRECTION('',(0.,1.,0.));
#9258=DIRECTION('',(0.,1.,0.));
#9259=DIRECTION('',(0.,1.,0.));
#9260=DIRECTION('',(1.,0.,0.));
#9261=DIRECTION('',(0.,1.,0.));
#9262=DIRECTION('',(1.,0.,0.));
#9263=DIRECTION('',(0.,-1.,0.));
#9264=DIRECTION('',(0.,1.,0.));
#9265=DIRECTION('',(0.,1.,0.));
#9266=DIRECTION('',(1.,0.,0.));
#9267=DIRECTION('',(0.,1.,0.));
#9268=DIRECTION('',(0.,0.,-1.));
#9269=DIRECTION('',(0.,1.,0.));
#9270=DIRECTION('',(0.,1.,0.));
#9271=DIRECTION('',(0.,1.,0.));
#9272=DIRECTION('',(1.,0.,0.));
#9273=DIRECTION('',(0.,0.,-1.));
#9274=DIRECTION('',(0.,1.,0.));
#9275=DIRECTION('',(0.,1.,0.));
#9276=DIRECTION('',(0.,1.,0.));
#9277=DIRECTION('',(0.,1.,0.));
#9278=DIRECTION('',(1.,0.,0.));
#9279=DIRECTION('',(0.,1.,0.));
#9280=DIRECTION('',(1.,0.,0.));
#9281=DIRECTION('',(0.,-1.,0.));
#9282=DIRECTION('',(0.,1.,0.));
#9283=DIRECTION('',(0.,1.,0.));
#9284=DIRECTION('',(1.,0.,0.));
#9285=DIRECTION('',(0.,1.,0.));
#9286=DIRECTION('',(0.,0.,-1.));
#9287=DIRECTION('',(0.,1.,0.));
#9288=DIRECTION('',(0.,1.,0.));
#9289=DIRECTION('',(0.,1.,0.));
#9290=DIRECTION('',(1.,0.,0.));
#9291=DIRECTION('',(0.,1.,0.));
#9292=DIRECTION('',(1.,0.,0.));
#9293=DIRECTION('',(0.,-1.,0.));
#9294=DIRECTION('',(0.,1.,0.));
#9295=DIRECTION('',(0.,1.,0.));
#9296=DIRECTION('',(1.,0.,0.));
#9297=DIRECTION('',(0.,0.,-1.));
#9298=DIRECTION('',(0.,1.,0.));
#9299=DIRECTION('',(0.,1.,0.));
#9300=DIRECTION('',(0.,1.,0.));
#9301=DIRECTION('',(0.,1.,0.));
#9302=DIRECTION('',(1.,0.,0.));
#9303=DIRECTION('',(0.,1.,0.));
#9304=DIRECTION('',(1.,0.,0.));
#9305=DIRECTION('',(0.,-1.,0.));
#9306=DIRECTION('',(0.,1.,0.));
#9307=DIRECTION('',(0.,1.,0.));
#9308=DIRECTION('',(1.,0.,0.));
#9309=DIRECTION('',(0.,1.,0.));
#9310=DIRECTION('',(1.60622544071926E-16,0.,-1.));
#9311=DIRECTION('',(-1.,0.,-1.60622544071926E-16));
#9312=DIRECTION('',(0.,1.,0.));
#9313=DIRECTION('',(0.,1.,0.));
#9314=DIRECTION('',(1.,0.,0.));
#9315=DIRECTION('',(0.,1.,0.));
#9316=DIRECTION('',(1.,0.,0.));
#9317=DIRECTION('',(0.,-1.,0.));
#9318=DIRECTION('',(0.,1.,0.));
#9319=DIRECTION('',(0.,1.,0.));
#9320=DIRECTION('',(1.,0.,0.));
#9321=DIRECTION('',(1.,0.,0.));
#9322=DIRECTION('',(0.,-1.,0.));
#9323=DIRECTION('',(0.,1.,0.));
#9324=DIRECTION('',(0.,1.,0.));
#9325=DIRECTION('',(0.,1.,0.));
#9326=DIRECTION('',(1.,0.,0.));
#9327=DIRECTION('',(0.,1.,0.));
#9328=DIRECTION('',(1.60622544071926E-16,0.,-1.));
#9329=DIRECTION('',(-1.,0.,-1.60622544071926E-16));
#9330=DIRECTION('',(0.,1.,0.));
#9331=DIRECTION('',(0.,1.,0.));
#9332=DIRECTION('',(1.,0.,0.));
#9333=DIRECTION('',(0.,1.,0.));
#9334=DIRECTION('',(1.,0.,0.));
#9335=DIRECTION('',(0.,-1.,0.));
#9336=DIRECTION('',(0.,1.,0.));
#9337=DIRECTION('',(0.,1.,0.));
#9338=DIRECTION('',(1.,0.,0.));
#9339=DIRECTION('',(0.,1.,0.));
#9340=DIRECTION('',(1.60622544071926E-16,0.,-1.));
#9341=DIRECTION('',(-1.,0.,-1.60622544071926E-16));
#9342=DIRECTION('',(0.,1.,0.));
#9343=DIRECTION('',(0.,1.,0.));
#9344=DIRECTION('',(1.,0.,0.));
#9345=DIRECTION('',(1.,0.,0.));
#9346=DIRECTION('',(0.,-1.,0.));
#9347=DIRECTION('',(0.,1.,0.));
#9348=DIRECTION('',(0.,1.,0.));
#9349=DIRECTION('',(0.,1.,0.));
#9350=DIRECTION('',(1.,0.,0.));
#9351=DIRECTION('',(0.,1.,0.));
#9352=DIRECTION('',(0.,0.,-1.));
#9353=DIRECTION('',(0.,1.,0.));
#9354=DIRECTION('',(0.,1.,0.));
#9355=DIRECTION('',(0.,1.,0.));
#9356=DIRECTION('',(1.,0.,0.));
#9357=DIRECTION('',(0.,1.,0.));
#9358=DIRECTION('',(1.,0.,0.));
#9359=DIRECTION('',(0.,-1.,0.));
#9360=DIRECTION('',(0.,1.,0.));
#9361=DIRECTION('',(0.,1.,0.));
#9362=DIRECTION('',(1.,0.,0.));
#9363=DIRECTION('',(0.,1.,0.));
#9364=DIRECTION('',(0.,0.,-1.));
#9365=DIRECTION('',(0.,1.,0.));
#9366=DIRECTION('',(0.,1.,0.));
#9367=DIRECTION('',(0.,1.,0.));
#9368=DIRECTION('',(1.,0.,0.));
#9369=DIRECTION('',(0.,1.,0.));
#9370=DIRECTION('',(0.,1.,0.));
#9371=DIRECTION('',(0.,1.,0.));
#9372=DIRECTION('',(0.950701731906122,0.,-0.310106783142034));
#9373=DIRECTION('',(0.,1.,0.));
#9374=DIRECTION('',(0.,1.,0.));
#9375=DIRECTION('',(0.,0.,1.));
#9376=DIRECTION('',(0.,1.,0.));
#9377=DIRECTION('',(0.,1.,0.));
#9378=DIRECTION('',(0.,1.,0.));
#9379=DIRECTION('',(0.,1.,0.));
#9380=DIRECTION('',(-0.891469536072056,0.,-0.45308063990362));
#9381=DIRECTION('',(0.,1.,0.));
#9382=DIRECTION('',(0.,1.,0.));
#9383=DIRECTION('',(0.,0.,1.));
#9384=DIRECTION('',(0.,1.,0.));
#9385=DIRECTION('',(0.,1.,0.));
#9386=DIRECTION('',(-0.908552039921601,0.,-0.417771696928237));
#9387=DIRECTION('',(-0.417771696928237,0.,0.908552039921601));
#9388=DIRECTION('',(0.,1.,0.));
#9389=DIRECTION('',(-0.417771696928237,0.,0.908552039921601));
#9390=DIRECTION('',(0.,1.,0.));
#9391=DIRECTION('',(0.,1.,0.));
#9392=DIRECTION('',(0.,1.,0.));
#9393=DIRECTION('',(0.,1.,0.));
#9394=DIRECTION('',(0.,1.,0.));
#9395=DIRECTION('',(0.,1.,0.));
#9396=DIRECTION('',(0.,1.,0.));
#9397=DIRECTION('',(0.,1.,0.));
#9398=DIRECTION('',(0.,1.,0.));
#9399=DIRECTION('',(0.,1.,0.));
#9400=DIRECTION('',(1.,0.,0.));
#9401=DIRECTION('',(0.,-1.,0.));
#9402=DIRECTION('',(0.,1.,0.));
#9403=DIRECTION('',(0.,0.,-1.));
#9404=DIRECTION('',(0.,1.,0.));
#9405=DIRECTION('',(-0.321430252305313,0.,0.94693325683648));
#9406=DIRECTION('',(0.,1.,0.));
#9407=DIRECTION('',(0.,1.,0.));
#9408=DIRECTION('',(0.,0.,1.));
#9409=DIRECTION('',(0.,1.,0.));
#9410=DIRECTION('',(0.,1.,0.));
#9411=DIRECTION('',(1.,0.,0.));
#9412=DIRECTION('',(0.,1.,0.));
#9413=DIRECTION('',(0.,1.,0.));
#9414=DIRECTION('',(0.,1.,0.));
#9415=DIRECTION('',(0.,1.,0.));
#9416=DIRECTION('',(-0.994028332298539,0.,-0.109122291892105));
#9417=DIRECTION('',(0.,1.,0.));
#9418=DIRECTION('',(0.,1.,0.));
#9419=DIRECTION('',(0.,0.,1.));
#9420=DIRECTION('',(-0.978022847587534,0.,-0.208497744824183));
#9421=DIRECTION('',(-0.208497744824183,0.,0.978022847587535));
#9422=DIRECTION('',(0.,1.,0.));
#9423=DIRECTION('',(-0.208497744824183,0.,0.978022847587535));
#9424=DIRECTION('',(0.,0.,-1.));
#9425=DIRECTION('',(0.,1.,0.));
#9426=DIRECTION('',(0.,1.,0.));
#9427=DIRECTION('',(-1.,0.,0.));
#9428=DIRECTION('',(-0.977077729303441,0.,-0.212882857222538));
#9429=DIRECTION('',(-0.212882857222538,0.,0.977077729303441));
#9430=DIRECTION('',(0.,1.,0.));
#9431=DIRECTION('',(-0.212882857222538,0.,0.977077729303441));
#9432=DIRECTION('',(0.,0.,1.));
#9433=DIRECTION('',(0.,-1.,0.));
#9434=DIRECTION('',(0.,1.,0.));
#9435=DIRECTION('',(1.,0.,0.));
#9436=DIRECTION('',(-0.979502905464916,0.,-0.201430032978671));
#9437=DIRECTION('',(-0.201430032978671,0.,0.979502905464916));
#9438=DIRECTION('',(0.,1.,0.));
#9439=DIRECTION('',(-0.201430032978671,0.,0.979502905464916));
#9440=DIRECTION('',(0.,0.,1.));
#9441=DIRECTION('',(0.,-1.,0.));
#9442=DIRECTION('',(0.,1.,0.));
#9443=DIRECTION('',(1.,0.,0.));
#9444=DIRECTION('',(0.873150860621853,0.,0.487450073951495));
#9445=DIRECTION('',(0.487450073951495,0.,-0.873150860621853));
#9446=DIRECTION('',(0.,1.,0.));
#9447=DIRECTION('',(0.487450073951495,0.,-0.873150860621853));
#9448=DIRECTION('',(0.393013903112739,0.,0.919532529038582));
#9449=DIRECTION('',(0.919532529038582,0.,-0.393013903112739));
#9450=DIRECTION('',(0.,1.,0.));
#9451=DIRECTION('',(0.919532529038582,0.,-0.393013903112739));
#9452=DIRECTION('',(0.981392654860021,0.,0.192011606385657));
#9453=DIRECTION('',(0.192011606385657,0.,-0.981392654860021));
#9454=DIRECTION('',(0.,1.,0.));
#9455=DIRECTION('',(0.192011606385657,0.,-0.981392654860021));
#9456=DIRECTION('',(0.,0.,-1.));
#9457=DIRECTION('',(0.,1.,0.));
#9458=DIRECTION('',(0.,1.,0.));
#9459=DIRECTION('',(-1.,0.,0.));
#9460=DIRECTION('',(0.977904275425835,0.,0.209053170518586));
#9461=DIRECTION('',(0.209053170518586,0.,-0.977904275425835));
#9462=DIRECTION('',(0.,1.,0.));
#9463=DIRECTION('',(0.209053170518586,0.,-0.977904275425835));
#9464=DIRECTION('',(0.,1.,0.));
#9465=DIRECTION('',(-0.99483344918927,0.,-0.101520482535205));
#9466=DIRECTION('',(0.,1.,0.));
#9467=DIRECTION('',(0.,1.,0.));
#9468=DIRECTION('',(0.,0.,1.));
#9469=DIRECTION('',(0.,1.,0.));
#9470=DIRECTION('',(0.,1.,0.));
#9471=DIRECTION('',(0.,1.,0.));
#9472=DIRECTION('',(-1.,0.,0.));
#9473=DIRECTION('',(0.,1.,0.));
#9474=DIRECTION('',(0.,0.,1.));
#9475=DIRECTION('',(0.,1.,0.));
#9476=DIRECTION('',(1.,0.,0.));
#9477=DIRECTION('',(0.,1.,0.));
#9478=DIRECTION('',(0.,1.,0.));
#9479=DIRECTION('',(0.,1.,0.));
#9480=DIRECTION('',(0.,1.,0.));
#9481=DIRECTION('',(0.979149312676584,0.,0.203141880184696));
#9482=DIRECTION('',(0.,1.,0.));
#9483=DIRECTION('',(0.,1.,0.));
#9484=DIRECTION('',(0.,0.,1.));
#9485=DIRECTION('',(0.,1.,0.));
#9486=DIRECTION('',(0.,1.,0.));
#9487=DIRECTION('',(0.784165184314721,0.,-0.620552144230168));
#9488=DIRECTION('',(0.,1.,0.));
#9489=DIRECTION('',(0.,1.,0.));
#9490=DIRECTION('',(0.,0.,1.));
#9491=DIRECTION('',(0.,1.,0.));
#9492=DIRECTION('',(0.,1.,0.));
#9493=DIRECTION('',(0.,1.,0.));
#9494=DIRECTION('',(0.,1.,0.));
#9495=DIRECTION('',(0.,1.,0.));
#9496=DIRECTION('',(0.,1.,0.));
#9497=DIRECTION('',(0.,1.,0.));
#9498=DIRECTION('',(-1.,0.,0.));
#9499=DIRECTION('',(0.,1.,0.));
#9500=DIRECTION('',(0.,1.,0.));
#9501=DIRECTION('',(0.,0.,1.));
#9502=DIRECTION('',(0.,1.,0.));
#9503=DIRECTION('',(0.,1.,0.));
#9504=DIRECTION('',(0.123225347130694,0.,0.992378714919118));
#9505=DIRECTION('',(0.,1.,0.));
#9506=DIRECTION('',(0.,1.,0.));
#9507=DIRECTION('',(0.,0.,1.));
#9508=DIRECTION('',(0.,1.,0.));
#9509=DIRECTION('',(0.,1.,0.));
#9510=DIRECTION('',(-1.,0.,0.));
#9511=DIRECTION('',(0.,1.,0.));
#9512=DIRECTION('',(0.,1.,0.));
#9513=DIRECTION('',(0.,0.,1.));
#9514=DIRECTION('',(-0.995893206467703,0.,-0.0905357460425241));
#9515=DIRECTION('',(-0.0905357460425241,0.,0.995893206467704));
#9516=DIRECTION('',(0.,1.,0.));
#9517=DIRECTION('',(-0.0905357460425241,0.,0.995893206467703));
#9518=DIRECTION('',(0.,1.,0.));
#9519=DIRECTION('',(0.,1.,0.));
#9520=DIRECTION('',(0.,1.,0.));
#9521=DIRECTION('',(0.,1.,0.));
#9522=DIRECTION('',(0.,1.,0.));
#9523=DIRECTION('',(0.,0.,1.));
#9524=DIRECTION('',(0.,-1.,0.));
#9525=DIRECTION('',(1.,0.,0.));
#9526=DIRECTION('',(0.,1.,0.));
#9527=DIRECTION('',(1.,0.,0.));
#9528=DIRECTION('',(0.,0.,-1.));
#9529=DIRECTION('',(0.,1.,0.));
#9530=DIRECTION('',(-1.,0.,0.));
#9531=DIRECTION('',(0.,1.,0.));
#9532=DIRECTION('',(1.,0.,0.));
#9533=DIRECTION('',(0.,1.,0.));
#9534=DIRECTION('',(1.,0.,0.));
#9535=DIRECTION('',(0.,0.,-1.));
#9536=DIRECTION('',(0.,1.,0.));
#9537=DIRECTION('',(0.,1.,0.));
#9538=DIRECTION('',(-1.,0.,0.));
#9539=DIRECTION('',(0.,1.,0.));
#9540=DIRECTION('',(-0.978861638090572,0.,-0.204523576818522));
#9541=DIRECTION('',(-0.204523576818522,0.,0.978861638090572));
#9542=DIRECTION('',(0.,1.,0.));
#9543=DIRECTION('',(-0.204523576818522,0.,0.978861638090572));
#9544=DIRECTION('',(0.,1.,0.));
#9545=DIRECTION('',(0.,1.,0.));
#9546=DIRECTION('',(0.,1.,0.));
#9547=DIRECTION('',(0.,1.,0.));
#9548=DIRECTION('',(0.,0.,1.));
#9549=DIRECTION('',(0.,-1.,0.));
#9550=DIRECTION('',(0.,1.,0.));
#9551=DIRECTION('',(1.,0.,0.));
#9552=DIRECTION('',(-0.994837311081189,0.,-0.101482631424047));
#9553=DIRECTION('',(-0.101482631424047,0.,0.994837311081189));
#9554=DIRECTION('',(0.,1.,0.));
#9555=DIRECTION('',(-0.101482631424047,0.,0.994837311081189));
#9556=DIRECTION('',(0.,0.,1.));
#9557=DIRECTION('',(0.,-1.,0.));
#9558=DIRECTION('',(0.,1.,0.));
#9559=DIRECTION('',(1.,0.,0.));
#9560=DIRECTION('',(0.978299523231319,0.,0.207195663191522));
#9561=DIRECTION('',(0.207195663191522,0.,-0.978299523231319));
#9562=DIRECTION('',(0.,1.,0.));
#9563=DIRECTION('',(0.207195663191522,0.,-0.978299523231319));
#9564=DIRECTION('',(0.,0.,-1.));
#9565=DIRECTION('',(0.,1.,0.));
#9566=DIRECTION('',(0.,1.,0.));
#9567=DIRECTION('',(-1.,0.,0.));
#9568=DIRECTION('',(-0.978225807514783,0.,-0.207543415968927));
#9569=DIRECTION('',(-0.207543415968927,0.,0.978225807514783));
#9570=DIRECTION('',(0.,1.,0.));
#9571=DIRECTION('',(-0.207543415968927,0.,0.978225807514783));
#9572=DIRECTION('',(0.,1.,0.));
#9573=DIRECTION('',(0.,1.,0.));
#9574=DIRECTION('',(0.,1.,0.));
#9575=DIRECTION('',(0.,1.,0.));
#9576=DIRECTION('',(0.991839585895851,0.,0.127492101127663));
#9577=DIRECTION('',(0.,1.,0.));
#9578=DIRECTION('',(0.,1.,0.));
#9579=DIRECTION('',(0.,0.,1.));
#9580=DIRECTION('',(0.978712289241739,0.,0.205237069963481));
#9581=DIRECTION('',(0.205237069963481,0.,-0.978712289241739));
#9582=DIRECTION('',(0.205237069963481,0.,-0.978712289241739));
#9583=DIRECTION('',(0.,1.,0.));
#9584=DIRECTION('',(1.,0.,0.));
#9585=DIRECTION('',(0.,1.,0.));
#9586=DIRECTION('',(-0.301810137927166,0.,-0.953368050987857));
#9587=DIRECTION('',(0.,1.,0.));
#9588=DIRECTION('',(0.,1.,0.));
#9589=DIRECTION('',(0.,0.,1.));
#9590=DIRECTION('',(0.,1.,0.));
#9591=DIRECTION('',(0.,1.,0.));
#9592=DIRECTION('',(0.,1.,0.));
#9593=DIRECTION('',(0.,1.,0.));
#9594=DIRECTION('',(0.978017495356454,0.,0.208522849531387));
#9595=DIRECTION('',(0.208522849531387,0.,-0.978017495356454));
#9596=DIRECTION('',(0.,1.,0.));
#9597=DIRECTION('',(0.208522849531387,0.,-0.978017495356454));
#9598=DIRECTION('',(0.,0.,-1.));
#9599=DIRECTION('',(0.,1.,0.));
#9600=DIRECTION('',(0.,1.,0.));
#9601=DIRECTION('',(-1.,0.,0.));
#9602=DIRECTION('',(-0.978345017154752,0.,-0.206980741636676));
#9603=DIRECTION('',(-0.206980741636676,0.,0.978345017154752));
#9604=DIRECTION('',(0.,1.,0.));
#9605=DIRECTION('',(-0.206980741636677,0.,0.978345017154752));
#9606=DIRECTION('',(0.,0.,1.));
#9607=DIRECTION('',(0.,-1.,0.));
#9608=DIRECTION('',(0.,1.,0.));
#9609=DIRECTION('',(1.,0.,0.));
#9610=DIRECTION('',(0.,1.,0.));
#9611=DIRECTION('',(0.,1.,0.));
#9612=DIRECTION('',(0.,1.,0.));
#9613=DIRECTION('',(0.,1.,0.));
#9614=DIRECTION('',(0.,1.,0.));
#9615=DIRECTION('',(0.,1.,0.));
#9616=DIRECTION('',(0.,1.,0.));
#9617=DIRECTION('',(0.,1.,0.));
#9618=DIRECTION('',(0.,1.,0.));
#9619=DIRECTION('',(0.,0.,1.));
#9620=DIRECTION('',(0.,-1.,0.));
#9621=DIRECTION('',(0.,1.,0.));
#9622=DIRECTION('',(1.,0.,0.));
#9623=DIRECTION('',(0.979784779581047,0.,0.200054456839427));
#9624=DIRECTION('',(0.200054456839427,0.,-0.979784779581048));
#9625=DIRECTION('',(0.,1.,0.));
#9626=DIRECTION('',(0.200054456839427,0.,-0.979784779581047));
#9627=DIRECTION('',(0.,0.,-1.));
#9628=DIRECTION('',(0.,1.,0.));
#9629=DIRECTION('',(0.,1.,0.));
#9630=DIRECTION('',(-1.,0.,0.));
#9631=DIRECTION('',(-0.978017495356454,0.,-0.208522849531387));
#9632=DIRECTION('',(-0.208522849531387,0.,0.978017495356454));
#9633=DIRECTION('',(0.,1.,0.));
#9634=DIRECTION('',(-0.208522849531387,0.,0.978017495356454));
#9635=DIRECTION('',(0.,1.,0.));
#9636=DIRECTION('',(-0.836018136984938,0.,0.548701808482744));
#9637=DIRECTION('',(0.,1.,0.));
#9638=DIRECTION('',(0.,1.,0.));
#9639=DIRECTION('',(0.,0.,1.));
#9640=DIRECTION('',(0.,1.,0.));
#9641=DIRECTION('',(0.,1.,0.));
#9642=DIRECTION('',(-0.978583474815995,0.,-0.205850389402238));
#9643=DIRECTION('',(0.,1.,0.));
#9644=DIRECTION('',(0.,1.,0.));
#9645=DIRECTION('',(0.,0.,1.));
#9646=DIRECTION('',(0.,1.,0.));
#9647=DIRECTION('',(1.,0.,0.));
#9648=DIRECTION('',(-1.14882349402438E-16,0.,-1.));
#9649=DIRECTION('',(-1.,0.,1.14882349402438E-16));
#9650=DIRECTION('',(0.,1.,0.));
#9651=DIRECTION('',(-1.,0.,1.14882349402438E-16));
#9652=DIRECTION('',(0.,1.,0.));
#9653=DIRECTION('',(1.,0.,0.));
#9654=DIRECTION('',(0.,-1.,0.));
#9655=DIRECTION('',(0.,1.,0.));
#9656=DIRECTION('',(0.,0.,-1.));
#9657=DIRECTION('',(-1.14882349402438E-16,0.,-1.));
#9658=DIRECTION('',(-1.,0.,1.14882349402438E-16));
#9659=DIRECTION('',(0.,1.,0.));
#9660=DIRECTION('',(-1.,0.,1.14882349402438E-16));
#9661=DIRECTION('',(1.,0.,0.));
#9662=DIRECTION('',(0.,-1.,0.));
#9663=DIRECTION('',(0.,0.,-1.));
#9664=DIRECTION('',(0.,1.,0.));
#9665=DIRECTION('',(1.,0.,0.));
#9666=DIRECTION('',(-1.23467863058847E-16,0.,-1.));
#9667=DIRECTION('',(-1.,0.,1.23467863058847E-16));
#9668=DIRECTION('',(0.,1.,0.));
#9669=DIRECTION('',(-1.,0.,1.23467863058847E-16));
#9670=DIRECTION('',(0.,1.,0.));
#9671=DIRECTION('',(1.,0.,0.));
#9672=DIRECTION('',(0.,-1.,0.));
#9673=DIRECTION('',(0.,1.,0.));
#9674=DIRECTION('',(0.,0.,-1.));
#9675=DIRECTION('',(-1.2303003375722E-16,0.,-1.));
#9676=DIRECTION('',(-1.,0.,1.2303003375722E-16));
#9677=DIRECTION('',(0.,1.,0.));
#9678=DIRECTION('',(-1.,0.,1.2303003375722E-16));
#9679=DIRECTION('',(1.,0.,0.));
#9680=DIRECTION('',(0.,-1.,0.));
#9681=DIRECTION('',(0.,0.,-1.));
#9682=DIRECTION('',(0.,1.,0.));
#9683=DIRECTION('',(1.,0.,0.));
#9684=DIRECTION('',(0.,0.,-1.));
#9685=DIRECTION('',(0.,1.,0.));
#9686=DIRECTION('',(0.,1.,0.));
#9687=DIRECTION('',(-1.,0.,0.));
#9688=DIRECTION('',(0.,1.,0.));
#9689=DIRECTION('',(1.,0.,0.));
#9690=DIRECTION('',(0.,-1.,0.));
#9691=DIRECTION('',(0.,1.,0.));
#9692=DIRECTION('',(0.,0.,-1.));
#9693=DIRECTION('',(0.,0.,-1.));
#9694=DIRECTION('',(0.,1.,0.));
#9695=DIRECTION('',(0.,1.,0.));
#9696=DIRECTION('',(-1.,0.,0.));
#9697=DIRECTION('',(1.,0.,0.));
#9698=DIRECTION('',(0.,-1.,0.));
#9699=DIRECTION('',(0.,0.,-1.));
#9700=DIRECTION('',(0.,1.,0.));
#9701=DIRECTION('',(1.,0.,0.));
#9702=DIRECTION('',(0.,0.,-1.));
#9703=DIRECTION('',(0.,1.,0.));
#9704=DIRECTION('',(0.,1.,0.));
#9705=DIRECTION('',(-1.,0.,0.));
#9706=DIRECTION('',(0.,1.,0.));
#9707=DIRECTION('',(1.,0.,0.));
#9708=DIRECTION('',(0.,-1.,0.));
#9709=DIRECTION('',(0.,1.,0.));
#9710=DIRECTION('',(0.,0.,-1.));
#9711=DIRECTION('',(1.71754799601664E-16,0.,-1.));
#9712=DIRECTION('',(-1.,0.,-1.71754799601664E-16));
#9713=DIRECTION('',(0.,1.,0.));
#9714=DIRECTION('',(-1.,0.,-1.71754799601664E-16));
#9715=DIRECTION('',(1.,0.,0.));
#9716=DIRECTION('',(0.,-1.,0.));
#9717=DIRECTION('',(0.,0.,-1.));
#9718=DIRECTION('',(0.,1.,0.));
#9719=DIRECTION('',(1.,0.,0.));
#9720=DIRECTION('',(0.,0.,-1.));
#9721=DIRECTION('',(0.,1.,0.));
#9722=DIRECTION('',(0.,1.,0.));
#9723=DIRECTION('',(-1.,0.,0.));
#9724=DIRECTION('',(0.,1.,0.));
#9725=DIRECTION('',(1.,0.,0.));
#9726=DIRECTION('',(0.,-1.,0.));
#9727=DIRECTION('',(0.,1.,0.));
#9728=DIRECTION('',(0.,0.,-1.));
#9729=DIRECTION('',(2.14163392095902E-16,0.,-1.));
#9730=DIRECTION('',(-1.,0.,-2.14163392095902E-16));
#9731=DIRECTION('',(0.,1.,0.));
#9732=DIRECTION('',(-1.,0.,-2.14163392095902E-16));
#9733=DIRECTION('',(1.,0.,0.));
#9734=DIRECTION('',(0.,-1.,0.));
#9735=DIRECTION('',(0.,0.,-1.));
#9736=DIRECTION('',(0.,1.,0.));
#9737=DIRECTION('',(1.,0.,0.));
#9738=DIRECTION('',(0.,0.,-1.));
#9739=DIRECTION('',(0.,1.,0.));
#9740=DIRECTION('',(0.,1.,0.));
#9741=DIRECTION('',(-1.,0.,0.));
#9742=DIRECTION('',(0.,1.,0.));
#9743=DIRECTION('',(1.,0.,0.));
#9744=DIRECTION('',(0.,-1.,0.));
#9745=DIRECTION('',(0.,1.,0.));
#9746=DIRECTION('',(0.,0.,-1.));
#9747=DIRECTION('',(0.,0.,-1.));
#9748=DIRECTION('',(0.,1.,0.));
#9749=DIRECTION('',(0.,1.,0.));
#9750=DIRECTION('',(-1.,0.,0.));
#9751=DIRECTION('',(1.,0.,0.));
#9752=DIRECTION('',(0.,-1.,0.));
#9753=DIRECTION('',(0.,0.,-1.));
#9754=DIRECTION('',(0.,1.,0.));
#9755=DIRECTION('',(1.,0.,0.));
#9756=DIRECTION('',(0.,0.,-1.));
#9757=DIRECTION('',(0.,1.,0.));
#9758=DIRECTION('',(0.,1.,0.));
#9759=DIRECTION('',(-1.,0.,0.));
#9760=DIRECTION('',(0.,1.,0.));
#9761=DIRECTION('',(1.,0.,0.));
#9762=DIRECTION('',(0.,-1.,0.));
#9763=DIRECTION('',(0.,1.,0.));
#9764=DIRECTION('',(0.,0.,-1.));
#9765=DIRECTION('',(0.,0.,-1.));
#9766=DIRECTION('',(0.,1.,0.));
#9767=DIRECTION('',(0.,1.,0.));
#9768=DIRECTION('',(-1.,0.,0.));
#9769=DIRECTION('',(1.,0.,0.));
#9770=DIRECTION('',(0.,-1.,0.));
#9771=DIRECTION('',(0.,0.,-1.));
#9772=DIRECTION('',(0.,1.,0.));
#9773=DIRECTION('',(1.,0.,0.));
#9774=DIRECTION('',(0.,0.,-1.));
#9775=DIRECTION('',(0.,1.,0.));
#9776=DIRECTION('',(0.,1.,0.));
#9777=DIRECTION('',(-1.,0.,0.));
#9778=DIRECTION('',(0.,1.,0.));
#9779=DIRECTION('',(1.,0.,0.));
#9780=DIRECTION('',(0.,-1.,0.));
#9781=DIRECTION('',(0.,1.,0.));
#9782=DIRECTION('',(0.,0.,-1.));
#9783=DIRECTION('',(0.,0.,-1.));
#9784=DIRECTION('',(0.,1.,0.));
#9785=DIRECTION('',(0.,1.,0.));
#9786=DIRECTION('',(-1.,0.,0.));
#9787=DIRECTION('',(1.,0.,0.));
#9788=DIRECTION('',(0.,-1.,0.));
#9789=DIRECTION('',(0.,0.,-1.));
#9790=DIRECTION('',(0.,1.,0.));
#9791=DIRECTION('',(1.,0.,0.));
#9792=DIRECTION('',(1.,0.,3.25260651745651E-16));
#9793=DIRECTION('',(3.25260651745651E-16,0.,-1.));
#9794=DIRECTION('',(0.,1.,0.));
#9795=DIRECTION('',(3.25260651745651E-16,0.,-1.));
#9796=DIRECTION('',(0.,1.,0.));
#9797=DIRECTION('',(0.,0.,-1.));
#9798=DIRECTION('',(0.,1.,0.));
#9799=DIRECTION('',(0.,1.,0.));
#9800=DIRECTION('',(-1.,0.,0.));
#9801=DIRECTION('',(1.,0.,3.25260651745651E-16));
#9802=DIRECTION('',(3.25260651745651E-16,0.,-1.));
#9803=DIRECTION('',(0.,1.,0.));
#9804=DIRECTION('',(3.25260651745651E-16,0.,-1.));
#9805=DIRECTION('',(0.,0.,-1.));
#9806=DIRECTION('',(0.,1.,0.));
#9807=DIRECTION('',(-1.,0.,0.));
#9808=DIRECTION('',(0.,1.,0.));
#9809=DIRECTION('',(1.,0.,0.));
#9810=DIRECTION('',(-0.999999999988961,0.,4.69868364801657E-6));
#9811=DIRECTION('',(4.69868364801657E-6,0.,0.999999999988961));
#9812=DIRECTION('',(0.,1.,0.));
#9813=DIRECTION('',(0.,1.,0.));
#9814=DIRECTION('',(4.69868364784457E-6,0.,0.999999999988961));
#9815=DIRECTION('',(0.999999999988961,0.,-4.69868364784457E-6));
#9816=DIRECTION('',(0.,1.,0.));
#9817=DIRECTION('',(0.,1.,0.));
#9818=DIRECTION('',(0.999999999988961,0.,-4.69868364727312E-6));
#9819=DIRECTION('',(-4.69868364727312E-6,0.,-0.999999999988961));
#9820=DIRECTION('',(0.,1.,0.));
#9821=DIRECTION('',(0.,1.,0.));
#9822=DIRECTION('',(0.,1.,0.));
#9823=DIRECTION('',(1.,0.,0.));
#9824=DIRECTION('',(0.,-1.,0.));
#9825=DIRECTION('',(-1.,0.,0.));
#9826=DIRECTION('',(0.,-1.,0.));
#9827=DIRECTION('',(-1.,0.,0.));
#9828=DIRECTION('',(0.,-1.,0.));
#9829=DIRECTION('',(-1.,0.,0.));
#9830=DIRECTION('',(0.,-1.,0.));
#9831=DIRECTION('',(-1.,0.,0.));
#9832=DIRECTION('',(0.,1.,0.));
#9833=DIRECTION('',(1.,0.,0.));
#9834=DIRECTION('',(0.,1.,0.));
#9835=DIRECTION('',(1.,0.,0.));
#9836=DIRECTION('',(0.,1.,0.));
#9837=DIRECTION('',(1.,0.,0.));
#9838=DIRECTION('',(0.,-1.,0.));
#9839=DIRECTION('',(-1.,0.,0.));
#9840=DIRECTION('',(0.,-1.,0.));
#9841=DIRECTION('',(-1.,0.,0.));
#9842=CARTESIAN_POINT('',(0.,0.,0.));
#9843=CARTESIAN_POINT('',(-2.36946650586378E-6,0.0012,0.000136848782026328));
#9844=CARTESIAN_POINT('',(-0.06535,0.0012,-0.0224));
#9845=CARTESIAN_POINT('',(-0.06685,0.0012,-0.0224));
#9846=CARTESIAN_POINT('',(-0.06535,0.0012,-0.0239));
#9847=CARTESIAN_POINT('',(-2.36946650586378E-6,0.0012,-0.0239));
#9848=CARTESIAN_POINT('',(-0.05455,0.0012,-0.0239));
#9849=CARTESIAN_POINT('',(-0.05455,0.0012,-0.0224));
#9850=CARTESIAN_POINT('',(-0.05305,0.0012,-0.0224));
#9851=CARTESIAN_POINT('',(-0.05305,0.0012,0.000136848782026328));
#9852=CARTESIAN_POINT('',(-0.05305,0.0012,-0.0116));
#9853=CARTESIAN_POINT('',(-0.05455,0.0012,-0.0116));
#9854=CARTESIAN_POINT('',(-0.05455,0.0012,-0.0101));
#9855=CARTESIAN_POINT('',(-2.36946650586378E-6,0.0012,-0.0101));
#9856=CARTESIAN_POINT('',(-0.06535,0.0012,-0.0101));
#9857=CARTESIAN_POINT('',(-0.06535,0.0012,-0.0116));
#9858=CARTESIAN_POINT('',(-0.06685,0.0012,-0.0116));
#9859=CARTESIAN_POINT('',(-0.06685,0.0012,0.000136848782026328));
#9860=CARTESIAN_POINT('',(-0.04735,0.0012,-0.0224));
#9861=CARTESIAN_POINT('',(-0.04885,0.0012,-0.0224));
#9862=CARTESIAN_POINT('',(-0.04735,0.0012,-0.0239));
#9863=CARTESIAN_POINT('',(-2.36946650586378E-6,0.0012,-0.0239));
#9864=CARTESIAN_POINT('',(-0.03655,0.0012,-0.0239));
#9865=CARTESIAN_POINT('',(-0.03655,0.0012,-0.0224));
#9866=CARTESIAN_POINT('',(-0.03505,0.0012,-0.0224));
#9867=CARTESIAN_POINT('',(-0.03505,0.0012,0.000136848782026328));
#9868=CARTESIAN_POINT('',(-0.03505,0.0012,-0.0116));
#9869=CARTESIAN_POINT('',(-0.03655,0.0012,-0.0116));
#9870=CARTESIAN_POINT('',(-0.03655,0.0012,-0.0101));
#9871=CARTESIAN_POINT('',(-2.36946650586214E-6,0.0012,-0.0101));
#9872=CARTESIAN_POINT('',(-0.04735,0.0012,-0.0101));
#9873=CARTESIAN_POINT('',(-0.04735,0.0012,-0.0116));
#9874=CARTESIAN_POINT('',(-0.04885,0.0012,-0.0116));
#9875=CARTESIAN_POINT('',(-0.04885,0.0012,0.000136848782026328));
#9876=CARTESIAN_POINT('',(-0.02935,0.0012,-0.0224));
#9877=CARTESIAN_POINT('',(-0.03085,0.0012,-0.0224));
#9878=CARTESIAN_POINT('',(-0.02935,0.0012,-0.0239));
#9879=CARTESIAN_POINT('',(-2.36946650586378E-6,0.0012,-0.0239));
#9880=CARTESIAN_POINT('',(-0.01855,0.0012,-0.0239));
#9881=CARTESIAN_POINT('',(-0.01855,0.0012,-0.0224));
#9882=CARTESIAN_POINT('',(-0.01705,0.0012,-0.0224));
#9883=CARTESIAN_POINT('',(-0.01705,0.0012,0.000136848782026322));
#9884=CARTESIAN_POINT('',(-0.01705,0.0012,-0.0116));
#9885=CARTESIAN_POINT('',(-0.01855,0.0012,-0.0116));
#9886=CARTESIAN_POINT('',(-0.01855,0.0012,-0.0101));
#9887=CARTESIAN_POINT('',(-2.36946650586214E-6,0.0012,-0.0101));
#9888=CARTESIAN_POINT('',(-0.02935,0.0012,-0.0101));
#9889=CARTESIAN_POINT('',(-0.02935,0.0012,-0.0116));
#9890=CARTESIAN_POINT('',(-0.03085,0.0012,-0.0116));
#9891=CARTESIAN_POINT('',(-0.03085,0.0012,0.000136848782026318));
#9892=CARTESIAN_POINT('',(0.02945,0.0012,0.0116));
#9893=CARTESIAN_POINT('',(0.02945,0.0012,0.0101));
#9894=CARTESIAN_POINT('',(0.03095,0.0012,0.0116));
#9895=CARTESIAN_POINT('',(0.03095,0.0012,0.000136848782026328));
#9896=CARTESIAN_POINT('',(0.03095,0.0012,0.0224));
#9897=CARTESIAN_POINT('',(0.02945,0.0012,0.0224));
#9898=CARTESIAN_POINT('',(0.02945,0.0012,0.0239));
#9899=CARTESIAN_POINT('',(-2.36946650586378E-6,0.0012,0.0239));
#9900=CARTESIAN_POINT('',(0.01865,0.0012,0.0239));
#9901=CARTESIAN_POINT('',(0.01865,0.0012,0.0224));
#9902=CARTESIAN_POINT('',(0.01715,0.0012,0.0224));
#9903=CARTESIAN_POINT('',(0.01715,0.0012,0.000136848782026328));
#9904=CARTESIAN_POINT('',(0.01715,0.0012,0.0116));
#9905=CARTESIAN_POINT('',(0.01865,0.0012,0.0116));
#9906=CARTESIAN_POINT('',(0.01865,0.0012,0.0101));
#9907=CARTESIAN_POINT('',(-2.36946650586378E-6,0.0012,0.0101));
#9908=CARTESIAN_POINT('',(0.01715,0.0012,0.000136848782026328));
#9909=CARTESIAN_POINT('',(0.01715,0.0012,-0.0054));
#9910=CARTESIAN_POINT('',(0.01715,0.0012,0.0054));
#9911=CARTESIAN_POINT('',(0.01865,0.0012,-0.0054));
#9912=CARTESIAN_POINT('',(0.01865,0.0012,-0.0069));
#9913=CARTESIAN_POINT('',(-2.36946650586491E-6,0.0012,-0.0069));
#9914=CARTESIAN_POINT('',(0.02945,0.0012,-0.0069));
#9915=CARTESIAN_POINT('',(0.02945,0.0012,-0.0054));
#9916=CARTESIAN_POINT('',(0.03095,0.0012,-0.0054));
#9917=CARTESIAN_POINT('',(0.03095,0.0012,0.000136848782026328));
#9918=CARTESIAN_POINT('',(0.03095,0.0012,0.0054));
#9919=CARTESIAN_POINT('',(0.02945,0.0012,0.0054));
#9920=CARTESIAN_POINT('',(0.02945,0.0012,0.0069));
#9921=CARTESIAN_POINT('',(-2.36946650586324E-6,0.0012,0.0069));
#9922=CARTESIAN_POINT('',(0.01865,0.0012,0.0069));
#9923=CARTESIAN_POINT('',(0.01865,0.0012,0.0054));
#9924=CARTESIAN_POINT('',(0.03665,0.0012,0.0116));
#9925=CARTESIAN_POINT('',(0.03515,0.0012,0.0116));
#9926=CARTESIAN_POINT('',(0.03665,0.0012,0.0101));
#9927=CARTESIAN_POINT('',(-2.36946650586378E-6,0.0012,0.0101));
#9928=CARTESIAN_POINT('',(0.04745,0.0012,0.0101));
#9929=CARTESIAN_POINT('',(0.04745,0.0012,0.0116));
#9930=CARTESIAN_POINT('',(0.04895,0.0012,0.0116));
#9931=CARTESIAN_POINT('',(0.04895,0.0012,0.000136848782026328));
#9932=CARTESIAN_POINT('',(0.04895,0.0012,0.0224));
#9933=CARTESIAN_POINT('',(0.04745,0.0012,0.0224));
#9934=CARTESIAN_POINT('',(0.04745,0.0012,0.0239));
#9935=CARTESIAN_POINT('',(-2.36946650586378E-6,0.0012,0.0239));
#9936=CARTESIAN_POINT('',(0.03665,0.0012,0.0239));
#9937=CARTESIAN_POINT('',(0.03665,0.0012,0.0224));
#9938=CARTESIAN_POINT('',(0.03515,0.0012,0.0224));
#9939=CARTESIAN_POINT('',(0.03515,0.0012,0.000136848782026328));
#9940=CARTESIAN_POINT('',(-0.06535,0.0012,-0.0054));
#9941=CARTESIAN_POINT('',(-0.06685,0.0012,-0.0054));
#9942=CARTESIAN_POINT('',(-0.06535,0.0012,-0.0069));
#9943=CARTESIAN_POINT('',(-2.36946650586265E-6,0.0012,-0.0069));
#9944=CARTESIAN_POINT('',(-0.05455,0.0012,-0.0069));
#9945=CARTESIAN_POINT('',(-0.05455,0.0012,-0.0054));
#9946=CARTESIAN_POINT('',(-0.05305,0.0012,-0.0054));
#9947=CARTESIAN_POINT('',(-0.05305,0.0012,0.000136848782026328));
#9948=CARTESIAN_POINT('',(-0.05305,0.0012,0.0054));
#9949=CARTESIAN_POINT('',(-0.05455,0.0012,0.0054));
#9950=CARTESIAN_POINT('',(-0.05455,0.0012,0.0069));
#9951=CARTESIAN_POINT('',(-2.36946650586432E-6,0.0012,0.0069));
#9952=CARTESIAN_POINT('',(-0.06535,0.0012,0.0069));
#9953=CARTESIAN_POINT('',(-0.06535,0.0012,0.0054));
#9954=CARTESIAN_POINT('',(-0.06685,0.0012,0.0054));
#9955=CARTESIAN_POINT('',(-0.06685,0.0012,0.000136848782026328));
#9956=CARTESIAN_POINT('',(-0.03085,0.0012,0.000136848782026318));
#9957=CARTESIAN_POINT('',(-0.03085,0.0012,-0.0054));
#9958=CARTESIAN_POINT('',(-0.03085,0.0012,0.0054));
#9959=CARTESIAN_POINT('',(-0.02935,0.0012,-0.0054));
#9960=CARTESIAN_POINT('',(-0.02935,0.0012,-0.0069));
#9961=CARTESIAN_POINT('',(-2.36946650586265E-6,0.0012,-0.0069));
#9962=CARTESIAN_POINT('',(-0.01855,0.0012,-0.0069));
#9963=CARTESIAN_POINT('',(-0.01855,0.0012,-0.0054));
#9964=CARTESIAN_POINT('',(-0.01705,0.0012,-0.0054));
#9965=CARTESIAN_POINT('',(-0.01705,0.0012,0.000136848782026322));
#9966=CARTESIAN_POINT('',(-0.01705,0.0012,0.0054));
#9967=CARTESIAN_POINT('',(-0.01855,0.0012,0.0054));
#9968=CARTESIAN_POINT('',(-0.01855,0.0012,0.0069));
#9969=CARTESIAN_POINT('',(-2.36946650586432E-6,0.0012,0.0069));
#9970=CARTESIAN_POINT('',(-0.02935,0.0012,0.0069));
#9971=CARTESIAN_POINT('',(-0.02935,0.0012,0.0054));
#9972=CARTESIAN_POINT('',(0.08915,0.0012,0.000136848782026328));
#9973=CARTESIAN_POINT('',(0.08915,0.0012,-0.0224));
#9974=CARTESIAN_POINT('',(0.08915,0.0012,-0.0116));
#9975=CARTESIAN_POINT('',(0.09065,0.0012,-0.0224));
#9976=CARTESIAN_POINT('',(0.09065,0.0012,-0.0239));
#9977=CARTESIAN_POINT('',(-2.36946650586378E-6,0.0012,-0.0239));
#9978=CARTESIAN_POINT('',(0.10145,0.0012,-0.0239));
#9979=CARTESIAN_POINT('',(0.10145,0.0012,-0.0224));
#9980=CARTESIAN_POINT('',(0.10295,0.0012,-0.0224));
#9981=CARTESIAN_POINT('',(0.10295,0.0012,0.000136848782026328));
#9982=CARTESIAN_POINT('',(0.10295,0.0012,-0.0116));
#9983=CARTESIAN_POINT('',(0.10145,0.0012,-0.0116));
#9984=CARTESIAN_POINT('',(0.10145,0.0012,-0.0101));
#9985=CARTESIAN_POINT('',(-2.36946650586378E-6,0.0012,-0.0101));
#9986=CARTESIAN_POINT('',(0.09065,0.0012,-0.0101));
#9987=CARTESIAN_POINT('',(0.09065,0.0012,-0.0116));
#9988=CARTESIAN_POINT('',(0.03515,0.0012,0.000136848782026328));
#9989=CARTESIAN_POINT('',(0.03515,0.0012,-0.0224));
#9990=CARTESIAN_POINT('',(0.03515,0.0012,-0.0116));
#9991=CARTESIAN_POINT('',(0.03665,0.0012,-0.0224));
#9992=CARTESIAN_POINT('',(0.03665,0.0012,-0.0239));
#9993=CARTESIAN_POINT('',(-2.36946650586378E-6,0.0012,-0.0239));
#9994=CARTESIAN_POINT('',(0.04745,0.0012,-0.0239));
#9995=CARTESIAN_POINT('',(0.04745,0.0012,-0.0224));
#9996=CARTESIAN_POINT('',(0.04895,0.0012,-0.0224));
#9997=CARTESIAN_POINT('',(0.04895,0.0012,0.000136848782026328));
#9998=CARTESIAN_POINT('',(0.04895,0.0012,-0.0116));
#9999=CARTESIAN_POINT('',(0.04745,0.0012,-0.0116));
#10000=CARTESIAN_POINT('',(0.04745,0.0012,-0.0101));
#10001=CARTESIAN_POINT('',(-2.36946650586378E-6,0.0012,-0.0101));
#10002=CARTESIAN_POINT('',(0.03665,0.0012,-0.0101));
#10003=CARTESIAN_POINT('',(0.03665,0.0012,-0.0116));
#10004=CARTESIAN_POINT('',(0.06545,0.0012,-0.0054));
#10005=CARTESIAN_POINT('',(0.06545,0.0012,-0.0069));
#10006=CARTESIAN_POINT('',(0.06695,0.0012,-0.0054));
#10007=CARTESIAN_POINT('',(0.06695,0.0012,0.000136848782026328));
#10008=CARTESIAN_POINT('',(0.06695,0.0012,0.0054));
#10009=CARTESIAN_POINT('',(0.06545,0.0012,0.0054));
#10010=CARTESIAN_POINT('',(0.06545,0.0012,0.0069));
#10011=CARTESIAN_POINT('',(-2.36946650586324E-6,0.0012,0.0069));
#10012=CARTESIAN_POINT('',(0.05465,0.0012,0.0069));
#10013=CARTESIAN_POINT('',(0.05465,0.0012,0.0054));
#10014=CARTESIAN_POINT('',(0.05315,0.0012,0.0054));
#10015=CARTESIAN_POINT('',(0.05315,0.0012,0.000136848782026328));
#10016=CARTESIAN_POINT('',(0.05315,0.0012,-0.0054));
#10017=CARTESIAN_POINT('',(0.05465,0.0012,-0.0054));
#10018=CARTESIAN_POINT('',(0.05465,0.0012,-0.0069));
#10019=CARTESIAN_POINT('',(-2.36946650586491E-6,0.0012,-0.0069));
#10020=CARTESIAN_POINT('',(0.07115,0.0012,0.000136848782026328));
#10021=CARTESIAN_POINT('',(0.07115,0.0012,-0.0224));
#10022=CARTESIAN_POINT('',(0.07115,0.0012,-0.0116));
#10023=CARTESIAN_POINT('',(0.07265,0.0012,-0.0224));
#10024=CARTESIAN_POINT('',(0.07265,0.0012,-0.0239));
#10025=CARTESIAN_POINT('',(-2.36946650586378E-6,0.0012,-0.0239));
#10026=CARTESIAN_POINT('',(0.08345,0.0012,-0.0239));
#10027=CARTESIAN_POINT('',(0.08345,0.0012,-0.0224));
#10028=CARTESIAN_POINT('',(0.08495,0.0012,-0.0224));
#10029=CARTESIAN_POINT('',(0.08495,0.0012,0.000136848782026328));
#10030=CARTESIAN_POINT('',(0.08495,0.0012,-0.0116));
#10031=CARTESIAN_POINT('',(0.08345,0.0012,-0.0116));
#10032=CARTESIAN_POINT('',(0.08345,0.0012,-0.0101));
#10033=CARTESIAN_POINT('',(-2.36946650586542E-6,0.0012,-0.0101));
#10034=CARTESIAN_POINT('',(0.07265,0.0012,-0.0101));
#10035=CARTESIAN_POINT('',(0.07265,0.0012,-0.0116));
#10036=CARTESIAN_POINT('',(0.0021,0.0012,0.0199344577333013));
#10037=CARTESIAN_POINT('',(0.0021,0.0012,0.0204344577333013));
#10038=CARTESIAN_POINT('',(0.0021,0.0012,0.0194344577333013));
#10039=CARTESIAN_POINT('',(-0.00105,0.0012,0.0204344577333013));
#10040=CARTESIAN_POINT('',(-0.0021,0.0012,0.0204344577333013));
#10041=CARTESIAN_POINT('',(-0.0021,0.0012,0.0199344577333013));
#10042=CARTESIAN_POINT('',(-0.0021,0.0012,0.0194344577333013));
#10043=CARTESIAN_POINT('',(0.00105,0.0012,0.0194344577333013));
#10044=CARTESIAN_POINT('',(0.0041,0.0012,0.0179344577333013));
#10045=CARTESIAN_POINT('',(0.0041,0.0012,0.0184344577333013));
#10046=CARTESIAN_POINT('',(0.0041,0.0012,0.0174344577333013));
#10047=CARTESIAN_POINT('',(-0.00205,0.0012,0.0184344577333013));
#10048=CARTESIAN_POINT('',(-0.0041,0.0012,0.0184344577333013));
#10049=CARTESIAN_POINT('',(-0.0041,0.0012,0.0179344577333013));
#10050=CARTESIAN_POINT('',(-0.0041,0.0012,0.0174344577333013));
#10051=CARTESIAN_POINT('',(0.00205,0.0012,0.0174344577333013));
#10052=CARTESIAN_POINT('',(0.0061,0.0012,0.0159344577333013));
#10053=CARTESIAN_POINT('',(0.0061,0.0012,0.0164344577333013));
#10054=CARTESIAN_POINT('',(0.0061,0.0012,0.0154344577333012));
#10055=CARTESIAN_POINT('',(-0.00305,0.0012,0.0164344577333013));
#10056=CARTESIAN_POINT('',(-0.0061,0.0012,0.0164344577333013));
#10057=CARTESIAN_POINT('',(-0.0061,0.0012,0.0159344577333013));
#10058=CARTESIAN_POINT('',(-0.0061,0.0012,0.0154344577333012));
#10059=CARTESIAN_POINT('',(0.00305,0.0012,0.0154344577333012));
#10060=CARTESIAN_POINT('',(0.0081,0.0012,0.0139344577333012));
#10061=CARTESIAN_POINT('',(0.0081,0.0012,0.0144344577333012));
#10062=CARTESIAN_POINT('',(0.0081,0.0012,0.0134344577333012));
#10063=CARTESIAN_POINT('',(-0.00405,0.0012,0.0144344577333012));
#10064=CARTESIAN_POINT('',(-0.0081,0.0012,0.0144344577333012));
#10065=CARTESIAN_POINT('',(-0.0081,0.0012,0.0139344577333012));
#10066=CARTESIAN_POINT('',(-0.0081,0.0012,0.0134344577333012));
#10067=CARTESIAN_POINT('',(0.00405,0.0012,0.0134344577333012));
#10068=CARTESIAN_POINT('',(0.0101,0.0012,0.0119344577333013));
#10069=CARTESIAN_POINT('',(0.0101,0.0012,0.0124344577333013));
#10070=CARTESIAN_POINT('',(0.0101,0.0012,0.0114344577333012));
#10071=CARTESIAN_POINT('',(-0.00505,0.0012,0.0124344577333012));
#10072=CARTESIAN_POINT('',(-0.0101,0.0012,0.0124344577333012));
#10073=CARTESIAN_POINT('',(-0.0101,0.0012,0.0119344577333012));
#10074=CARTESIAN_POINT('',(-0.0101,0.0012,0.0114344577333012));
#10075=CARTESIAN_POINT('',(0.00505,0.0012,0.0114344577333012));
#10076=CARTESIAN_POINT('',(0.0121,0.0012,0.00993445773330125));
#10077=CARTESIAN_POINT('',(0.0121,0.0012,0.0104344577333012));
#10078=CARTESIAN_POINT('',(0.0121,0.0012,0.00943445773330125));
#10079=CARTESIAN_POINT('',(-0.00605,0.0012,0.0104344577333012));
#10080=CARTESIAN_POINT('',(-0.0121,0.0012,0.0104344577333012));
#10081=CARTESIAN_POINT('',(-0.0121,0.0012,0.00993445773330125));
#10082=CARTESIAN_POINT('',(-0.0121,0.0012,0.00943445773330125));
#10083=CARTESIAN_POINT('',(0.00605,0.0012,0.00943445773330125));
#10084=CARTESIAN_POINT('',(0.01415,0.0012,0.00793445773330125));
#10085=CARTESIAN_POINT('',(0.01415,0.0012,0.00843445773330125));
#10086=CARTESIAN_POINT('',(0.01415,0.0012,0.00743445773330125));
#10087=CARTESIAN_POINT('',(-0.007025,0.0012,0.00843445773330125));
#10088=CARTESIAN_POINT('',(-0.01405,0.0012,0.00843445773330126));
#10089=CARTESIAN_POINT('',(-0.01405,0.0012,0.00793445773330126));
#10090=CARTESIAN_POINT('',(-0.01405,0.0012,0.00743445773330126));
#10091=CARTESIAN_POINT('',(0.0070999999999999,0.0012,0.00743445773330125));
#10092=CARTESIAN_POINT('',(0.01515,0.0012,0.00593445773330125));
#10093=CARTESIAN_POINT('',(0.01515,0.0012,0.00643445773330125));
#10094=CARTESIAN_POINT('',(0.01515,0.0012,0.00543445773330125));
#10095=CARTESIAN_POINT('',(-0.0075000000000001,0.0012,0.00643445773330126));
#10096=CARTESIAN_POINT('',(-0.01505,0.0012,0.00643445773330126));
#10097=CARTESIAN_POINT('',(-0.01505,0.0012,0.00593445773330126));
#10098=CARTESIAN_POINT('',(-0.01505,0.0012,0.00543445773330126));
#10099=CARTESIAN_POINT('',(0.0075999999999999,0.0012,0.00543445773330125));
#10100=CARTESIAN_POINT('',(0.012462619140516,0.0012,-0.00161446373150004));
#10101=CARTESIAN_POINT('',(0.0121099687865781,0.0012,-0.00201929623804928));
#10102=CARTESIAN_POINT('',(0.0114585335265592,0.0012,-0.00201929623804928));
#10103=CARTESIAN_POINT('',(0.012462619140516,0.0012,-0.00161446373150004));
#10104=CARTESIAN_POINT('',(0.0114585335265592,0.0012,-0.00201929623804928));
#10105=CARTESIAN_POINT('',(0.0114369845516243,0.0012,-0.000253304822602486));
#10106=CARTESIAN_POINT('',(0.0104089989409731,0.0012,-0.00168852872230323));
#10107=CARTESIAN_POINT('',(0.0104089989409731,0.0012,-0.00168852872230323));
#10108=CARTESIAN_POINT('',(0.00994356780558488,0.0012,-0.00135776120655717));
#10109=CARTESIAN_POINT('',(0.00965151608048594,0.0012,-0.000702959356047168));
#10110=CARTESIAN_POINT('',(0.00965151608048594,0.0012,-0.000702959356047168));
#10111=CARTESIAN_POINT('',(0.0127489837305856,0.0012,0.000671370613314201));
#10112=CARTESIAN_POINT('',(0.009359464355387,0.0012,0.000694175697740248));
#10113=CARTESIAN_POINT('',(0.009359464355387,0.0012,0.000694175697740248));
#10114=CARTESIAN_POINT('',(0.009359464355387,0.0012,0.00149879082510216));
#10115=CARTESIAN_POINT('',(0.00955893484198195,0.0012,0.00204333683703015));
#10116=CARTESIAN_POINT('',(0.00955893484198195,0.0012,0.00204333683703015));
#10117=CARTESIAN_POINT('',(0.0118359782475166,0.0012,0.00122214207415921));
#10118=CARTESIAN_POINT('',(0.0101741792491095,0.0012,0.00298177396039056));
#10119=CARTESIAN_POINT('',(0.0100193160916336,0.0012,0.00370811583485635));
#10120=CARTESIAN_POINT('',(0.00986445292904511,0.0012,0.00443445773330125));
#10121=CARTESIAN_POINT('',(0.00825943091243511,0.0012,0.00443445773330125));
#10122=CARTESIAN_POINT('',(0.0066544088958251,0.0012,0.00443445773330125));
#10123=CARTESIAN_POINT('',(0.00679412240120385,0.0012,0.00375019821599453));
#10124=CARTESIAN_POINT('',(0.00693383590658259,0.0012,0.0030659386986878));
#10125=CARTESIAN_POINT('',(0.00791519703472483,0.0012,0.0030659386986878));
#10126=CARTESIAN_POINT('',(0.00889655816286708,0.0012,0.0030659386986878));
#10127=CARTESIAN_POINT('',(0.00889655816286708,0.0012,0.0030659386986878));
#10128=CARTESIAN_POINT('',(0.00836463686528054,0.0012,0.00273601283056451));
#10129=CARTESIAN_POINT('',(0.00805154394961252,0.0012,0.00209131075152766));
#10130=CARTESIAN_POINT('',(0.00805154394961252,0.0012,0.00209131075152766));
#10131=CARTESIAN_POINT('',(0.00805154394961252,0.0012,0.00209131075152766));
#10132=CARTESIAN_POINT('',(0.0077384510339445,0.0012,0.00144660867249082));
#10133=CARTESIAN_POINT('',(0.0077384510339445,0.0012,0.000652093316602072));
#10134=CARTESIAN_POINT('',(0.0077384510339445,0.0012,0.000652093316602072));
#10135=CARTESIAN_POINT('',(0.0077384510339445,0.0012,0.000652093316602072));
#10136=CARTESIAN_POINT('',(0.0077384510339445,0.0012,-0.000521163469530251));
#10137=CARTESIAN_POINT('',(0.00822744830277009,0.0012,-0.00145960056891156));
#10138=CARTESIAN_POINT('',(0.00822744830277009,0.0012,-0.00145960056891156));
#10139=CARTESIAN_POINT('',(0.00822744830277009,0.0012,-0.00145960056891156));
#10140=CARTESIAN_POINT('',(0.00871644557159569,0.0012,-0.00239803766829287));
#10141=CARTESIAN_POINT('',(0.00957913438492828,0.0012,-0.00288787658474122));
#10142=CARTESIAN_POINT('',(0.00957913438492828,0.0012,-0.00288787658474122));
#10143=CARTESIAN_POINT('',(0.00957913438492828,0.0012,-0.00288787658474122));
#10144=CARTESIAN_POINT('',(0.0104418231982609,0.0012,-0.00337771550118958));
#10145=CARTESIAN_POINT('',(0.011572997603255,0.0012,-0.00337771550118958));
#10146=CARTESIAN_POINT('',(0.011572997603255,0.0012,-0.00337771550118958));
#10147=CARTESIAN_POINT('',(0.011572997603255,0.0012,-0.00337771550118958));
#10148=CARTESIAN_POINT('',(0.0129196337996766,0.0012,-0.00337771550118958));
#10149=CARTESIAN_POINT('',(0.0136855331363914,0.0012,-0.00265137360274468));
#10150=CARTESIAN_POINT('',(0.0136855331363914,0.0012,-0.00265137360274468));
#10151=CARTESIAN_POINT('',(0.0136855331363914,0.0012,-0.00265137360274468));
#10152=CARTESIAN_POINT('',(0.0144514324731062,0.0012,-0.00192503170429977));
#10153=CARTESIAN_POINT('',(0.0144514324731062,0.0012,-0.000642360727208195));
#10154=CARTESIAN_POINT('',(0.0144514324731062,0.0012,-0.000642360727208195));
#10155=CARTESIAN_POINT('',(0.0144514324731062,0.0012,-0.000642360727208195));
#10156=CARTESIAN_POINT('',(0.0144514324731062,0.0012,0.000652093316602072));
#10157=CARTESIAN_POINT('',(0.0138833203277408,0.0012,0.00160147183507931));
#10158=CARTESIAN_POINT('',(0.0138833203277408,0.0012,0.00160147183507931));
#10159=CARTESIAN_POINT('',(0.0138833203277408,0.0012,0.00160147183507931));
#10160=CARTESIAN_POINT('',(0.0133152081823755,0.0012,0.00255085035355653));
#10161=CARTESIAN_POINT('',(0.0122580987681845,0.0012,0.0030659386986878));
#10162=CARTESIAN_POINT('',(0.0122580987681845,0.0012,0.0030659386986878));
#10163=CARTESIAN_POINT('',(0.0132150521152666,0.0012,0.0030659386986878));
#10164=CARTESIAN_POINT('',(0.0141720054623487,0.0012,0.0030659386986878));
#10165=CARTESIAN_POINT('',(0.0140272420712334,0.0012,0.00375019821599453));
#10166=CARTESIAN_POINT('',(0.0138824786801181,0.0012,0.00443445773330125));
#10167=CARTESIAN_POINT('',(0.0121756173011537,0.0012,0.00443445773330125));
#10168=CARTESIAN_POINT('',(0.0104687559221893,0.0012,0.00443445773330125));
#10169=CARTESIAN_POINT('',(0.0106236190847778,0.0012,0.00370811583485635));
#10170=CARTESIAN_POINT('',(0.0107784822473663,0.0012,0.00298177393641145));
#10171=CARTESIAN_POINT('',(0.0107784822473663,0.0012,0.00298177393641145));
#10172=CARTESIAN_POINT('',(0.0128152694944539,0.0012,0.0017883176073328));
#10173=CARTESIAN_POINT('',(0.0128152694944539,0.0012,-0.000447098478727062));
#10174=CARTESIAN_POINT('',(0.0128152694944539,0.0012,-0.000447098478727062));
#10175=CARTESIAN_POINT('',(0.0128152694944539,0.0012,-0.000447098478727062));
#10176=CARTESIAN_POINT('',(0.0128152694944539,0.0012,-0.0012096312249508));
#10177=CARTESIAN_POINT('',(0.012462619140516,0.0012,-0.00161446373150004));
#10178=CARTESIAN_POINT('',(0.00595752466417693,0.0012,0.00275873731637912));
#10179=CARTESIAN_POINT('',(0.00630765007524654,0.0012,0.00108301689945699));
#10180=CARTESIAN_POINT('',(0.00560739925310731,0.0012,0.00443445773330125));
#10181=CARTESIAN_POINT('',(0.00481625048770962,0.0012,0.00443445773330125));
#10182=CARTESIAN_POINT('',(0.00402510172231193,0.0012,0.00443445773330125));
#10183=CARTESIAN_POINT('',(0.0043853269048547,0.0012,0.00271665493524094));
#10184=CARTESIAN_POINT('',(0.00474512062406895,0.0012,0.000998742179778325));
#10185=CARTESIAN_POINT('',(0.00202922685854683,0.0012,0.000306603117967243));
#10186=CARTESIAN_POINT('',(0.00482971684967383,0.0012,0.000372666305844589));
#10187=CARTESIAN_POINT('',(0.00482971684967383,0.0012,0.000372666305844589));
#10188=CARTESIAN_POINT('',(0.00482971684967383,0.0012,-0.000273719068437781));
#10189=CARTESIAN_POINT('',(0.0042607630566857,0.0012,-0.000273719068437781));
#10190=CARTESIAN_POINT('',(0.0042607630566857,0.0012,-0.000273719068437781));
#10191=CARTESIAN_POINT('',(0.0042607630566857,0.0012,-0.000273719068437781));
#10192=CARTESIAN_POINT('',(0.00377765732121945,0.0012,-0.000273719068437781));
#10193=CARTESIAN_POINT('',(0.00338292458614337,0.0012,0.000326375686592596));
#10194=CARTESIAN_POINT('',(0.00338292458614337,0.0012,0.000326375686592596));
#10195=CARTESIAN_POINT('',(0.00338292458614337,0.0012,0.000326375686592596));
#10196=CARTESIAN_POINT('',(0.00298819185106729,0.0012,0.000926470441622974));
#10197=CARTESIAN_POINT('',(0.00276263028816667,0.0012,0.00199872951302368));
#10198=CARTESIAN_POINT('',(0.00276263028816667,0.0012,0.00199872951302368));
#10199=CARTESIAN_POINT('',(0.00250424446797828,0.0012,0.00321659362316247));
#10200=CARTESIAN_POINT('',(0.00224585864778988,0.0012,0.00443445773330125));
#10201=CARTESIAN_POINT('',(0.00145470988239219,0.0012,0.00443445773330125));
#10202=CARTESIAN_POINT('',(0.000663561116994491,0.0012,0.00443445773330125));
#10203=CARTESIAN_POINT('',(0.00128638035783948,0.0012,0.00149374093936557));
#10204=CARTESIAN_POINT('',(0.00190919959868448,0.0012,-0.0014469758545701));
#10205=CARTESIAN_POINT('',(0.00251434423945143,0.0012,-0.0014469758545701));
#10206=CARTESIAN_POINT('',(0.0031194888802184,0.0012,-0.0014469758545701));
#10207=CARTESIAN_POINT('',(0.003063940137116,0.0012,-0.000902429842642117));
#10208=CARTESIAN_POINT('',(0.00300839139401361,0.0012,-0.000357883830714131));
#10209=CARTESIAN_POINT('',(0.00302438269884611,0.0012,-0.000357883830714131));
#10210=CARTESIAN_POINT('',(0.00304037400367863,0.0012,-0.000357883830714131));
#10211=CARTESIAN_POINT('',(0.00304037400367863,0.0012,-0.000357883830714131));
#10212=CARTESIAN_POINT('',(0.00380795663563894,0.0012,-0.00155639004552936));
#10213=CARTESIAN_POINT('',(0.0049088317262136,0.0012,-0.00155639004552936));
#10214=CARTESIAN_POINT('',(0.0049088317262136,0.0012,-0.00155639004552936));
#10215=CARTESIAN_POINT('',(0.0049088317262136,0.0012,-0.00155639004552936));
#10216=CARTESIAN_POINT('',(0.00563433197703574,0.0012,-0.00155639004552936));
#10217=CARTESIAN_POINT('',(0.00603158965498011,0.0012,-0.00111789163406957));
#10218=CARTESIAN_POINT('',(0.00603158965498011,0.0012,-0.00111789163406957));
#10219=CARTESIAN_POINT('',(0.00603158965498011,0.0012,-0.00111789163406957));
#10220=CARTESIAN_POINT('',(0.00642884733292449,0.0012,-0.00067939322260979));
#10221=CARTESIAN_POINT('',(0.00642884733292449,0.0012,0.000137004971470809));
#10222=CARTESIAN_POINT('',(0.00642884733292449,0.0012,0.000137004971470809));
#10223=CARTESIAN_POINT('',(0.00642884733292449,0.0012,0.000137004971470809));
#10224=CARTESIAN_POINT('',(0.00642884733292449,0.0012,0.000520796287450965));
#10225=CARTESIAN_POINT('',(0.00630765007524654,0.0012,0.00108301689945699));
#10226=CARTESIAN_POINT('',(4.99999904227912E-5,0.0012,0.000781449403492182));
#10227=CARTESIAN_POINT('',(-0.000162653916831885,0.0012,0.00125065315164203));
#10228=CARTESIAN_POINT('',(-0.000678866841313295,0.0012,0.00156443933967771));
#10229=CARTESIAN_POINT('',(4.99999999998992E-5,0.0012,0.000781449403492182));
#10230=CARTESIAN_POINT('',(-0.000678866841313295,0.0012,0.00156443933967771));
#10231=CARTESIAN_POINT('',(-0.000678866841313295,0.0012,0.00156443933967771));
#10232=CARTESIAN_POINT('',(-0.00155670531185563,0.0012,0.00209804393250977));
#10233=CARTESIAN_POINT('',(-0.00318781840477129,0.0012,0.00209804393250977));
#10234=CARTESIAN_POINT('',(-0.00318781840477129,0.0012,0.00209804393250977));
#10235=CARTESIAN_POINT('',(-0.00332248202441345,0.0012,0.00209804393250977));
#10236=CARTESIAN_POINT('',(-0.00345714564405562,0.0012,0.00209804393250977));
#10237=CARTESIAN_POINT('',(-0.0034621955297922,0.0012,0.00215359267561216));
#10238=CARTESIAN_POINT('',(-0.00346724541552878,0.0012,0.00220914141871456));
#10239=CARTESIAN_POINT('',(-0.00346724541552878,0.0012,0.00226216521894866));
#10240=CARTESIAN_POINT('',(-0.00346724541552878,0.0012,0.00231518901918275));
#10241=CARTESIAN_POINT('',(-0.00346724541552878,0.0012,0.00231518901918275));
#10242=CARTESIAN_POINT('',(-0.00346724541552878,0.0012,0.00279324486891242));
#10243=CARTESIAN_POINT('',(-0.00319623488099893,0.0012,0.00306930528917885));
#10244=CARTESIAN_POINT('',(-0.00319623488099893,0.0012,0.00306930528917885));
#10245=CARTESIAN_POINT('',(-0.00319623488099893,0.0012,0.00306930528917885));
#10246=CARTESIAN_POINT('',(-0.00292522434646908,0.0012,0.00334536570944528));
#10247=CARTESIAN_POINT('',(-0.00242023577281099,0.0012,0.00334536570944528));
#10248=CARTESIAN_POINT('',(-0.00242023577281099,0.0012,0.00334536570944528));
#10249=CARTESIAN_POINT('',(-0.0023802396131849,0.0012,0.000124598740878594));
#10250=CARTESIAN_POINT('',(-0.00158868792152064,0.0012,0.00324520964233642));
#10251=CARTESIAN_POINT('',(-0.00158868792152064,0.0012,0.00324520964233642));
#10252=CARTESIAN_POINT('',(-0.00121499637701365,0.0012,0.00314505357522757));
#10253=CARTESIAN_POINT('',(-0.000684758374672639,0.0012,0.00289255928839851));
#10254=CARTESIAN_POINT('',(-0.000684758374672639,0.0012,0.00289255928839851));
#10255=CARTESIAN_POINT('',(-0.000684758374672639,0.0012,0.0034901291005606));
#10256=CARTESIAN_POINT('',(-0.000684758374672639,0.0012,0.00408769891272269));
#10257=CARTESIAN_POINT('',(-0.000684758374672639,0.0012,0.00408769891272269));
#10258=CARTESIAN_POINT('',(-0.00158868792152064,0.0012,0.00454050533376946));
#10259=CARTESIAN_POINT('',(-0.00273501198372453,0.0012,0.00454050533376946));
#10260=CARTESIAN_POINT('',(-0.00273501198372453,0.0012,0.00454050533376946));
#10261=CARTESIAN_POINT('',(-0.00273501198372453,0.0012,0.00454050533376946));
#10262=CARTESIAN_POINT('',(-0.00384093696003578,0.0012,0.00454050533376946));
#10263=CARTESIAN_POINT('',(-0.00445113148653932,0.0012,0.00394546046447566));
#10264=CARTESIAN_POINT('',(-0.00445113148653932,0.0012,0.00394546046447566));
#10265=CARTESIAN_POINT('',(-0.00445113148653932,0.0012,0.00394546046447566));
#10266=CARTESIAN_POINT('',(-0.00506132601304286,0.0012,0.00335041559518186));
#10267=CARTESIAN_POINT('',(-0.00506132601304286,0.0012,0.00226637345706247));
#10268=CARTESIAN_POINT('',(-0.00506132601304286,0.0012,0.00226637345706247));
#10269=CARTESIAN_POINT('',(-0.00506132601304286,0.0012,0.00226637345706247));
#10270=CARTESIAN_POINT('',(-0.00506132601304286,0.0012,0.00117896472845202));
#10271=CARTESIAN_POINT('',(-0.00462703583969689,0.0012,0.000281768362586131));
#10272=CARTESIAN_POINT('',(-0.00462703583969689,0.0012,0.000281768362586131));
#10273=CARTESIAN_POINT('',(-0.00462703583969689,0.0012,0.000281768362586131));
#10274=CARTESIAN_POINT('',(-0.00419274566635092,0.0012,-0.000615428003279763));
#10275=CARTESIAN_POINT('',(-0.00345125411069628,0.0012,-0.00108590902440456));
#10276=CARTESIAN_POINT('',(-0.00345125411069628,0.0012,-0.00108590902440456));
#10277=CARTESIAN_POINT('',(-0.00345125411069628,0.0012,-0.00108590902440456));
#10278=CARTESIAN_POINT('',(-0.00270976255504163,0.0012,-0.00155639004552936));
#10279=CARTESIAN_POINT('',(-0.00177385039852861,0.0012,-0.00155639004552936));
#10280=CARTESIAN_POINT('',(-0.00177385039852861,0.0012,-0.00155639004552936));
#10281=CARTESIAN_POINT('',(-0.00177385039852861,0.0012,-0.00155639004552936));
#10282=CARTESIAN_POINT('',(-0.000841304832506652,0.0012,-0.00155639004552936));
#10283=CARTESIAN_POINT('',(-0.000321166601638806,0.0012,-0.00112799140554274));
#10284=CARTESIAN_POINT('',(-0.000321166601638806,0.0012,-0.00112799140554274));
#10285=CARTESIAN_POINT('',(-0.00118635718075616,0.0012,-5.78608530159547E-5));
#10286=CARTESIAN_POINT('',(5.00000059537311E-5,0.0012,-0.000660805226373219));
#10287=CARTESIAN_POINT('',(5.00000059537311E-5,0.0012,-0.000660805226373219));
#10288=CARTESIAN_POINT('',(0.000198971629229038,0.0012,-0.000352187261507299));
#10289=CARTESIAN_POINT('',(0.000198971629229038,0.0012,4.77903234578775E-5));
#10290=CARTESIAN_POINT('',(0.000198971629229038,0.0012,4.77903234578775E-5));
#10291=CARTESIAN_POINT('',(-0.00156036239990973,0.0012,7.64093353967646E-5));
#10292=CARTESIAN_POINT('',(-0.00771251602474789,0.0012,0.0028723597454522));
#10293=CARTESIAN_POINT('',(-0.00771251602474789,0.0012,0.00326120094716893));
#10294=CARTESIAN_POINT('',(-0.00724960983222796,0.0012,0.00326120094716893));
#10295=CARTESIAN_POINT('',(-0.00771251602474789,0.0012,0.0028723597454522));
#10296=CARTESIAN_POINT('',(-0.00724960983222796,0.0012,0.00326120094716893));
#10297=CARTESIAN_POINT('',(-0.00724960983222796,0.0012,0.00326120094716893));
#10298=CARTESIAN_POINT('',(-0.00690790089738598,0.0012,0.00326120094716893));
#10299=CARTESIAN_POINT('',(-0.00639617914274577,0.0012,0.00307772176540649));
#10300=CARTESIAN_POINT('',(-0.00639617914274577,0.0012,0.00307772176540648));
#10301=CARTESIAN_POINT('',(-0.00639617914274577,0.0012,0.00366940004420923));
#10302=CARTESIAN_POINT('',(-0.00639617914274577,0.0012,0.00426107832301198));
#10303=CARTESIAN_POINT('',(-0.00639617914274577,0.0012,0.00426107832301198));
#10304=CARTESIAN_POINT('',(-0.00698028259294364,0.0012,0.00454050533376946));
#10305=CARTESIAN_POINT('',(-0.00779668078702424,0.0012,0.00454050533376946));
#10306=CARTESIAN_POINT('',(-0.00779668078702424,0.0012,0.00454050533376946));
#10307=CARTESIAN_POINT('',(-0.00779668078702424,0.0012,0.00454050533376946));
#10308=CARTESIAN_POINT('',(-0.00858446296193088,0.0012,0.00454050533376946));
#10309=CARTESIAN_POINT('',(-0.00895562956356958,0.0012,0.00420889617040064));
#10310=CARTESIAN_POINT('',(-0.00895562956356958,0.0012,0.00420889617040064));
#10311=CARTESIAN_POINT('',(-0.00895562956356958,0.0012,0.00420889617040064));
#10312=CARTESIAN_POINT('',(-0.00932679616520829,0.0012,0.00387728700703181));
#10313=CARTESIAN_POINT('',(-0.00932679616520829,0.0012,0.00318208607062916));
#10314=CARTESIAN_POINT('',(-0.00932679616520829,0.0012,0.00318208607062916));
#10315=CARTESIAN_POINT('',(-0.00613461925470702,0.0012,0.00322766614222934));
#10316=CARTESIAN_POINT('',(-0.00926425378749505,0.0012,0.00259298555391708));
#10317=CARTESIAN_POINT('',(-0.00896152109692893,0.0012,0.00117559813796097));
#10318=CARTESIAN_POINT('',(-0.00865852795273407,0.0012,-0.000241736458772768));
#10319=CARTESIAN_POINT('',(-0.00905831057354673,0.0012,-0.000241736458772768));
#10320=CARTESIAN_POINT('',(-0.00945809319435939,0.0012,-0.000241736458772768));
#10321=CARTESIAN_POINT('',(-0.00938234490831068,0.0012,-0.00062889436524398));
#10322=CARTESIAN_POINT('',(-0.00930659662226196,0.0012,-0.00101605227171519));
#10323=CARTESIAN_POINT('',(-0.00879066662950793,0.0012,-0.00123656394887923));
#10324=CARTESIAN_POINT('',(-0.00827473663675391,0.0012,-0.00145707562604326));
#10325=CARTESIAN_POINT('',(-0.00792797781617535,0.0012,-0.00207821157164273));
#10326=CARTESIAN_POINT('',(-0.00758121899559678,0.0012,-0.0026993475172422));
#10327=CARTESIAN_POINT('',(-0.00707033888857934,0.0012,-0.0026993475172422));
#10328=CARTESIAN_POINT('',(-0.00655945878156189,0.0012,-0.0026993475172422));
#10329=CARTESIAN_POINT('',(-0.00668823086784471,0.0012,-0.00207316168590615));
#10330=CARTESIAN_POINT('',(-0.00681700295412752,0.0012,-0.0014469758545701));
#10331=CARTESIAN_POINT('',(-0.00607298645560458,0.0012,-0.0014469758545701));
#10332=CARTESIAN_POINT('',(-0.00532896995708165,0.0012,-0.0014469758545701));
#10333=CARTESIAN_POINT('',(-0.00546026698623276,0.0012,-0.000844356156671436));
#10334=CARTESIAN_POINT('',(-0.00559156401538386,0.0012,-0.000241736458772768));
#10335=CARTESIAN_POINT('',(-0.00633389721866127,0.0012,-0.000241736458772768));
#10336=CARTESIAN_POINT('',(-0.00707623042193868,0.0012,-0.000241736458772769));
#10337=CARTESIAN_POINT('',(-0.00737838191851078,0.0012,0.00117559813796097));
#10338=CARTESIAN_POINT('',(-0.00768037790760974,0.0012,0.00259296651512106));
#10339=CARTESIAN_POINT('',(-0.00626958857931441,0.0012,0.00289942808922936));
#10340=CARTESIAN_POINT('',(-0.0121475820152678,0.0012,0.00246975338246766));
#10341=CARTESIAN_POINT('',(-0.0109781088010703,0.0012,0.00159894689221102));
#10342=CARTESIAN_POINT('',(-0.0106885820188396,0.0012,0.00249361831520861));
#10343=CARTESIAN_POINT('',(-0.0106885820188396,0.0012,0.00249361831520861));
#10344=CARTESIAN_POINT('',(-0.0106885820188396,0.0012,0.00348171262433297));
#10345=CARTESIAN_POINT('',(-0.0113433838693496,0.0012,0.00401110897905121));
#10346=CARTESIAN_POINT('',(-0.0113433838693496,0.0012,0.00401110897905121));
#10347=CARTESIAN_POINT('',(-0.0113433838693496,0.0012,0.00401110897905121));
#10348=CARTESIAN_POINT('',(-0.0119981857198596,0.0012,0.00454050533376946));
#10349=CARTESIAN_POINT('',(-0.0131663926202554,0.0012,0.00454050533376946));
#10350=CARTESIAN_POINT('',(-0.0131663926202554,0.0012,0.00454050533376946));
#10351=CARTESIAN_POINT('',(-0.0131663926202554,0.0012,0.00454050533376946));
#10352=CARTESIAN_POINT('',(-0.0137302965275069,0.0012,0.00454050533376946));
#10353=CARTESIAN_POINT('',(-0.0141477537483976,0.0012,0.00446139045722968));
#10354=CARTESIAN_POINT('',(-0.0141477537483976,0.0012,0.00446139045722968));
#10355=CARTESIAN_POINT('',(-0.0136190140261805,0.0012,0.00160794016172649));
#10356=CARTESIAN_POINT('',(-0.0149288027423222,0.0012,0.00419731763887651));
#10357=CARTESIAN_POINT('',(-0.0149288027423222,0.0012,0.00354483619604023));
#10358=CARTESIAN_POINT('',(-0.0149288027423222,0.0012,0.00289255928839851));
#10359=CARTESIAN_POINT('',(-0.0149288027423222,0.0012,0.00289255928839851));
#10360=CARTESIAN_POINT('',(-0.0141023047767684,0.0012,0.00336724854763714));
#10361=CARTESIAN_POINT('',(-0.0132505573825317,0.0012,0.00336724854763714));
#10362=CARTESIAN_POINT('',(-0.0132505573825317,0.0012,0.00336724854763714));
#10363=CARTESIAN_POINT('',(-0.0132505573825317,0.0012,0.00336724854763714));
#10364=CARTESIAN_POINT('',(-0.01282973357115,0.0012,0.00336724854763714));
#10365=CARTESIAN_POINT('',(-0.0125612479794884,0.0012,0.00319555243259338));
#10366=CARTESIAN_POINT('',(-0.0125612479794884,0.0012,0.00319555243259338));
#10367=CARTESIAN_POINT('',(-0.0125612479794884,0.0012,0.00319555243259338));
#10368=CARTESIAN_POINT('',(-0.0122927623878269,0.0012,0.00302385631754963));
#10369=CARTESIAN_POINT('',(-0.0122927623878269,0.0012,0.0027292796495824));
#10370=CARTESIAN_POINT('',(-0.0122927623878269,0.0012,0.0027292796495824));
#10371=CARTESIAN_POINT('',(-0.0122927623878269,0.0012,0.0027292796495824));
#10372=CARTESIAN_POINT('',(-0.0122927623878269,0.0012,0.00250371808668178));
#10373=CARTESIAN_POINT('',(-0.012488024636308,0.0012,0.00232528879065591));
#10374=CARTESIAN_POINT('',(-0.012488024636308,0.0012,0.00232528879065591));
#10375=CARTESIAN_POINT('',(-0.012488024636308,0.0012,0.00232528879065591));
#10376=CARTESIAN_POINT('',(-0.0126832868847891,0.0012,0.00214685949463005));
#10377=CARTESIAN_POINT('',(-0.0131764923917285,0.0012,0.00187248236960915));
#10378=CARTESIAN_POINT('',(-0.0131764923917285,0.0012,0.00187248236960915));
#10379=CARTESIAN_POINT('',(-0.0131764923917285,0.0012,0.00187248236960915));
#10380=CARTESIAN_POINT('',(-0.0138144612897833,0.0012,0.00151562377755742));
#10381=CARTESIAN_POINT('',(-0.0140669555766123,0.0012,0.00116044848075123));
#10382=CARTESIAN_POINT('',(-0.0140669555766123,0.0012,0.00116044848075123));
#10383=CARTESIAN_POINT('',(-0.0140669555766123,0.0012,0.00116044848075123));
#10384=CARTESIAN_POINT('',(-0.0143194498634414,0.0012,0.00080527318394503));
#10385=CARTESIAN_POINT('',(-0.0143194498634414,0.0012,0.000320484153233252));
#10386=CARTESIAN_POINT('',(-0.0143194498634414,0.0012,0.000320484153233252));
#10387=CARTESIAN_POINT('',(-0.0143194498634414,0.0012,0.000320484153233252));
#10388=CARTESIAN_POINT('',(-0.0143194498634414,0.0012,-0.000573345622141588));
#10389=CARTESIAN_POINT('',(-0.0137378713561118,0.0012,-0.00106486783383547));
#10390=CARTESIAN_POINT('',(-0.0137378713561118,0.0012,-0.00106486783383547));
#10391=CARTESIAN_POINT('',(-0.0137378713561118,0.0012,-0.00106486783383547));
#10392=CARTESIAN_POINT('',(-0.0131562928487822,0.0012,-0.00155639004552936));
#10393=CARTESIAN_POINT('',(-0.0120773005963994,0.0012,-0.00155639004552936));
#10394=CARTESIAN_POINT('',(-0.0120773005963994,0.0012,-0.00155639004552936));
#10395=CARTESIAN_POINT('',(-0.0120773005963994,0.0012,-0.00155639004552936));
#10396=CARTESIAN_POINT('',(-0.0110201911822085,0.0012,-0.00155639004552936));
#10397=CARTESIAN_POINT('',(-0.0101684437879718,0.0012,-0.00105813465285337));
#10398=CARTESIAN_POINT('',(-0.0101684437879718,0.0012,-0.00105813465285337));
#10399=CARTESIAN_POINT('',(-0.0104285129034057,0.0012,-0.000492547450356291));
#10400=CARTESIAN_POINT('',(-0.0106885820188396,0.0012,7.30397521407824E-5));
#10401=CARTESIAN_POINT('',(-0.0106885820188396,0.0012,7.30397521407824E-5));
#10402=CARTESIAN_POINT('',(-0.0114258653363805,0.0012,-0.000367983602187293));
#10403=CARTESIAN_POINT('',(-0.0120470012819799,0.0012,-0.000367983602187293));
#10404=CARTESIAN_POINT('',(-0.0120470012819799,0.0012,-0.000367983602187293));
#10405=CARTESIAN_POINT('',(-0.0120470012819799,0.0012,-0.000367983602187293));
#10406=CARTESIAN_POINT('',(-0.0123466278356837,0.0012,-0.000367983602187293));
#10407=CARTESIAN_POINT('',(-0.0125301070174462,0.0012,-0.000234161630167897));
#10408=CARTESIAN_POINT('',(-0.0125301070174462,0.0012,-0.000234161630167897));
#10409=CARTESIAN_POINT('',(-0.0122909519458399,0.0012,0.000114502900323388));
#10410=CARTESIAN_POINT('',(-0.0127135861992086,0.0012,0.000126905199997646));
#10411=CARTESIAN_POINT('',(-0.0127135861992086,0.0012,0.000126905199997646));
#10412=CARTESIAN_POINT('',(-0.0127135861992086,0.0012,0.000330583924706414));
#10413=CARTESIAN_POINT('',(-0.0125452566746559,0.0012,0.000486288734917662));
#10414=CARTESIAN_POINT('',(-0.0125452566746559,0.0012,0.000486288734917662));
#10415=CARTESIAN_POINT('',(-0.0125452566746559,0.0012,0.000486288734917662));
#10416=CARTESIAN_POINT('',(-0.0123769271501032,0.0012,0.00064199354512891));
#10417=CARTESIAN_POINT('',(-0.0119140209575833,0.0012,0.000877654879502691));
#10418=CARTESIAN_POINT('',(-0.0119140209575833,0.0012,0.000877654879502691));
#10419=CARTESIAN_POINT('',(-0.0119140209575833,0.0012,0.000877654879502691));
#10420=CARTESIAN_POINT('',(-0.0112676355833009,0.0012,0.00120926404287151));
#10421=CARTESIAN_POINT('',(-0.0109781088010703,0.0012,0.00159894689221102));
#10422=CARTESIAN_POINT('',(-0.106996694165914,0.0012,0.0115));
#10423=CARTESIAN_POINT('',(-0.105896694165914,0.0012,0.0115));
#10424=CARTESIAN_POINT('',(-0.107,0.0012,-0.0265));
#10425=CARTESIAN_POINT('',(-0.1059,0.0012,-0.0265));
#10426=CARTESIAN_POINT('',(0.107,0.0012,0.0115));
#10427=CARTESIAN_POINT('',(0.1081,0.0012,0.0115));
#10428=CARTESIAN_POINT('',(0.107,0.0012,-0.0265));
#10429=CARTESIAN_POINT('',(0.1081,0.0012,-0.0265));
#10430=CARTESIAN_POINT('',(0.0006,0.0012,0.0219344577333013));
#10431=CARTESIAN_POINT('',(0.0006,0.0012,0.0224344577333013));
#10432=CARTESIAN_POINT('',(0.0006,0.0012,0.0214344577333013));
#10433=CARTESIAN_POINT('',(9.21571846612679E-19,0.0012,0.0224344577333013));
#10434=CARTESIAN_POINT('',(-0.0006,0.0012,0.0224344577333013));
#10435=CARTESIAN_POINT('',(-0.0006,0.0012,0.0219344577333013));
#10436=CARTESIAN_POINT('',(-0.0006,0.0012,0.0214344577333013));
#10437=CARTESIAN_POINT('',(0.0003,0.0012,0.0214344577333013));
#10438=CARTESIAN_POINT('',(-2.54337520516623E-7,0.0012,-0.03000447844492));
#10439=CARTESIAN_POINT('',(-0.00581999999993531,0.0012,-0.0300044510997763));
#10440=CARTESIAN_POINT('',(-0.110000428620531,0.0012,-0.0300039615888998));
#10441=CARTESIAN_POINT('',(-0.110000423921847,0.0012,-0.0290039615889109));
#10442=CARTESIAN_POINT('',(-0.111000423918256,0.0012,-0.0290038768389105));
#10443=CARTESIAN_POINT('',(-0.110998601420477,0.0012,-0.00749947844492003));
#10444=CARTESIAN_POINT('',(-0.110996736666601,0.0012,0.0145035169737595));
#10445=CARTESIAN_POINT('',(-0.109996736670192,0.0012,0.0145034322237591));
#10446=CARTESIAN_POINT('',(-0.109996629082387,0.0012,0.0155034322179715));
#10447=CARTESIAN_POINT('',(-0.0514935495213802,0.0012,0.0305000127985687));
#10448=CARTESIAN_POINT('',(-0.0596,0.0012,0.01535));
#10449=CARTESIAN_POINT('',(-0.110996694165914,0.0012,0.015505));
#10450=CARTESIAN_POINT('',(-0.0517699474600798,0.0012,0.0300091305874776));
#10451=CARTESIAN_POINT('',(-0.0509092506046094,0.0012,0.0295000127985687));
#10452=CARTESIAN_POINT('',(-0.0509092506046094,0.0012,0.0305000127985687));
#10453=CARTESIAN_POINT('',(6.45047861980858E-6,0.0012,0.0305000127985687));
#10454=CARTESIAN_POINT('',(0.0509521121411829,0.0012,0.0305000127985687));
#10455=CARTESIAN_POINT('',(0.0509521121411829,0.0012,0.0295000127985687));
#10456=CARTESIAN_POINT('',(0.0517883367691231,0.0012,0.030048399862262));
#10457=CARTESIAN_POINT('',(0.0515064504786198,0.0012,0.0305000127985687));
#10458=CARTESIAN_POINT('',(0.0596014450840228,0.0012,0.0168499986078201));
#10459=CARTESIAN_POINT('',(0.111015837273092,0.0012,0.0155047491178391));
#10460=CARTESIAN_POINT('',(0.110028693009757,0.0012,0.0155318261468935));
#10461=CARTESIAN_POINT('',(0.11,0.0012,0.0145322378760585));
#10462=CARTESIAN_POINT('',(0.111,0.0012,0.0145322378760585));
#10463=CARTESIAN_POINT('',(0.111,0.0012,-0.0075));
#10464=CARTESIAN_POINT('',(0.111,0.0012,-0.0290049953013054));
#10465=CARTESIAN_POINT('',(0.11,0.0012,-0.0290049953013054));
#10466=CARTESIAN_POINT('',(0.109999995301316,0.0012,-0.0300049953012943));
#10467=CARTESIAN_POINT('',(-2.54337520516623E-7,0.0012,-0.03000447844492));
#10468=CARTESIAN_POINT('',(0.00591999999993511,0.0012,-0.0300045062623223));
#10469=CARTESIAN_POINT('',(0.00592000469861875,0.0012,-0.0290045062623333));
#10470=CARTESIAN_POINT('',(0.00492000469862979,0.0012,-0.0290045015636497));
#10471=CARTESIAN_POINT('',(0.00492001644533891,0.0012,-0.0265045015636773));
#10472=CARTESIAN_POINT('',(0.00492002819204803,0.0012,-0.0240045015637049));
#10473=CARTESIAN_POINT('',(0.00392002819205907,0.0012,-0.0240044968650212));
#10474=CARTESIAN_POINT('',(0.00392003289074272,0.0012,-0.0230044968650322));
#10475=CARTESIAN_POINT('',(5.00328907854309E-5,0.0012,-0.0230044786811265));
#10476=CARTESIAN_POINT('',(-0.00381996710917185,0.0012,-0.0230044604972208));
#10477=CARTESIAN_POINT('',(-0.00381997180785549,0.0012,-0.0240044604972098));
#10478=CARTESIAN_POINT('',(-0.00481997180784446,0.0012,-0.0240044557985261));
#10479=CARTESIAN_POINT('',(-0.00481998355455358,0.0012,-0.0265044557984985));
#10480=CARTESIAN_POINT('',(-0.0048199953012627,0.0012,-0.029004455798471));
#10481=CARTESIAN_POINT('',(-0.00581999530125166,0.0012,-0.0290044510997873));
#10482=CARTESIAN_POINT('',(-0.04885,0.0012,0.000136848782026328));
#10483=CARTESIAN_POINT('',(-0.04885,0.0012,0.0116));
#10484=CARTESIAN_POINT('',(-0.04885,0.0012,0.0224));
#10485=CARTESIAN_POINT('',(-0.04735,0.0012,0.0116));
#10486=CARTESIAN_POINT('',(-0.04735,0.0012,0.0101));
#10487=CARTESIAN_POINT('',(-2.36946650586378E-6,0.0012,0.0101));
#10488=CARTESIAN_POINT('',(-0.03655,0.0012,0.0101));
#10489=CARTESIAN_POINT('',(-0.03655,0.0012,0.0116));
#10490=CARTESIAN_POINT('',(-0.03505,0.0012,0.0116));
#10491=CARTESIAN_POINT('',(-0.03505,0.0012,0.000136848782026328));
#10492=CARTESIAN_POINT('',(-0.03505,0.0012,0.0224));
#10493=CARTESIAN_POINT('',(-0.03655,0.0012,0.0224));
#10494=CARTESIAN_POINT('',(-0.03655,0.0012,0.0239));
#10495=CARTESIAN_POINT('',(-2.36946650586378E-6,0.0012,0.0239));
#10496=CARTESIAN_POINT('',(-0.04735,0.0012,0.0239));
#10497=CARTESIAN_POINT('',(-0.04735,0.0012,0.0224));
#10498=CARTESIAN_POINT('',(0.05315,0.0012,0.000136848782026328));
#10499=CARTESIAN_POINT('',(0.05315,0.0012,-0.0224));
#10500=CARTESIAN_POINT('',(0.05315,0.0012,-0.0116));
#10501=CARTESIAN_POINT('',(0.05465,0.0012,-0.0224));
#10502=CARTESIAN_POINT('',(0.05465,0.0012,-0.0239));
#10503=CARTESIAN_POINT('',(-2.36946650586378E-6,0.0012,-0.0239));
#10504=CARTESIAN_POINT('',(0.06545,0.0012,-0.0239));
#10505=CARTESIAN_POINT('',(0.06545,0.0012,-0.0224));
#10506=CARTESIAN_POINT('',(0.06695,0.0012,-0.0224));
#10507=CARTESIAN_POINT('',(0.06695,0.0012,0.000136848782026328));
#10508=CARTESIAN_POINT('',(0.06695,0.0012,-0.0116));
#10509=CARTESIAN_POINT('',(0.06545,0.0012,-0.0116));
#10510=CARTESIAN_POINT('',(0.06545,0.0012,-0.0101));
#10511=CARTESIAN_POINT('',(-2.36946650586542E-6,0.0012,-0.0101));
#10512=CARTESIAN_POINT('',(0.05465,0.0012,-0.0101));
#10513=CARTESIAN_POINT('',(0.05465,0.0012,-0.0116));
#10514=CARTESIAN_POINT('',(0.07265,0.0012,-0.0054));
#10515=CARTESIAN_POINT('',(0.07115,0.0012,-0.0054));
#10516=CARTESIAN_POINT('',(0.07265,0.0012,-0.0069));
#10517=CARTESIAN_POINT('',(-2.36946650586491E-6,0.0012,-0.0069));
#10518=CARTESIAN_POINT('',(0.08345,0.0012,-0.0069));
#10519=CARTESIAN_POINT('',(0.08345,0.0012,-0.0054));
#10520=CARTESIAN_POINT('',(0.08495,0.0012,-0.0054));
#10521=CARTESIAN_POINT('',(0.08495,0.0012,0.000136848782026328));
#10522=CARTESIAN_POINT('',(0.08495,0.0012,0.0054));
#10523=CARTESIAN_POINT('',(0.08345,0.0012,0.0054));
#10524=CARTESIAN_POINT('',(0.08345,0.0012,0.0069));
#10525=CARTESIAN_POINT('',(-2.36946650586324E-6,0.0012,0.0069));
#10526=CARTESIAN_POINT('',(0.07265,0.0012,0.0069));
#10527=CARTESIAN_POINT('',(0.07265,0.0012,0.0054));
#10528=CARTESIAN_POINT('',(0.07115,0.0012,0.0054));
#10529=CARTESIAN_POINT('',(0.07115,0.0012,0.000136848782026328));
#10530=CARTESIAN_POINT('',(0.08915,0.0012,0.000136848782026328));
#10531=CARTESIAN_POINT('',(0.08915,0.0012,-0.0054));
#10532=CARTESIAN_POINT('',(0.08915,0.0012,0.0054));
#10533=CARTESIAN_POINT('',(0.09065,0.0012,-0.0054));
#10534=CARTESIAN_POINT('',(0.09065,0.0012,-0.0069));
#10535=CARTESIAN_POINT('',(-2.36946650586491E-6,0.0012,-0.0069));
#10536=CARTESIAN_POINT('',(0.10145,0.0012,-0.0069));
#10537=CARTESIAN_POINT('',(0.10145,0.0012,-0.0054));
#10538=CARTESIAN_POINT('',(0.10295,0.0012,-0.0054));
#10539=CARTESIAN_POINT('',(0.10295,0.0012,0.000136848782026328));
#10540=CARTESIAN_POINT('',(0.10295,0.0012,0.0054));
#10541=CARTESIAN_POINT('',(0.10145,0.0012,0.0054));
#10542=CARTESIAN_POINT('',(0.10145,0.0012,0.0069));
#10543=CARTESIAN_POINT('',(-2.36946650586324E-6,0.0012,0.0069));
#10544=CARTESIAN_POINT('',(0.09065,0.0012,0.0069));
#10545=CARTESIAN_POINT('',(0.09065,0.0012,0.0054));
#10546=CARTESIAN_POINT('',(-0.07255,0.0012,-0.0224));
#10547=CARTESIAN_POINT('',(-0.07255,0.0012,-0.0239));
#10548=CARTESIAN_POINT('',(-0.07105,0.0012,-0.0224));
#10549=CARTESIAN_POINT('',(-0.07105,0.0012,0.000136848782026328));
#10550=CARTESIAN_POINT('',(-0.07105,0.0012,-0.0116));
#10551=CARTESIAN_POINT('',(-0.07255,0.0012,-0.0116));
#10552=CARTESIAN_POINT('',(-0.07255,0.0012,-0.0101));
#10553=CARTESIAN_POINT('',(-2.36946650586378E-6,0.0012,-0.0101));
#10554=CARTESIAN_POINT('',(-0.08335,0.0012,-0.0101));
#10555=CARTESIAN_POINT('',(-0.08335,0.0012,-0.0116));
#10556=CARTESIAN_POINT('',(-0.08485,0.0012,-0.0116));
#10557=CARTESIAN_POINT('',(-0.08485,0.0012,0.000136848782026328));
#10558=CARTESIAN_POINT('',(-0.08485,0.0012,-0.0224));
#10559=CARTESIAN_POINT('',(-0.08335,0.0012,-0.0224));
#10560=CARTESIAN_POINT('',(-0.08335,0.0012,-0.0239));
#10561=CARTESIAN_POINT('',(-2.36946650586378E-6,0.0012,-0.0239));
#10562=CARTESIAN_POINT('',(-0.10135,0.0012,-0.0224));
#10563=CARTESIAN_POINT('',(-0.10285,0.0012,-0.0224));
#10564=CARTESIAN_POINT('',(-0.10135,0.0012,-0.0239));
#10565=CARTESIAN_POINT('',(-2.36946650586378E-6,0.0012,-0.0239));
#10566=CARTESIAN_POINT('',(-0.09055,0.0012,-0.0239));
#10567=CARTESIAN_POINT('',(-0.09055,0.0012,-0.0224));
#10568=CARTESIAN_POINT('',(-0.08905,0.0012,-0.0224));
#10569=CARTESIAN_POINT('',(-0.08905,0.0012,0.000136848782026328));
#10570=CARTESIAN_POINT('',(-0.08905,0.0012,-0.0116));
#10571=CARTESIAN_POINT('',(-0.09055,0.0012,-0.0116));
#10572=CARTESIAN_POINT('',(-0.09055,0.0012,-0.0101));
#10573=CARTESIAN_POINT('',(-2.36946650586378E-6,0.0012,-0.0101));
#10574=CARTESIAN_POINT('',(-0.10135,0.0012,-0.0101));
#10575=CARTESIAN_POINT('',(-0.10135,0.0012,-0.0116));
#10576=CARTESIAN_POINT('',(-0.10285,0.0012,-0.0116));
#10577=CARTESIAN_POINT('',(-0.10285,0.0012,0.000136848782026328));
#10578=CARTESIAN_POINT('',(-0.04885,0.0012,0.000136848782026328));
#10579=CARTESIAN_POINT('',(-0.04885,0.0012,-0.0054));
#10580=CARTESIAN_POINT('',(-0.04885,0.0012,0.0054));
#10581=CARTESIAN_POINT('',(-0.04735,0.0012,-0.0054));
#10582=CARTESIAN_POINT('',(-0.04735,0.0012,-0.0069));
#10583=CARTESIAN_POINT('',(-2.36946650586265E-6,0.0012,-0.0069));
#10584=CARTESIAN_POINT('',(-0.03655,0.0012,-0.0069));
#10585=CARTESIAN_POINT('',(-0.03655,0.0012,-0.0054));
#10586=CARTESIAN_POINT('',(-0.03505,0.0012,-0.0054));
#10587=CARTESIAN_POINT('',(-0.03505,0.0012,0.000136848782026328));
#10588=CARTESIAN_POINT('',(-0.03505,0.0012,0.0054));
#10589=CARTESIAN_POINT('',(-0.03655,0.0012,0.0054));
#10590=CARTESIAN_POINT('',(-0.03655,0.0012,0.0069));
#10591=CARTESIAN_POINT('',(-2.36946650586487E-6,0.0012,0.0069));
#10592=CARTESIAN_POINT('',(-0.04735,0.0012,0.0069));
#10593=CARTESIAN_POINT('',(-0.04735,0.0012,0.0054));
#10594=CARTESIAN_POINT('',(-0.02935,0.0012,0.0116));
#10595=CARTESIAN_POINT('',(-0.03085,0.0012,0.0116));
#10596=CARTESIAN_POINT('',(-0.02935,0.0012,0.0101));
#10597=CARTESIAN_POINT('',(-2.36946650586378E-6,0.0012,0.0101));
#10598=CARTESIAN_POINT('',(-0.01855,0.0012,0.0101));
#10599=CARTESIAN_POINT('',(-0.01855,0.0012,0.0116));
#10600=CARTESIAN_POINT('',(-0.01705,0.0012,0.0116));
#10601=CARTESIAN_POINT('',(-0.01705,0.0012,0.000136848782026322));
#10602=CARTESIAN_POINT('',(-0.01705,0.0012,0.0224));
#10603=CARTESIAN_POINT('',(-0.01855,0.0012,0.0224));
#10604=CARTESIAN_POINT('',(-0.01855,0.0012,0.0239));
#10605=CARTESIAN_POINT('',(-2.36946650586378E-6,0.0012,0.0239));
#10606=CARTESIAN_POINT('',(-0.02935,0.0012,0.0239));
#10607=CARTESIAN_POINT('',(-0.02935,0.0012,0.0224));
#10608=CARTESIAN_POINT('',(-0.03085,0.0012,0.0224));
#10609=CARTESIAN_POINT('',(-0.03085,0.0012,0.000136848782026318));
#10610=CARTESIAN_POINT('',(-0.09055,0.0012,-0.0054));
#10611=CARTESIAN_POINT('',(-0.09055,0.0012,-0.0069));
#10612=CARTESIAN_POINT('',(-0.08905,0.0012,-0.0054));
#10613=CARTESIAN_POINT('',(-0.08905,0.0012,0.000136848782026328));
#10614=CARTESIAN_POINT('',(-0.08905,0.0012,0.0054));
#10615=CARTESIAN_POINT('',(-0.09055,0.0012,0.0054));
#10616=CARTESIAN_POINT('',(-0.09055,0.0012,0.0069));
#10617=CARTESIAN_POINT('',(-2.36946650586432E-6,0.0012,0.0069));
#10618=CARTESIAN_POINT('',(-0.10135,0.0012,0.0069));
#10619=CARTESIAN_POINT('',(-0.10135,0.0012,0.0054));
#10620=CARTESIAN_POINT('',(-0.10285,0.0012,0.0054));
#10621=CARTESIAN_POINT('',(-0.10285,0.0012,0.000136848782026328));
#10622=CARTESIAN_POINT('',(-0.10285,0.0012,-0.0054));
#10623=CARTESIAN_POINT('',(-0.10135,0.0012,-0.0054));
#10624=CARTESIAN_POINT('',(-0.10135,0.0012,-0.0069));
#10625=CARTESIAN_POINT('',(-2.36946650586265E-6,0.0012,-0.0069));
#10626=CARTESIAN_POINT('',(-0.08485,0.0012,0.000136848782026328));
#10627=CARTESIAN_POINT('',(-0.08485,0.0012,-0.0054));
#10628=CARTESIAN_POINT('',(-0.08485,0.0012,0.0054));
#10629=CARTESIAN_POINT('',(-0.08335,0.0012,-0.0054));
#10630=CARTESIAN_POINT('',(-0.08335,0.0012,-0.0069));
#10631=CARTESIAN_POINT('',(-2.36946650586265E-6,0.0012,-0.0069));
#10632=CARTESIAN_POINT('',(-0.07255,0.0012,-0.0069));
#10633=CARTESIAN_POINT('',(-0.07255,0.0012,-0.0054));
#10634=CARTESIAN_POINT('',(-0.07105,0.0012,-0.0054));
#10635=CARTESIAN_POINT('',(-0.07105,0.0012,0.000136848782026328));
#10636=CARTESIAN_POINT('',(-0.07105,0.0012,0.0054));
#10637=CARTESIAN_POINT('',(-0.07255,0.0012,0.0054));
#10638=CARTESIAN_POINT('',(-0.07255,0.0012,0.0069));
#10639=CARTESIAN_POINT('',(-2.36946650586487E-6,0.0012,0.0069));
#10640=CARTESIAN_POINT('',(-0.08335,0.0012,0.0069));
#10641=CARTESIAN_POINT('',(-0.08335,0.0012,0.0054));
#10642=CARTESIAN_POINT('',(0.03665,0.0012,-0.0054));
#10643=CARTESIAN_POINT('',(0.03515,0.0012,-0.0054));
#10644=CARTESIAN_POINT('',(0.03665,0.0012,-0.0069));
#10645=CARTESIAN_POINT('',(-2.36946650586491E-6,0.0012,-0.0069));
#10646=CARTESIAN_POINT('',(0.04745,0.0012,-0.0069));
#10647=CARTESIAN_POINT('',(0.04745,0.0012,-0.0054));
#10648=CARTESIAN_POINT('',(0.04895,0.0012,-0.0054));
#10649=CARTESIAN_POINT('',(0.04895,0.0012,0.000136848782026328));
#10650=CARTESIAN_POINT('',(0.04895,0.0012,0.0054));
#10651=CARTESIAN_POINT('',(0.04745,0.0012,0.0054));
#10652=CARTESIAN_POINT('',(0.04745,0.0012,0.0069));
#10653=CARTESIAN_POINT('',(-2.36946650586324E-6,0.0012,0.0069));
#10654=CARTESIAN_POINT('',(0.03665,0.0012,0.0069));
#10655=CARTESIAN_POINT('',(0.03665,0.0012,0.0054));
#10656=CARTESIAN_POINT('',(0.03515,0.0012,0.0054));
#10657=CARTESIAN_POINT('',(0.03515,0.0012,0.000136848782026328));
#10658=CARTESIAN_POINT('',(0.01715,0.0012,0.000136848782026328));
#10659=CARTESIAN_POINT('',(0.01715,0.0012,-0.0224));
#10660=CARTESIAN_POINT('',(0.01715,0.0012,-0.0116));
#10661=CARTESIAN_POINT('',(0.01865,0.0012,-0.0224));
#10662=CARTESIAN_POINT('',(0.01865,0.0012,-0.0239));
#10663=CARTESIAN_POINT('',(-2.36946650586378E-6,0.0012,-0.0239));
#10664=CARTESIAN_POINT('',(0.02945,0.0012,-0.0239));
#10665=CARTESIAN_POINT('',(0.02945,0.0012,-0.0224));
#10666=CARTESIAN_POINT('',(0.03095,0.0012,-0.0224));
#10667=CARTESIAN_POINT('',(0.03095,0.0012,0.000136848782026328));
#10668=CARTESIAN_POINT('',(0.03095,0.0012,-0.0116));
#10669=CARTESIAN_POINT('',(0.02945,0.0012,-0.0116));
#10670=CARTESIAN_POINT('',(0.02945,0.0012,-0.0101));
#10671=CARTESIAN_POINT('',(-2.36946650586542E-6,0.0012,-0.0101));
#10672=CARTESIAN_POINT('',(0.01865,0.0012,-0.0101));
#10673=CARTESIAN_POINT('',(0.01865,0.0012,-0.0116));
#10674=CARTESIAN_POINT('',(-2.54337520516623E-7,0.0012,-0.03000447844492));
#10675=CARTESIAN_POINT('',(-2.54337520516623E-7,0.,-0.03000447844492));
#10676=CARTESIAN_POINT('',(-0.00581999999993531,0.,-0.0300044510997763));
#10677=CARTESIAN_POINT('',(-0.110000428620531,0.,-0.0300039615888998));
#10678=CARTESIAN_POINT('',(-0.110000428620531,0.0012,-0.0300039615888998));
#10679=CARTESIAN_POINT('',(-0.00581999999993531,0.0012,-0.0300044510997763));
#10680=CARTESIAN_POINT('',(-2.36946650586378E-6,0.,0.000136848782026328));
#10681=CARTESIAN_POINT('',(-0.04885,0.,0.000136848782026328));
#10682=CARTESIAN_POINT('',(-0.04885,-2.77555756156289E-17,0.0054));
#10683=CARTESIAN_POINT('',(-0.04885,0.,-0.0054));
#10684=CARTESIAN_POINT('',(-0.04735,0.,0.0054));
#10685=CARTESIAN_POINT('',(-0.04735,-2.77555756156289E-17,0.0069));
#10686=CARTESIAN_POINT('',(-2.36946650586487E-6,0.,0.0069));
#10687=CARTESIAN_POINT('',(-0.03655,-2.77555756156289E-17,0.0069));
#10688=CARTESIAN_POINT('',(-0.03655,0.,0.0054));
#10689=CARTESIAN_POINT('',(-0.03505,-2.77555756156289E-17,0.0054));
#10690=CARTESIAN_POINT('',(-0.03505,0.,0.000136848782026328));
#10691=CARTESIAN_POINT('',(-0.03505,-2.77555756156289E-17,-0.0054));
#10692=CARTESIAN_POINT('',(-0.03655,0.,-0.0054));
#10693=CARTESIAN_POINT('',(-0.03655,-2.77555756156289E-17,-0.0069));
#10694=CARTESIAN_POINT('',(-2.36946650586265E-6,0.,-0.0069));
#10695=CARTESIAN_POINT('',(-0.04735,-2.77555756156289E-17,-0.0069));
#10696=CARTESIAN_POINT('',(-0.04735,0.,-0.0054));
#10697=CARTESIAN_POINT('',(-0.03655,0.,-0.0224));
#10698=CARTESIAN_POINT('',(-0.03505,-2.77555756156289E-17,-0.0224));
#10699=CARTESIAN_POINT('',(-0.03655,0.,-0.0239));
#10700=CARTESIAN_POINT('',(-2.36946650586378E-6,0.,-0.0239));
#10701=CARTESIAN_POINT('',(-0.04735,-2.77555756156289E-17,-0.0239));
#10702=CARTESIAN_POINT('',(-0.04735,0.,-0.0224));
#10703=CARTESIAN_POINT('',(-0.04885,-2.77555756156289E-17,-0.0224));
#10704=CARTESIAN_POINT('',(-0.04885,0.,0.000136848782026328));
#10705=CARTESIAN_POINT('',(-0.04885,-2.77555756156289E-17,-0.0116));
#10706=CARTESIAN_POINT('',(-0.04735,0.,-0.0116));
#10707=CARTESIAN_POINT('',(-0.04735,-2.77555756156289E-17,-0.0101));
#10708=CARTESIAN_POINT('',(-2.36946650586214E-6,0.,-0.0101));
#10709=CARTESIAN_POINT('',(-0.03655,-2.77555756156289E-17,-0.0101));
#10710=CARTESIAN_POINT('',(-0.03655,0.,-0.0116));
#10711=CARTESIAN_POINT('',(-0.03505,-2.77555756156289E-17,-0.0116));
#10712=CARTESIAN_POINT('',(-0.03505,0.,0.000136848782026328));
#10713=CARTESIAN_POINT('',(-0.05455,0.,-0.0224));
#10714=CARTESIAN_POINT('',(-0.05305,-2.77555756156289E-17,-0.0224));
#10715=CARTESIAN_POINT('',(-0.05455,0.,-0.0239));
#10716=CARTESIAN_POINT('',(-2.36946650586378E-6,0.,-0.0239));
#10717=CARTESIAN_POINT('',(-0.06535,-2.77555756156289E-17,-0.0239));
#10718=CARTESIAN_POINT('',(-0.06535,0.,-0.0224));
#10719=CARTESIAN_POINT('',(-0.06685,-2.77555756156289E-17,-0.0224));
#10720=CARTESIAN_POINT('',(-0.06685,0.,0.000136848782026328));
#10721=CARTESIAN_POINT('',(-0.06685,-2.77555756156289E-17,-0.0116));
#10722=CARTESIAN_POINT('',(-0.06535,0.,-0.0116));
#10723=CARTESIAN_POINT('',(-0.06535,-2.77555756156289E-17,-0.0101));
#10724=CARTESIAN_POINT('',(-2.36946650586378E-6,0.,-0.0101));
#10725=CARTESIAN_POINT('',(-0.05455,-2.77555756156289E-17,-0.0101));
#10726=CARTESIAN_POINT('',(-0.05455,0.,-0.0116));
#10727=CARTESIAN_POINT('',(-0.05305,-2.77555756156289E-17,-0.0116));
#10728=CARTESIAN_POINT('',(-0.05305,0.,0.000136848782026328));
#10729=CARTESIAN_POINT('',(-0.07255,0.,-0.0116));
#10730=CARTESIAN_POINT('',(-0.07255,-2.77555756156289E-17,-0.0101));
#10731=CARTESIAN_POINT('',(-0.07105,0.,-0.0116));
#10732=CARTESIAN_POINT('',(-0.07105,0.,0.000136848782026328));
#10733=CARTESIAN_POINT('',(-0.07105,-2.77555756156289E-17,-0.0224));
#10734=CARTESIAN_POINT('',(-0.07255,0.,-0.0224));
#10735=CARTESIAN_POINT('',(-0.07255,-2.77555756156289E-17,-0.0239));
#10736=CARTESIAN_POINT('',(-2.36946650586378E-6,0.,-0.0239));
#10737=CARTESIAN_POINT('',(-0.08335,-2.77555756156289E-17,-0.0239));
#10738=CARTESIAN_POINT('',(-0.08335,0.,-0.0224));
#10739=CARTESIAN_POINT('',(-0.08485,-2.77555756156289E-17,-0.0224));
#10740=CARTESIAN_POINT('',(-0.08485,0.,0.000136848782026328));
#10741=CARTESIAN_POINT('',(-0.08485,-2.77555756156289E-17,-0.0116));
#10742=CARTESIAN_POINT('',(-0.08335,0.,-0.0116));
#10743=CARTESIAN_POINT('',(-0.08335,-2.77555756156289E-17,-0.0101));
#10744=CARTESIAN_POINT('',(-2.36946650586378E-6,0.,-0.0101));
#10745=CARTESIAN_POINT('',(-0.09055,0.,0.0054));
#10746=CARTESIAN_POINT('',(-0.09055,-2.77555756156289E-17,0.0069));
#10747=CARTESIAN_POINT('',(-0.08905,0.,0.0054));
#10748=CARTESIAN_POINT('',(-0.08905,0.,0.000136848782026328));
#10749=CARTESIAN_POINT('',(-0.08905,-2.77555756156289E-17,-0.0054));
#10750=CARTESIAN_POINT('',(-0.09055,0.,-0.0054));
#10751=CARTESIAN_POINT('',(-0.09055,-2.77555756156289E-17,-0.0069));
#10752=CARTESIAN_POINT('',(-2.36946650586265E-6,0.,-0.0069));
#10753=CARTESIAN_POINT('',(-0.10135,-2.77555756156289E-17,-0.0069));
#10754=CARTESIAN_POINT('',(-0.10135,0.,-0.0054));
#10755=CARTESIAN_POINT('',(-0.10285,-2.77555756156289E-17,-0.0054));
#10756=CARTESIAN_POINT('',(-0.10285,0.,0.000136848782026328));
#10757=CARTESIAN_POINT('',(-0.10285,-2.77555756156289E-17,0.0054));
#10758=CARTESIAN_POINT('',(-0.10135,0.,0.0054));
#10759=CARTESIAN_POINT('',(-0.10135,-2.77555756156289E-17,0.0069));
#10760=CARTESIAN_POINT('',(-2.36946650586432E-6,0.,0.0069));
#10761=CARTESIAN_POINT('',(0.01715,0.,0.000136848782026328));
#10762=CARTESIAN_POINT('',(0.01715,-2.77555756156289E-17,0.0054));
#10763=CARTESIAN_POINT('',(0.01715,0.,-0.0054));
#10764=CARTESIAN_POINT('',(0.01865,0.,0.0054));
#10765=CARTESIAN_POINT('',(0.01865,-2.77555756156289E-17,0.0069));
#10766=CARTESIAN_POINT('',(-2.36946650586324E-6,0.,0.0069));
#10767=CARTESIAN_POINT('',(0.02945,-2.77555756156289E-17,0.0069));
#10768=CARTESIAN_POINT('',(0.02945,0.,0.0054));
#10769=CARTESIAN_POINT('',(0.03095,-2.77555756156289E-17,0.0054));
#10770=CARTESIAN_POINT('',(0.03095,0.,0.000136848782026328));
#10771=CARTESIAN_POINT('',(0.03095,-2.77555756156289E-17,-0.0054));
#10772=CARTESIAN_POINT('',(0.02945,0.,-0.0054));
#10773=CARTESIAN_POINT('',(0.02945,-2.77555756156289E-17,-0.0069));
#10774=CARTESIAN_POINT('',(-2.36946650586491E-6,0.,-0.0069));
#10775=CARTESIAN_POINT('',(0.01865,-2.77555756156289E-17,-0.0069));
#10776=CARTESIAN_POINT('',(0.01865,0.,-0.0054));
#10777=CARTESIAN_POINT('',(0.04745,0.,-0.0054));
#10778=CARTESIAN_POINT('',(0.04895,-2.77555756156289E-17,-0.0054));
#10779=CARTESIAN_POINT('',(0.04745,0.,-0.0069));
#10780=CARTESIAN_POINT('',(-2.36946650586491E-6,0.,-0.0069));
#10781=CARTESIAN_POINT('',(0.03665,-2.77555756156289E-17,-0.0069));
#10782=CARTESIAN_POINT('',(0.03665,0.,-0.0054));
#10783=CARTESIAN_POINT('',(0.03515,-2.77555756156289E-17,-0.0054));
#10784=CARTESIAN_POINT('',(0.03515,0.,0.000136848782026328));
#10785=CARTESIAN_POINT('',(0.03515,-2.77555756156289E-17,0.0054));
#10786=CARTESIAN_POINT('',(0.03665,0.,0.0054));
#10787=CARTESIAN_POINT('',(0.03665,-2.77555756156289E-17,0.0069));
#10788=CARTESIAN_POINT('',(-2.36946650586324E-6,0.,0.0069));
#10789=CARTESIAN_POINT('',(0.04745,-2.77555756156289E-17,0.0069));
#10790=CARTESIAN_POINT('',(0.04745,0.,0.0054));
#10791=CARTESIAN_POINT('',(0.04895,-2.77555756156289E-17,0.0054));
#10792=CARTESIAN_POINT('',(0.04895,0.,0.000136848782026328));
#10793=CARTESIAN_POINT('',(-0.03085,0.,0.000136848782026318));
#10794=CARTESIAN_POINT('',(-0.03085,-2.77555756156289E-17,0.0054));
#10795=CARTESIAN_POINT('',(-0.03085,0.,-0.0054));
#10796=CARTESIAN_POINT('',(-0.02935,0.,0.0054));
#10797=CARTESIAN_POINT('',(-0.02935,-2.77555756156289E-17,0.0069));
#10798=CARTESIAN_POINT('',(-2.36946650586432E-6,0.,0.0069));
#10799=CARTESIAN_POINT('',(-0.01855,-2.77555756156289E-17,0.0069));
#10800=CARTESIAN_POINT('',(-0.01855,0.,0.0054));
#10801=CARTESIAN_POINT('',(-0.01705,-2.77555756156289E-17,0.0054));
#10802=CARTESIAN_POINT('',(-0.01705,0.,0.000136848782026322));
#10803=CARTESIAN_POINT('',(-0.01705,-2.77555756156289E-17,-0.0054));
#10804=CARTESIAN_POINT('',(-0.01855,0.,-0.0054));
#10805=CARTESIAN_POINT('',(-0.01855,-2.77555756156289E-17,-0.0069));
#10806=CARTESIAN_POINT('',(-2.36946650586265E-6,0.,-0.0069));
#10807=CARTESIAN_POINT('',(-0.02935,-2.77555756156289E-17,-0.0069));
#10808=CARTESIAN_POINT('',(-0.02935,0.,-0.0054));
#10809=CARTESIAN_POINT('',(-0.01855,0.,-0.0224));
#10810=CARTESIAN_POINT('',(-0.01705,-2.77555756156289E-17,-0.0224));
#10811=CARTESIAN_POINT('',(-0.01855,0.,-0.0239));
#10812=CARTESIAN_POINT('',(-2.36946650586378E-6,0.,-0.0239));
#10813=CARTESIAN_POINT('',(-0.02935,-2.77555756156289E-17,-0.0239));
#10814=CARTESIAN_POINT('',(-0.02935,0.,-0.0224));
#10815=CARTESIAN_POINT('',(-0.03085,-2.77555756156289E-17,-0.0224));
#10816=CARTESIAN_POINT('',(-0.03085,0.,0.000136848782026318));
#10817=CARTESIAN_POINT('',(-0.03085,-2.77555756156289E-17,-0.0116));
#10818=CARTESIAN_POINT('',(-0.02935,0.,-0.0116));
#10819=CARTESIAN_POINT('',(-0.02935,-2.77555756156289E-17,-0.0101));
#10820=CARTESIAN_POINT('',(-2.36946650586214E-6,0.,-0.0101));
#10821=CARTESIAN_POINT('',(-0.01855,-2.77555756156289E-17,-0.0101));
#10822=CARTESIAN_POINT('',(-0.01855,0.,-0.0116));
#10823=CARTESIAN_POINT('',(-0.01705,-2.77555756156289E-17,-0.0116));
#10824=CARTESIAN_POINT('',(-0.01705,0.,0.000136848782026322));
#10825=CARTESIAN_POINT('',(0.02945,0.,0.0224));
#10826=CARTESIAN_POINT('',(0.02945,-2.77555756156289E-17,0.0239));
#10827=CARTESIAN_POINT('',(0.03095,0.,0.0224));
#10828=CARTESIAN_POINT('',(0.03095,0.,0.000136848782026328));
#10829=CARTESIAN_POINT('',(0.03095,-2.77555756156289E-17,0.0116));
#10830=CARTESIAN_POINT('',(0.02945,0.,0.0116));
#10831=CARTESIAN_POINT('',(0.02945,-2.77555756156289E-17,0.0101));
#10832=CARTESIAN_POINT('',(-2.36946650586378E-6,0.,0.0101));
#10833=CARTESIAN_POINT('',(0.01865,-2.77555756156289E-17,0.0101));
#10834=CARTESIAN_POINT('',(0.01865,0.,0.0116));
#10835=CARTESIAN_POINT('',(0.01715,-2.77555756156289E-17,0.0116));
#10836=CARTESIAN_POINT('',(0.01715,0.,0.000136848782026328));
#10837=CARTESIAN_POINT('',(0.01715,-2.77555756156289E-17,0.0224));
#10838=CARTESIAN_POINT('',(0.01865,0.,0.0224));
#10839=CARTESIAN_POINT('',(0.01865,-2.77555756156289E-17,0.0239));
#10840=CARTESIAN_POINT('',(-2.36946650586378E-6,0.,0.0239));
#10841=CARTESIAN_POINT('',(0.08915,0.,0.000136848782026328));
#10842=CARTESIAN_POINT('',(0.08915,-2.77555756156289E-17,0.0054));
#10843=CARTESIAN_POINT('',(0.08915,0.,-0.0054));
#10844=CARTESIAN_POINT('',(0.09065,0.,0.0054));
#10845=CARTESIAN_POINT('',(0.09065,-2.77555756156289E-17,0.0069));
#10846=CARTESIAN_POINT('',(-2.36946650586324E-6,0.,0.0069));
#10847=CARTESIAN_POINT('',(0.10145,-2.77555756156289E-17,0.0069));
#10848=CARTESIAN_POINT('',(0.10145,0.,0.0054));
#10849=CARTESIAN_POINT('',(0.10295,-2.77555756156289E-17,0.0054));
#10850=CARTESIAN_POINT('',(0.10295,0.,0.000136848782026328));
#10851=CARTESIAN_POINT('',(0.10295,-2.77555756156289E-17,-0.0054));
#10852=CARTESIAN_POINT('',(0.10145,0.,-0.0054));
#10853=CARTESIAN_POINT('',(0.10145,-2.77555756156289E-17,-0.0069));
#10854=CARTESIAN_POINT('',(-2.36946650586491E-6,0.,-0.0069));
#10855=CARTESIAN_POINT('',(0.09065,-2.77555756156289E-17,-0.0069));
#10856=CARTESIAN_POINT('',(0.09065,0.,-0.0054));
#10857=CARTESIAN_POINT('',(0.05315,0.,0.000136848782026328));
#10858=CARTESIAN_POINT('',(0.05315,-2.77555756156289E-17,-0.0116));
#10859=CARTESIAN_POINT('',(0.05315,0.,-0.0224));
#10860=CARTESIAN_POINT('',(0.05465,0.,-0.0116));
#10861=CARTESIAN_POINT('',(0.05465,-2.77555756156289E-17,-0.0101));
#10862=CARTESIAN_POINT('',(-2.36946650586542E-6,0.,-0.0101));
#10863=CARTESIAN_POINT('',(0.06545,-2.77555756156289E-17,-0.0101));
#10864=CARTESIAN_POINT('',(0.06545,0.,-0.0116));
#10865=CARTESIAN_POINT('',(0.06695,-2.77555756156289E-17,-0.0116));
#10866=CARTESIAN_POINT('',(0.06695,0.,0.000136848782026328));
#10867=CARTESIAN_POINT('',(0.06695,-2.77555756156289E-17,-0.0224));
#10868=CARTESIAN_POINT('',(0.06545,0.,-0.0224));
#10869=CARTESIAN_POINT('',(0.06545,-2.77555756156289E-17,-0.0239));
#10870=CARTESIAN_POINT('',(-2.36946650586378E-6,0.,-0.0239));
#10871=CARTESIAN_POINT('',(0.05465,-2.77555756156289E-17,-0.0239));
#10872=CARTESIAN_POINT('',(0.05465,0.,-0.0224));
#10873=CARTESIAN_POINT('',(-0.110998601420477,0.,-0.00749947844492003));
#10874=CARTESIAN_POINT('',(-0.110996736666601,0.,0.0145035169737595));
#10875=CARTESIAN_POINT('',(-0.111000423918256,0.,-0.0290038768389105));
#10876=CARTESIAN_POINT('',(-0.110000423921847,0.,-0.0290039615889109));
#10877=CARTESIAN_POINT('',(-0.00581999530125166,0.,-0.0290044510997873));
#10878=CARTESIAN_POINT('',(-0.0048199953012627,0.,-0.029004455798471));
#10879=CARTESIAN_POINT('',(-0.00481985837538502,0.,0.000136871417882688));
#10880=CARTESIAN_POINT('',(-0.00481997180784446,0.,-0.0240044557985261));
#10881=CARTESIAN_POINT('',(-0.00381997180785549,0.,-0.0240044604972098));
#10882=CARTESIAN_POINT('',(-0.00381996710917185,0.,-0.0230044604972208));
#10883=CARTESIAN_POINT('',(-2.47820028164619E-6,0.,-0.0230044784343936));
#10884=CARTESIAN_POINT('',(0.00392003289074272,0.,-0.0230044968650322));
#10885=CARTESIAN_POINT('',(0.00392002819205907,0.,-0.0240044968650212));
#10886=CARTESIAN_POINT('',(0.00492002819204803,0.,-0.0240045015637049));
#10887=CARTESIAN_POINT('',(0.00492014162450745,0.,0.00013682565270396));
#10888=CARTESIAN_POINT('',(0.00492000469862979,0.,-0.0290045015636497));
#10889=CARTESIAN_POINT('',(0.00592000469861875,0.,-0.0290045062623333));
#10890=CARTESIAN_POINT('',(0.00591999999993511,0.,-0.0300045062623223));
#10891=CARTESIAN_POINT('',(-2.54337520516623E-7,0.,-0.03000447844492));
#10892=CARTESIAN_POINT('',(0.109999995301316,0.,-0.0300049953012943));
#10893=CARTESIAN_POINT('',(0.11,0.,-0.0290049953013054));
#10894=CARTESIAN_POINT('',(0.111,0.,-0.0290049953013054));
#10895=CARTESIAN_POINT('',(0.111,0.,-0.0075));
#10896=CARTESIAN_POINT('',(0.111,0.,0.0145322378760585));
#10897=CARTESIAN_POINT('',(0.11,0.,0.0145322378760585));
#10898=CARTESIAN_POINT('',(0.110028693009757,0.,0.0155318261468935));
#10899=CARTESIAN_POINT('',(0.0515064504786198,0.,0.0305000127985687));
#10900=CARTESIAN_POINT('',(0.0596014450840228,0.,0.0168499986078201));
#10901=CARTESIAN_POINT('',(0.111015837273092,0.,0.0155047491178391));
#10902=CARTESIAN_POINT('',(0.0517883367691231,0.,0.030048399862262));
#10903=CARTESIAN_POINT('',(0.0509521121411829,0.,0.0295000127985687));
#10904=CARTESIAN_POINT('',(0.0509521121411829,0.,0.0305000127985687));
#10905=CARTESIAN_POINT('',(6.45047861980858E-6,0.,0.0305000127985687));
#10906=CARTESIAN_POINT('',(-0.0509092506046094,0.,0.0305000127985687));
#10907=CARTESIAN_POINT('',(-0.0509092506046094,0.,0.0295000127985687));
#10908=CARTESIAN_POINT('',(-0.0517699474600798,0.,0.0300091305874776));
#10909=CARTESIAN_POINT('',(-0.0514935495213802,0.,0.0305000127985687));
#10910=CARTESIAN_POINT('',(-0.0596,0.,0.01535));
#10911=CARTESIAN_POINT('',(-0.110996694165914,0.,0.015505));
#10912=CARTESIAN_POINT('',(-0.109996629082387,0.,0.0155034322179715));
#10913=CARTESIAN_POINT('',(-0.109996736670192,0.,0.0145034322237591));
#10914=CARTESIAN_POINT('',(-0.106996694165914,0.,0.0115));
#10915=CARTESIAN_POINT('',(-0.105896694165914,0.,0.0115));
#10916=CARTESIAN_POINT('',(-0.107,0.,-0.0265));
#10917=CARTESIAN_POINT('',(-0.1059,0.,-0.0265));
#10918=CARTESIAN_POINT('',(0.107,0.,0.0115));
#10919=CARTESIAN_POINT('',(0.1081,0.,0.0115));
#10920=CARTESIAN_POINT('',(0.107,0.,-0.0265));
#10921=CARTESIAN_POINT('',(0.1081,0.,-0.0265));
#10922=CARTESIAN_POINT('',(-0.09055,0.,-0.0224));
#10923=CARTESIAN_POINT('',(-0.08905,-2.77555756156289E-17,-0.0224));
#10924=CARTESIAN_POINT('',(-0.09055,0.,-0.0239));
#10925=CARTESIAN_POINT('',(-2.36946650586378E-6,0.,-0.0239));
#10926=CARTESIAN_POINT('',(-0.10135,-2.77555756156289E-17,-0.0239));
#10927=CARTESIAN_POINT('',(-0.10135,0.,-0.0224));
#10928=CARTESIAN_POINT('',(-0.10285,-2.77555756156289E-17,-0.0224));
#10929=CARTESIAN_POINT('',(-0.10285,0.,0.000136848782026328));
#10930=CARTESIAN_POINT('',(-0.10285,-2.77555756156289E-17,-0.0116));
#10931=CARTESIAN_POINT('',(-0.10135,0.,-0.0116));
#10932=CARTESIAN_POINT('',(-0.10135,-2.77555756156289E-17,-0.0101));
#10933=CARTESIAN_POINT('',(-2.36946650586378E-6,0.,-0.0101));
#10934=CARTESIAN_POINT('',(-0.09055,-2.77555756156289E-17,-0.0101));
#10935=CARTESIAN_POINT('',(-0.09055,0.,-0.0116));
#10936=CARTESIAN_POINT('',(-0.08905,-2.77555756156289E-17,-0.0116));
#10937=CARTESIAN_POINT('',(-0.08905,0.,0.000136848782026328));
#10938=CARTESIAN_POINT('',(0.03515,0.,0.000136848782026328));
#10939=CARTESIAN_POINT('',(0.03515,-2.77555756156289E-17,-0.0116));
#10940=CARTESIAN_POINT('',(0.03515,0.,-0.0224));
#10941=CARTESIAN_POINT('',(0.03665,0.,-0.0116));
#10942=CARTESIAN_POINT('',(0.03665,-2.77555756156289E-17,-0.0101));
#10943=CARTESIAN_POINT('',(-2.36946650586378E-6,0.,-0.0101));
#10944=CARTESIAN_POINT('',(0.04745,-2.77555756156289E-17,-0.0101));
#10945=CARTESIAN_POINT('',(0.04745,0.,-0.0116));
#10946=CARTESIAN_POINT('',(0.04895,-2.77555756156289E-17,-0.0116));
#10947=CARTESIAN_POINT('',(0.04895,0.,0.000136848782026328));
#10948=CARTESIAN_POINT('',(0.04895,-2.77555756156289E-17,-0.0224));
#10949=CARTESIAN_POINT('',(0.04745,0.,-0.0224));
#10950=CARTESIAN_POINT('',(0.04745,-2.77555756156289E-17,-0.0239));
#10951=CARTESIAN_POINT('',(-2.36946650586378E-6,0.,-0.0239));
#10952=CARTESIAN_POINT('',(0.03665,-2.77555756156289E-17,-0.0239));
#10953=CARTESIAN_POINT('',(0.03665,0.,-0.0224));
#10954=CARTESIAN_POINT('',(0.06545,0.,0.0054));
#10955=CARTESIAN_POINT('',(0.06545,-2.77555756156289E-17,0.0069));
#10956=CARTESIAN_POINT('',(0.06695,0.,0.0054));
#10957=CARTESIAN_POINT('',(0.06695,0.,0.000136848782026328));
#10958=CARTESIAN_POINT('',(0.06695,-2.77555756156289E-17,-0.0054));
#10959=CARTESIAN_POINT('',(0.06545,0.,-0.0054));
#10960=CARTESIAN_POINT('',(0.06545,-2.77555756156289E-17,-0.0069));
#10961=CARTESIAN_POINT('',(-2.36946650586491E-6,0.,-0.0069));
#10962=CARTESIAN_POINT('',(0.05465,-2.77555756156289E-17,-0.0069));
#10963=CARTESIAN_POINT('',(0.05465,0.,-0.0054));
#10964=CARTESIAN_POINT('',(0.05315,-2.77555756156289E-17,-0.0054));
#10965=CARTESIAN_POINT('',(0.05315,0.,0.000136848782026328));
#10966=CARTESIAN_POINT('',(0.05315,-2.77555756156289E-17,0.0054));
#10967=CARTESIAN_POINT('',(0.05465,0.,0.0054));
#10968=CARTESIAN_POINT('',(0.05465,-2.77555756156289E-17,0.0069));
#10969=CARTESIAN_POINT('',(-2.36946650586324E-6,0.,0.0069));
#10970=CARTESIAN_POINT('',(0.08345,0.,-0.0054));
#10971=CARTESIAN_POINT('',(0.08495,-2.77555756156289E-17,-0.0054));
#10972=CARTESIAN_POINT('',(0.08345,0.,-0.0069));
#10973=CARTESIAN_POINT('',(-2.36946650586491E-6,0.,-0.0069));
#10974=CARTESIAN_POINT('',(0.07265,-2.77555756156289E-17,-0.0069));
#10975=CARTESIAN_POINT('',(0.07265,0.,-0.0054));
#10976=CARTESIAN_POINT('',(0.07115,-2.77555756156289E-17,-0.0054));
#10977=CARTESIAN_POINT('',(0.07115,0.,0.000136848782026328));
#10978=CARTESIAN_POINT('',(0.07115,-2.77555756156289E-17,0.0054));
#10979=CARTESIAN_POINT('',(0.07265,0.,0.0054));
#10980=CARTESIAN_POINT('',(0.07265,-2.77555756156289E-17,0.0069));
#10981=CARTESIAN_POINT('',(-2.36946650586324E-6,0.,0.0069));
#10982=CARTESIAN_POINT('',(0.08345,-2.77555756156289E-17,0.0069));
#10983=CARTESIAN_POINT('',(0.08345,0.,0.0054));
#10984=CARTESIAN_POINT('',(0.08495,-2.77555756156289E-17,0.0054));
#10985=CARTESIAN_POINT('',(0.08495,0.,0.000136848782026328));
#10986=CARTESIAN_POINT('',(0.08915,0.,0.000136848782026328));
#10987=CARTESIAN_POINT('',(0.08915,-2.77555756156289E-17,-0.0116));
#10988=CARTESIAN_POINT('',(0.08915,0.,-0.0224));
#10989=CARTESIAN_POINT('',(0.09065,0.,-0.0116));
#10990=CARTESIAN_POINT('',(0.09065,-2.77555756156289E-17,-0.0101));
#10991=CARTESIAN_POINT('',(-2.36946650586378E-6,0.,-0.0101));
#10992=CARTESIAN_POINT('',(0.10145,-2.77555756156289E-17,-0.0101));
#10993=CARTESIAN_POINT('',(0.10145,0.,-0.0116));
#10994=CARTESIAN_POINT('',(0.10295,-2.77555756156289E-17,-0.0116));
#10995=CARTESIAN_POINT('',(0.10295,0.,0.000136848782026328));
#10996=CARTESIAN_POINT('',(0.10295,-2.77555756156289E-17,-0.0224));
#10997=CARTESIAN_POINT('',(0.10145,0.,-0.0224));
#10998=CARTESIAN_POINT('',(0.10145,-2.77555756156289E-17,-0.0239));
#10999=CARTESIAN_POINT('',(-2.36946650586378E-6,0.,-0.0239));
#11000=CARTESIAN_POINT('',(0.09065,-2.77555756156289E-17,-0.0239));
#11001=CARTESIAN_POINT('',(0.09065,0.,-0.0224));
#11002=CARTESIAN_POINT('',(0.07115,0.,0.000136848782026328));
#11003=CARTESIAN_POINT('',(0.07115,-2.77555756156289E-17,-0.0116));
#11004=CARTESIAN_POINT('',(0.07115,0.,-0.0224));
#11005=CARTESIAN_POINT('',(0.07265,0.,-0.0116));
#11006=CARTESIAN_POINT('',(0.07265,-2.77555756156289E-17,-0.0101));
#11007=CARTESIAN_POINT('',(-2.36946650586542E-6,0.,-0.0101));
#11008=CARTESIAN_POINT('',(0.08345,-2.77555756156289E-17,-0.0101));
#11009=CARTESIAN_POINT('',(0.08345,0.,-0.0116));
#11010=CARTESIAN_POINT('',(0.08495,-2.77555756156289E-17,-0.0116));
#11011=CARTESIAN_POINT('',(0.08495,0.,0.000136848782026328));
#11012=CARTESIAN_POINT('',(0.08495,-2.77555756156289E-17,-0.0224));
#11013=CARTESIAN_POINT('',(0.08345,0.,-0.0224));
#11014=CARTESIAN_POINT('',(0.08345,-2.77555756156289E-17,-0.0239));
#11015=CARTESIAN_POINT('',(-2.36946650586378E-6,0.,-0.0239));
#11016=CARTESIAN_POINT('',(0.07265,-2.77555756156289E-17,-0.0239));
#11017=CARTESIAN_POINT('',(0.07265,0.,-0.0224));
#11018=CARTESIAN_POINT('',(-0.01855,0.,0.0116));
#11019=CARTESIAN_POINT('',(-0.01705,-2.77555756156289E-17,0.0116));
#11020=CARTESIAN_POINT('',(-0.01855,0.,0.0101));
#11021=CARTESIAN_POINT('',(-2.36946650586378E-6,0.,0.0101));
#11022=CARTESIAN_POINT('',(-0.02935,-2.77555756156289E-17,0.0101));
#11023=CARTESIAN_POINT('',(-0.02935,0.,0.0116));
#11024=CARTESIAN_POINT('',(-0.03085,-2.77555756156289E-17,0.0116));
#11025=CARTESIAN_POINT('',(-0.03085,0.,0.000136848782026318));
#11026=CARTESIAN_POINT('',(-0.03085,-2.77555756156289E-17,0.0224));
#11027=CARTESIAN_POINT('',(-0.02935,0.,0.0224));
#11028=CARTESIAN_POINT('',(-0.02935,-2.77555756156289E-17,0.0239));
#11029=CARTESIAN_POINT('',(-2.36946650586378E-6,0.,0.0239));
#11030=CARTESIAN_POINT('',(-0.01855,-2.77555756156289E-17,0.0239));
#11031=CARTESIAN_POINT('',(-0.01855,0.,0.0224));
#11032=CARTESIAN_POINT('',(-0.01705,-2.77555756156289E-17,0.0224));
#11033=CARTESIAN_POINT('',(-0.01705,0.,0.000136848782026322));
#11034=CARTESIAN_POINT('',(0.01715,0.,0.000136848782026328));
#11035=CARTESIAN_POINT('',(0.01715,-2.77555756156289E-17,-0.0116));
#11036=CARTESIAN_POINT('',(0.01715,0.,-0.0224));
#11037=CARTESIAN_POINT('',(0.01865,0.,-0.0116));
#11038=CARTESIAN_POINT('',(0.01865,-2.77555756156289E-17,-0.0101));
#11039=CARTESIAN_POINT('',(-2.36946650586542E-6,0.,-0.0101));
#11040=CARTESIAN_POINT('',(0.02945,-2.77555756156289E-17,-0.0101));
#11041=CARTESIAN_POINT('',(0.02945,0.,-0.0116));
#11042=CARTESIAN_POINT('',(0.03095,-2.77555756156289E-17,-0.0116));
#11043=CARTESIAN_POINT('',(0.03095,0.,0.000136848782026328));
#11044=CARTESIAN_POINT('',(0.03095,-2.77555756156289E-17,-0.0224));
#11045=CARTESIAN_POINT('',(0.02945,0.,-0.0224));
#11046=CARTESIAN_POINT('',(0.02945,-2.77555756156289E-17,-0.0239));
#11047=CARTESIAN_POINT('',(-2.36946650586378E-6,0.,-0.0239));
#11048=CARTESIAN_POINT('',(0.01865,-2.77555756156289E-17,-0.0239));
#11049=CARTESIAN_POINT('',(0.01865,0.,-0.0224));
#11050=CARTESIAN_POINT('',(0.04745,0.,0.0116));
#11051=CARTESIAN_POINT('',(0.04895,-2.77555756156289E-17,0.0116));
#11052=CARTESIAN_POINT('',(0.04745,0.,0.0101));
#11053=CARTESIAN_POINT('',(-2.36946650586378E-6,0.,0.0101));
#11054=CARTESIAN_POINT('',(0.03665,-2.77555756156289E-17,0.0101));
#11055=CARTESIAN_POINT('',(0.03665,0.,0.0116));
#11056=CARTESIAN_POINT('',(0.03515,-2.77555756156289E-17,0.0116));
#11057=CARTESIAN_POINT('',(0.03515,0.,0.000136848782026328));
#11058=CARTESIAN_POINT('',(0.03515,-2.77555756156289E-17,0.0224));
#11059=CARTESIAN_POINT('',(0.03665,0.,0.0224));
#11060=CARTESIAN_POINT('',(0.03665,-2.77555756156289E-17,0.0239));
#11061=CARTESIAN_POINT('',(-2.36946650586378E-6,0.,0.0239));
#11062=CARTESIAN_POINT('',(0.04745,-2.77555756156289E-17,0.0239));
#11063=CARTESIAN_POINT('',(0.04745,0.,0.0224));
#11064=CARTESIAN_POINT('',(0.04895,-2.77555756156289E-17,0.0224));
#11065=CARTESIAN_POINT('',(0.04895,0.,0.000136848782026328));
#11066=CARTESIAN_POINT('',(-0.05455,0.,-0.0054));
#11067=CARTESIAN_POINT('',(-0.05305,-2.77555756156289E-17,-0.0054));
#11068=CARTESIAN_POINT('',(-0.05455,0.,-0.0069));
#11069=CARTESIAN_POINT('',(-2.36946650586265E-6,0.,-0.0069));
#11070=CARTESIAN_POINT('',(-0.06535,-2.77555756156289E-17,-0.0069));
#11071=CARTESIAN_POINT('',(-0.06535,0.,-0.0054));
#11072=CARTESIAN_POINT('',(-0.06685,-2.77555756156289E-17,-0.0054));
#11073=CARTESIAN_POINT('',(-0.06685,0.,0.000136848782026328));
#11074=CARTESIAN_POINT('',(-0.06685,-2.77555756156289E-17,0.0054));
#11075=CARTESIAN_POINT('',(-0.06535,0.,0.0054));
#11076=CARTESIAN_POINT('',(-0.06535,-2.77555756156289E-17,0.0069));
#11077=CARTESIAN_POINT('',(-2.36946650586432E-6,0.,0.0069));
#11078=CARTESIAN_POINT('',(-0.05455,-2.77555756156289E-17,0.0069));
#11079=CARTESIAN_POINT('',(-0.05455,0.,0.0054));
#11080=CARTESIAN_POINT('',(-0.05305,-2.77555756156289E-17,0.0054));
#11081=CARTESIAN_POINT('',(-0.05305,0.,0.000136848782026328));
#11082=CARTESIAN_POINT('',(-0.08485,0.,0.000136848782026328));
#11083=CARTESIAN_POINT('',(-0.08485,-2.77555756156289E-17,0.0054));
#11084=CARTESIAN_POINT('',(-0.08485,0.,-0.0054));
#11085=CARTESIAN_POINT('',(-0.08335,0.,0.0054));
#11086=CARTESIAN_POINT('',(-0.08335,-2.77555756156289E-17,0.0069));
#11087=CARTESIAN_POINT('',(-2.36946650586487E-6,0.,0.0069));
#11088=CARTESIAN_POINT('',(-0.07255,-2.77555756156289E-17,0.0069));
#11089=CARTESIAN_POINT('',(-0.07255,0.,0.0054));
#11090=CARTESIAN_POINT('',(-0.07105,-2.77555756156289E-17,0.0054));
#11091=CARTESIAN_POINT('',(-0.07105,0.,0.000136848782026328));
#11092=CARTESIAN_POINT('',(-0.07105,-2.77555756156289E-17,-0.0054));
#11093=CARTESIAN_POINT('',(-0.07255,0.,-0.0054));
#11094=CARTESIAN_POINT('',(-0.07255,-2.77555756156289E-17,-0.0069));
#11095=CARTESIAN_POINT('',(-2.36946650586265E-6,0.,-0.0069));
#11096=CARTESIAN_POINT('',(-0.08335,-2.77555756156289E-17,-0.0069));
#11097=CARTESIAN_POINT('',(-0.08335,0.,-0.0054));
#11098=CARTESIAN_POINT('',(-0.04885,0.,0.000136848782026328));
#11099=CARTESIAN_POINT('',(-0.04885,-2.77555756156289E-17,0.0224));
#11100=CARTESIAN_POINT('',(-0.04885,0.,0.0116));
#11101=CARTESIAN_POINT('',(-0.04735,0.,0.0224));
#11102=CARTESIAN_POINT('',(-0.04735,-2.77555756156289E-17,0.0239));
#11103=CARTESIAN_POINT('',(-2.36946650586378E-6,0.,0.0239));
#11104=CARTESIAN_POINT('',(-0.03655,-2.77555756156289E-17,0.0239));
#11105=CARTESIAN_POINT('',(-0.03655,0.,0.0224));
#11106=CARTESIAN_POINT('',(-0.03505,-2.77555756156289E-17,0.0224));
#11107=CARTESIAN_POINT('',(-0.03505,0.,0.000136848782026328));
#11108=CARTESIAN_POINT('',(-0.03505,-2.77555756156289E-17,0.0116));
#11109=CARTESIAN_POINT('',(-0.03655,0.,0.0116));
#11110=CARTESIAN_POINT('',(-0.03655,-2.77555756156289E-17,0.0101));
#11111=CARTESIAN_POINT('',(-2.36946650586378E-6,0.,0.0101));
#11112=CARTESIAN_POINT('',(-0.04735,-2.77555756156289E-17,0.0101));
#11113=CARTESIAN_POINT('',(-0.04735,0.,0.0116));
#11114=CARTESIAN_POINT('',(0.111,0.0012,-0.0075));
#11115=CARTESIAN_POINT('',(0.111,0.,0.0145322378760585));
#11116=CARTESIAN_POINT('',(0.111,0.0012,-0.0290049953013054));
#11117=CARTESIAN_POINT('',(-2.54337520516623E-7,0.0012,-0.03000447844492));
#11118=CARTESIAN_POINT('',(0.109999995301316,0.,-0.0300049953012943));
#11119=CARTESIAN_POINT('',(0.00591999999993511,0.0012,-0.0300045062623223));
#11120=CARTESIAN_POINT('',(-0.110998601420477,0.0012,-0.00749947844492003));
#11121=CARTESIAN_POINT('',(-0.111000423918256,0.,-0.0290038768389105));
#11122=CARTESIAN_POINT('',(-0.110996736666601,0.0012,0.0145035169737595));
#11123=CARTESIAN_POINT('',(-0.0517699474600793,0.0012,0.0300091305874783));
#11124=CARTESIAN_POINT('',(-0.0517699474600793,0.,0.0300091305874783));
#11125=CARTESIAN_POINT('',(-0.0574923093110368,0.0012,0.0203351043438883));
#11126=CARTESIAN_POINT('',(-0.0574923093110368,0.,0.0203351043438883));
#11127=CARTESIAN_POINT('',(-0.0769012031840451,0.0012,0.0154998715540526));
#11128=CARTESIAN_POINT('',(-0.0769012031840451,0.,0.0154998715540526));
#11129=CARTESIAN_POINT('',(-0.109996629079104,0.0012,0.0155034322179712));
#11130=CARTESIAN_POINT('',(-0.109996629079104,0.,0.0155034322179712));
#11131=CARTESIAN_POINT('',(-0.109996629082387,0.0012,0.0155034322179715));
#11132=CARTESIAN_POINT('',(-0.0517699474600798,0.,0.0300091305874776));
#11133=CARTESIAN_POINT('',(6.45047861980858E-6,0.0012,0.0305000127985687));
#11134=CARTESIAN_POINT('',(-0.0509092506046094,0.,0.0305000127985687));
#11135=CARTESIAN_POINT('',(0.0509521121411829,0.0012,0.0305000127985687));
#11136=CARTESIAN_POINT('',(0.0517883367691223,0.0012,0.0300483998622633));
#11137=CARTESIAN_POINT('',(0.0517883367691223,0.,0.0300483998622633));
#11138=CARTESIAN_POINT('',(0.0575117270905291,0.0012,0.0213209147355437));
#11139=CARTESIAN_POINT('',(0.0575117270905291,0.,0.0213209147355437));
#11140=CARTESIAN_POINT('',(0.0769251791697025,0.0012,0.0164820568304503));
#11141=CARTESIAN_POINT('',(0.0769251791697025,0.,0.0164820568304503));
#11142=CARTESIAN_POINT('',(0.110028693006642,0.0012,0.0155318261469829));
#11143=CARTESIAN_POINT('',(0.110028693006642,0.,0.0155318261469829));
#11144=CARTESIAN_POINT('',(0.0517883367691228,0.0012,0.0300483998622626));
#11145=CARTESIAN_POINT('',(0.110028693009757,0.,0.0155318261468935));
#11146=CARTESIAN_POINT('',(-0.106996694165914,0.0012,0.0115));
#11147=CARTESIAN_POINT('',(-0.107,0.0012,-0.0265));
#11148=CARTESIAN_POINT('',(0.107,0.0012,0.0115));
#11149=CARTESIAN_POINT('',(0.107,0.0012,-0.0265));
#11150=CARTESIAN_POINT('',(-0.09595,-0.0752,-0.0239));
#11151=CARTESIAN_POINT('',(-0.09055,-0.0752,-0.0239));
#11152=CARTESIAN_POINT('',(-0.10135,-0.0752,-0.0239));
#11153=CARTESIAN_POINT('',(-0.10135,-0.0752,-0.0224));
#11154=CARTESIAN_POINT('',(-0.10285,-0.0752,-0.0224));
#11155=CARTESIAN_POINT('',(-0.10285,-0.0752,-0.017));
#11156=CARTESIAN_POINT('',(-0.10285,-0.0752,-0.0116));
#11157=CARTESIAN_POINT('',(-0.10135,-0.0752,-0.0116));
#11158=CARTESIAN_POINT('',(-0.10135,-0.0752,-0.0101));
#11159=CARTESIAN_POINT('',(-0.09595,-0.0752,-0.0101));
#11160=CARTESIAN_POINT('',(-0.09055,-0.0752,-0.0101));
#11161=CARTESIAN_POINT('',(-0.09055,-0.0752,-0.0116));
#11162=CARTESIAN_POINT('',(-0.08905,-0.0752,-0.0116));
#11163=CARTESIAN_POINT('',(-0.08905,-0.0752,-0.017));
#11164=CARTESIAN_POINT('',(-0.08905,-0.0752,-0.0224));
#11165=CARTESIAN_POINT('',(-0.09055,-0.0752,-0.0224));
#11166=CARTESIAN_POINT('',(0.03515,-0.0752,-0.017));
#11167=CARTESIAN_POINT('',(0.03515,-0.0752,-0.0224));
#11168=CARTESIAN_POINT('',(0.03515,-0.0752,-0.0116));
#11169=CARTESIAN_POINT('',(0.03665,-0.0752,-0.0116));
#11170=CARTESIAN_POINT('',(0.03665,-0.0752,-0.0101));
#11171=CARTESIAN_POINT('',(0.04205,-0.0752,-0.0101));
#11172=CARTESIAN_POINT('',(0.04745,-0.0752,-0.0101));
#11173=CARTESIAN_POINT('',(0.04745,-0.0752,-0.0116));
#11174=CARTESIAN_POINT('',(0.04895,-0.0752,-0.0116));
#11175=CARTESIAN_POINT('',(0.04895,-0.0752,-0.017));
#11176=CARTESIAN_POINT('',(0.04895,-0.0752,-0.0224));
#11177=CARTESIAN_POINT('',(0.04745,-0.0752,-0.0224));
#11178=CARTESIAN_POINT('',(0.04745,-0.0752,-0.0239));
#11179=CARTESIAN_POINT('',(0.04205,-0.0752,-0.0239));
#11180=CARTESIAN_POINT('',(0.03665,-0.0752,-0.0239));
#11181=CARTESIAN_POINT('',(0.03665,-0.0752,-0.0224));
#11182=CARTESIAN_POINT('',(0.05315,-0.0752,-0.017));
#11183=CARTESIAN_POINT('',(0.05315,-0.0752,-0.0224));
#11184=CARTESIAN_POINT('',(0.05315,-0.0752,-0.0116));
#11185=CARTESIAN_POINT('',(0.05465,-0.0752,-0.0116));
#11186=CARTESIAN_POINT('',(0.05465,-0.0752,-0.0101));
#11187=CARTESIAN_POINT('',(0.06005,-0.0752,-0.0101));
#11188=CARTESIAN_POINT('',(0.06545,-0.0752,-0.0101));
#11189=CARTESIAN_POINT('',(0.06545,-0.0752,-0.0116));
#11190=CARTESIAN_POINT('',(0.06695,-0.0752,-0.0116));
#11191=CARTESIAN_POINT('',(0.06695,-0.0752,-0.017));
#11192=CARTESIAN_POINT('',(0.06695,-0.0752,-0.0224));
#11193=CARTESIAN_POINT('',(0.06545,-0.0752,-0.0224));
#11194=CARTESIAN_POINT('',(0.06545,-0.0752,-0.0239));
#11195=CARTESIAN_POINT('',(0.06005,-0.0752,-0.0239));
#11196=CARTESIAN_POINT('',(0.05465,-0.0752,-0.0239));
#11197=CARTESIAN_POINT('',(0.05465,-0.0752,-0.0224));
#11198=CARTESIAN_POINT('',(0.06695,-0.0752,2.16840434497101E-18));
#11199=CARTESIAN_POINT('',(0.06695,-0.0752,0.0054));
#11200=CARTESIAN_POINT('',(0.06695,-0.0752,-0.0054));
#11201=CARTESIAN_POINT('',(0.06545,-0.0752,-0.0054));
#11202=CARTESIAN_POINT('',(0.06545,-0.0752,-0.0069));
#11203=CARTESIAN_POINT('',(0.06005,-0.0752,-0.0069));
#11204=CARTESIAN_POINT('',(0.05465,-0.0752,-0.0069));
#11205=CARTESIAN_POINT('',(0.05465,-0.0752,-0.0054));
#11206=CARTESIAN_POINT('',(0.05315,-0.0752,-0.0054));
#11207=CARTESIAN_POINT('',(0.05315,-0.0752,3.46944695195361E-18));
#11208=CARTESIAN_POINT('',(0.05315,-0.0752,0.0054));
#11209=CARTESIAN_POINT('',(0.05465,-0.0752,0.0054));
#11210=CARTESIAN_POINT('',(0.05465,-0.0752,0.0069));
#11211=CARTESIAN_POINT('',(0.06005,-0.0752,0.0069));
#11212=CARTESIAN_POINT('',(0.06545,-0.0752,0.0069));
#11213=CARTESIAN_POINT('',(0.06545,-0.0752,0.0054));
#11214=CARTESIAN_POINT('',(0.07805,-0.0752,-0.0069));
#11215=CARTESIAN_POINT('',(0.08345,-0.0752,-0.0069));
#11216=CARTESIAN_POINT('',(0.07265,-0.0752,-0.0069));
#11217=CARTESIAN_POINT('',(0.07265,-0.0752,-0.0054));
#11218=CARTESIAN_POINT('',(0.07115,-0.0752,-0.0054));
#11219=CARTESIAN_POINT('',(0.07115,-0.0752,2.60208521396521E-18));
#11220=CARTESIAN_POINT('',(0.07115,-0.0752,0.0054));
#11221=CARTESIAN_POINT('',(0.07265,-0.0752,0.0054));
#11222=CARTESIAN_POINT('',(0.07265,-0.0752,0.0069));
#11223=CARTESIAN_POINT('',(0.07805,-0.0752,0.0069));
#11224=CARTESIAN_POINT('',(0.08345,-0.0752,0.0069));
#11225=CARTESIAN_POINT('',(0.08345,-0.0752,0.0054));
#11226=CARTESIAN_POINT('',(0.08495,-0.0752,0.0054));
#11227=CARTESIAN_POINT('',(0.08495,-0.0752,8.67361737988404E-19));
#11228=CARTESIAN_POINT('',(0.08495,-0.0752,-0.0054));
#11229=CARTESIAN_POINT('',(0.08345,-0.0752,-0.0054));
#11230=CARTESIAN_POINT('',(0.08915,-0.0752,-0.017));
#11231=CARTESIAN_POINT('',(0.08915,-0.0752,-0.0224));
#11232=CARTESIAN_POINT('',(0.08915,-0.0752,-0.0116));
#11233=CARTESIAN_POINT('',(0.09065,-0.0752,-0.0116));
#11234=CARTESIAN_POINT('',(0.09065,-0.0752,-0.0101));
#11235=CARTESIAN_POINT('',(0.09605,-0.0752,-0.0101));
#11236=CARTESIAN_POINT('',(0.10145,-0.0752,-0.0101));
#11237=CARTESIAN_POINT('',(0.10145,-0.0752,-0.0116));
#11238=CARTESIAN_POINT('',(0.10295,-0.0752,-0.0116));
#11239=CARTESIAN_POINT('',(0.10295,-0.0752,-0.017));
#11240=CARTESIAN_POINT('',(0.10295,-0.0752,-0.0224));
#11241=CARTESIAN_POINT('',(0.10145,-0.0752,-0.0224));
#11242=CARTESIAN_POINT('',(0.10145,-0.0752,-0.0239));
#11243=CARTESIAN_POINT('',(0.09605,-0.0752,-0.0239));
#11244=CARTESIAN_POINT('',(0.09065,-0.0752,-0.0239));
#11245=CARTESIAN_POINT('',(0.09065,-0.0752,-0.0224));
#11246=CARTESIAN_POINT('',(0.08915,-0.0752,-4.33680868994202E-18));
#11247=CARTESIAN_POINT('',(0.08915,-0.0752,-0.0054));
#11248=CARTESIAN_POINT('',(0.08915,-0.0752,0.0054));
#11249=CARTESIAN_POINT('',(0.09065,-0.0752,0.0054));
#11250=CARTESIAN_POINT('',(0.09065,-0.0752,0.0069));
#11251=CARTESIAN_POINT('',(0.09605,-0.0752,0.0069));
#11252=CARTESIAN_POINT('',(0.10145,-0.0752,0.0069));
#11253=CARTESIAN_POINT('',(0.10145,-0.0752,0.0054));
#11254=CARTESIAN_POINT('',(0.10295,-0.0752,0.0054));
#11255=CARTESIAN_POINT('',(0.10295,-0.0752,-6.07153216591882E-18));
#11256=CARTESIAN_POINT('',(0.10295,-0.0752,-0.0054));
#11257=CARTESIAN_POINT('',(0.10145,-0.0752,-0.0054));
#11258=CARTESIAN_POINT('',(0.10145,-0.0752,-0.0069));
#11259=CARTESIAN_POINT('',(0.09605,-0.0752,-0.0069));
#11260=CARTESIAN_POINT('',(0.09065,-0.0752,-0.0069));
#11261=CARTESIAN_POINT('',(0.09065,-0.0752,-0.0054));
#11262=CARTESIAN_POINT('',(0.07115,-0.0752,-0.017));
#11263=CARTESIAN_POINT('',(0.07115,-0.0752,-0.0224));
#11264=CARTESIAN_POINT('',(0.07115,-0.0752,-0.0116));
#11265=CARTESIAN_POINT('',(0.07265,-0.0752,-0.0116));
#11266=CARTESIAN_POINT('',(0.07265,-0.0752,-0.0101));
#11267=CARTESIAN_POINT('',(0.07805,-0.0752,-0.0101));
#11268=CARTESIAN_POINT('',(0.08345,-0.0752,-0.0101));
#11269=CARTESIAN_POINT('',(0.08345,-0.0752,-0.0116));
#11270=CARTESIAN_POINT('',(0.08495,-0.0752,-0.0116));
#11271=CARTESIAN_POINT('',(0.08495,-0.0752,-0.017));
#11272=CARTESIAN_POINT('',(0.08495,-0.0752,-0.0224));
#11273=CARTESIAN_POINT('',(0.08345,-0.0752,-0.0224));
#11274=CARTESIAN_POINT('',(0.08345,-0.0752,-0.0239));
#11275=CARTESIAN_POINT('',(0.07805,-0.0752,-0.0239));
#11276=CARTESIAN_POINT('',(0.07265,-0.0752,-0.0239));
#11277=CARTESIAN_POINT('',(0.07265,-0.0752,-0.0224));
#11278=CARTESIAN_POINT('',(0.03095,-0.0752,0.017));
#11279=CARTESIAN_POINT('',(0.03095,-0.0752,0.0224));
#11280=CARTESIAN_POINT('',(0.03095,-0.0752,0.0116));
#11281=CARTESIAN_POINT('',(0.02945,-0.0752,0.0116));
#11282=CARTESIAN_POINT('',(0.02945,-0.0752,0.0101));
#11283=CARTESIAN_POINT('',(0.02405,-0.0752,0.0101));
#11284=CARTESIAN_POINT('',(0.01865,-0.0752,0.0101));
#11285=CARTESIAN_POINT('',(0.01865,-0.0752,0.0116));
#11286=CARTESIAN_POINT('',(0.01715,-0.0752,0.0116));
#11287=CARTESIAN_POINT('',(0.01715,-0.0752,0.017));
#11288=CARTESIAN_POINT('',(0.01715,-0.0752,0.0224));
#11289=CARTESIAN_POINT('',(0.01865,-0.0752,0.0224));
#11290=CARTESIAN_POINT('',(0.01865,-0.0752,0.0239));
#11291=CARTESIAN_POINT('',(0.02405,-0.0752,0.0239));
#11292=CARTESIAN_POINT('',(0.02945,-0.0752,0.0239));
#11293=CARTESIAN_POINT('',(0.02945,-0.0752,0.0224));
#11294=CARTESIAN_POINT('',(-0.02395,-0.0752,-0.0239));
#11295=CARTESIAN_POINT('',(-0.01855,-0.0752,-0.0239));
#11296=CARTESIAN_POINT('',(-0.02935,-0.0752,-0.0239));
#11297=CARTESIAN_POINT('',(-0.02935,-0.0752,-0.0224));
#11298=CARTESIAN_POINT('',(-0.03085,-0.0752,-0.0224));
#11299=CARTESIAN_POINT('',(-0.03085,-0.0752,-0.017));
#11300=CARTESIAN_POINT('',(-0.03085,-0.0752,-0.0116));
#11301=CARTESIAN_POINT('',(-0.02935,-0.0752,-0.0116));
#11302=CARTESIAN_POINT('',(-0.02935,-0.0752,-0.0101));
#11303=CARTESIAN_POINT('',(-0.02395,-0.0752,-0.0101));
#11304=CARTESIAN_POINT('',(-0.01855,-0.0752,-0.0101));
#11305=CARTESIAN_POINT('',(-0.01855,-0.0752,-0.0116));
#11306=CARTESIAN_POINT('',(-0.01705,-0.0752,-0.0116));
#11307=CARTESIAN_POINT('',(-0.01705,-0.0752,-0.017));
#11308=CARTESIAN_POINT('',(-0.01705,-0.0752,-0.0224));
#11309=CARTESIAN_POINT('',(-0.01855,-0.0752,-0.0224));
#11310=CARTESIAN_POINT('',(-0.03085,-0.0752,0.));
#11311=CARTESIAN_POINT('',(-0.03085,-0.0752,-0.0054));
#11312=CARTESIAN_POINT('',(-0.03085,-0.0752,0.0054));
#11313=CARTESIAN_POINT('',(-0.02935,-0.0752,0.0054));
#11314=CARTESIAN_POINT('',(-0.02935,-0.0752,0.0069));
#11315=CARTESIAN_POINT('',(-0.02395,-0.0752,0.0069));
#11316=CARTESIAN_POINT('',(-0.01855,-0.0752,0.0069));
#11317=CARTESIAN_POINT('',(-0.01855,-0.0752,0.0054));
#11318=CARTESIAN_POINT('',(-0.01705,-0.0752,0.0054));
#11319=CARTESIAN_POINT('',(-0.01705,-0.0752,3.03576608295941E-18));
#11320=CARTESIAN_POINT('',(-0.01705,-0.0752,-0.0054));
#11321=CARTESIAN_POINT('',(-0.01855,-0.0752,-0.0054));
#11322=CARTESIAN_POINT('',(-0.01855,-0.0752,-0.0069));
#11323=CARTESIAN_POINT('',(-0.02395,-0.0752,-0.0069));
#11324=CARTESIAN_POINT('',(-0.02935,-0.0752,-0.0069));
#11325=CARTESIAN_POINT('',(-0.02935,-0.0752,-0.0054));
#11326=CARTESIAN_POINT('',(-0.02395,-0.0752,0.0101));
#11327=CARTESIAN_POINT('',(-0.01855,-0.0752,0.0101));
#11328=CARTESIAN_POINT('',(-0.02935,-0.0752,0.0101));
#11329=CARTESIAN_POINT('',(-0.02935,-0.0752,0.0116));
#11330=CARTESIAN_POINT('',(-0.03085,-0.0752,0.0116));
#11331=CARTESIAN_POINT('',(-0.03085,-0.0752,0.017));
#11332=CARTESIAN_POINT('',(-0.03085,-0.0752,0.0224));
#11333=CARTESIAN_POINT('',(-0.02935,-0.0752,0.0224));
#11334=CARTESIAN_POINT('',(-0.02935,-0.0752,0.0239));
#11335=CARTESIAN_POINT('',(-0.02395,-0.0752,0.0239));
#11336=CARTESIAN_POINT('',(-0.01855,-0.0752,0.0239));
#11337=CARTESIAN_POINT('',(-0.01855,-0.0752,0.0224));
#11338=CARTESIAN_POINT('',(-0.01705,-0.0752,0.0224));
#11339=CARTESIAN_POINT('',(-0.01705,-0.0752,0.017));
#11340=CARTESIAN_POINT('',(-0.01705,-0.0752,0.0116));
#11341=CARTESIAN_POINT('',(-0.01855,-0.0752,0.0116));
#11342=CARTESIAN_POINT('',(0.01715,-0.0752,-0.017));
#11343=CARTESIAN_POINT('',(0.01715,-0.0752,-0.0224));
#11344=CARTESIAN_POINT('',(0.01715,-0.0752,-0.0116));
#11345=CARTESIAN_POINT('',(0.01865,-0.0752,-0.0116));
#11346=CARTESIAN_POINT('',(0.01865,-0.0752,-0.0101));
#11347=CARTESIAN_POINT('',(0.02405,-0.0752,-0.0101));
#11348=CARTESIAN_POINT('',(0.02945,-0.0752,-0.0101));
#11349=CARTESIAN_POINT('',(0.02945,-0.0752,-0.0116));
#11350=CARTESIAN_POINT('',(0.03095,-0.0752,-0.0116));
#11351=CARTESIAN_POINT('',(0.03095,-0.0752,-0.017));
#11352=CARTESIAN_POINT('',(0.03095,-0.0752,-0.0224));
#11353=CARTESIAN_POINT('',(0.02945,-0.0752,-0.0224));
#11354=CARTESIAN_POINT('',(0.02945,-0.0752,-0.0239));
#11355=CARTESIAN_POINT('',(0.02405,-0.0752,-0.0239));
#11356=CARTESIAN_POINT('',(0.01865,-0.0752,-0.0239));
#11357=CARTESIAN_POINT('',(0.01865,-0.0752,-0.0224));
#11358=CARTESIAN_POINT('',(0.04205,-0.0752,-0.0069));
#11359=CARTESIAN_POINT('',(0.04745,-0.0752,-0.0069));
#11360=CARTESIAN_POINT('',(0.03665,-0.0752,-0.0069));
#11361=CARTESIAN_POINT('',(0.03665,-0.0752,-0.0054));
#11362=CARTESIAN_POINT('',(0.03515,-0.0752,-0.0054));
#11363=CARTESIAN_POINT('',(0.03515,-0.0752,-1.7347234759768E-18));
#11364=CARTESIAN_POINT('',(0.03515,-0.0752,0.0054));
#11365=CARTESIAN_POINT('',(0.03665,-0.0752,0.0054));
#11366=CARTESIAN_POINT('',(0.03665,-0.0752,0.0069));
#11367=CARTESIAN_POINT('',(0.04205,-0.0752,0.0069));
#11368=CARTESIAN_POINT('',(0.04745,-0.0752,0.0069));
#11369=CARTESIAN_POINT('',(0.04745,-0.0752,0.0054));
#11370=CARTESIAN_POINT('',(0.04895,-0.0752,0.0054));
#11371=CARTESIAN_POINT('',(0.04895,-0.0752,-3.46944695195361E-18));
#11372=CARTESIAN_POINT('',(0.04895,-0.0752,-0.0054));
#11373=CARTESIAN_POINT('',(0.04745,-0.0752,-0.0054));
#11374=CARTESIAN_POINT('',(0.01715,-0.0752,2.60208521396521E-18));
#11375=CARTESIAN_POINT('',(0.01715,-0.0752,-0.0054));
#11376=CARTESIAN_POINT('',(0.01715,-0.0752,0.0054));
#11377=CARTESIAN_POINT('',(0.01865,-0.0752,0.0054));
#11378=CARTESIAN_POINT('',(0.01865,-0.0752,0.0069));
#11379=CARTESIAN_POINT('',(0.02405,-0.0752,0.0069));
#11380=CARTESIAN_POINT('',(0.02945,-0.0752,0.0069));
#11381=CARTESIAN_POINT('',(0.02945,-0.0752,0.0054));
#11382=CARTESIAN_POINT('',(0.03095,-0.0752,0.0054));
#11383=CARTESIAN_POINT('',(0.03095,-0.0752,8.67361737988404E-19));
#11384=CARTESIAN_POINT('',(0.03095,-0.0752,-0.0054));
#11385=CARTESIAN_POINT('',(0.02945,-0.0752,-0.0054));
#11386=CARTESIAN_POINT('',(0.02945,-0.0752,-0.0069));
#11387=CARTESIAN_POINT('',(0.02405,-0.0752,-0.0069));
#11388=CARTESIAN_POINT('',(0.01865,-0.0752,-0.0069));
#11389=CARTESIAN_POINT('',(0.01865,-0.0752,-0.0054));
#11390=CARTESIAN_POINT('',(0.04205,-0.0752,0.0101));
#11391=CARTESIAN_POINT('',(0.04745,-0.0752,0.0101));
#11392=CARTESIAN_POINT('',(0.03665,-0.0752,0.0101));
#11393=CARTESIAN_POINT('',(0.03665,-0.0752,0.0116));
#11394=CARTESIAN_POINT('',(0.03515,-0.0752,0.0116));
#11395=CARTESIAN_POINT('',(0.03515,-0.0752,0.017));
#11396=CARTESIAN_POINT('',(0.03515,-0.0752,0.0224));
#11397=CARTESIAN_POINT('',(0.03665,-0.0752,0.0224));
#11398=CARTESIAN_POINT('',(0.03665,-0.0752,0.0239));
#11399=CARTESIAN_POINT('',(0.04205,-0.0752,0.0239));
#11400=CARTESIAN_POINT('',(0.04745,-0.0752,0.0239));
#11401=CARTESIAN_POINT('',(0.04745,-0.0752,0.0224));
#11402=CARTESIAN_POINT('',(0.04895,-0.0752,0.0224));
#11403=CARTESIAN_POINT('',(0.04895,-0.0752,0.017));
#11404=CARTESIAN_POINT('',(0.04895,-0.0752,0.0116));
#11405=CARTESIAN_POINT('',(0.04745,-0.0752,0.0116));
#11406=CARTESIAN_POINT('',(-0.05995,-0.0752,-0.0069));
#11407=CARTESIAN_POINT('',(-0.05455,-0.0752,-0.0069));
#11408=CARTESIAN_POINT('',(-0.06535,-0.0752,-0.0069));
#11409=CARTESIAN_POINT('',(-0.06535,-0.0752,-0.0054));
#11410=CARTESIAN_POINT('',(-0.06685,-0.0752,-0.0054));
#11411=CARTESIAN_POINT('',(-0.06685,-0.0752,-4.33680868994202E-18));
#11412=CARTESIAN_POINT('',(-0.06685,-0.0752,0.0054));
#11413=CARTESIAN_POINT('',(-0.06535,-0.0752,0.0054));
#11414=CARTESIAN_POINT('',(-0.06535,-0.0752,0.0069));
#11415=CARTESIAN_POINT('',(-0.05995,-0.0752,0.0069));
#11416=CARTESIAN_POINT('',(-0.05455,-0.0752,0.0069));
#11417=CARTESIAN_POINT('',(-0.05455,-0.0752,0.0054));
#11418=CARTESIAN_POINT('',(-0.05305,-0.0752,0.0054));
#11419=CARTESIAN_POINT('',(-0.05305,-0.0752,-2.60208521396521E-18));
#11420=CARTESIAN_POINT('',(-0.05305,-0.0752,-0.0054));
#11421=CARTESIAN_POINT('',(-0.05455,-0.0752,-0.0054));
#11422=CARTESIAN_POINT('',(-0.08485,-0.0752,-7.80625564189563E-18));
#11423=CARTESIAN_POINT('',(-0.08485,-0.0752,-0.0054));
#11424=CARTESIAN_POINT('',(-0.08485,-0.0752,0.0054));
#11425=CARTESIAN_POINT('',(-0.08335,-0.0752,0.0054));
#11426=CARTESIAN_POINT('',(-0.08335,-0.0752,0.0069));
#11427=CARTESIAN_POINT('',(-0.07795,-0.0752,0.0069));
#11428=CARTESIAN_POINT('',(-0.07255,-0.0752,0.0069));
#11429=CARTESIAN_POINT('',(-0.07255,-0.0752,0.0054));
#11430=CARTESIAN_POINT('',(-0.07105,-0.0752,0.0054));
#11431=CARTESIAN_POINT('',(-0.07105,-0.0752,-4.33680868994202E-18));
#11432=CARTESIAN_POINT('',(-0.07105,-0.0752,-0.0054));
#11433=CARTESIAN_POINT('',(-0.07255,-0.0752,-0.0054));
#11434=CARTESIAN_POINT('',(-0.07255,-0.0752,-0.0069));
#11435=CARTESIAN_POINT('',(-0.07795,-0.0752,-0.0069));
#11436=CARTESIAN_POINT('',(-0.08335,-0.0752,-0.0069));
#11437=CARTESIAN_POINT('',(-0.08335,-0.0752,-0.0054));
#11438=CARTESIAN_POINT('',(-0.08905,-0.0752,-3.46944695195361E-18));
#11439=CARTESIAN_POINT('',(-0.08905,-0.0752,0.0054));
#11440=CARTESIAN_POINT('',(-0.08905,-0.0752,-0.0054));
#11441=CARTESIAN_POINT('',(-0.09055,-0.0752,-0.0054));
#11442=CARTESIAN_POINT('',(-0.09055,-0.0752,-0.0069));
#11443=CARTESIAN_POINT('',(-0.09595,-0.0752,-0.0069));
#11444=CARTESIAN_POINT('',(-0.10135,-0.0752,-0.0069));
#11445=CARTESIAN_POINT('',(-0.10135,-0.0752,-0.0054));
#11446=CARTESIAN_POINT('',(-0.10285,-0.0752,-0.0054));
#11447=CARTESIAN_POINT('',(-0.10285,-0.0752,-8.67361737988404E-18));
#11448=CARTESIAN_POINT('',(-0.10285,-0.0752,0.0054));
#11449=CARTESIAN_POINT('',(-0.10135,-0.0752,0.0054));
#11450=CARTESIAN_POINT('',(-0.10135,-0.0752,0.0069));
#11451=CARTESIAN_POINT('',(-0.09595,-0.0752,0.0069));
#11452=CARTESIAN_POINT('',(-0.09055,-0.0752,0.0069));
#11453=CARTESIAN_POINT('',(-0.09055,-0.0752,0.0054));
#11454=CARTESIAN_POINT('',(-0.07105,-0.0752,-0.017));
#11455=CARTESIAN_POINT('',(-0.07105,-0.0752,-0.0116));
#11456=CARTESIAN_POINT('',(-0.07105,-0.0752,-0.0224));
#11457=CARTESIAN_POINT('',(-0.07255,-0.0752,-0.0224));
#11458=CARTESIAN_POINT('',(-0.07255,-0.0752,-0.0239));
#11459=CARTESIAN_POINT('',(-0.07795,-0.0752,-0.0239));
#11460=CARTESIAN_POINT('',(-0.08335,-0.0752,-0.0239));
#11461=CARTESIAN_POINT('',(-0.08335,-0.0752,-0.0224));
#11462=CARTESIAN_POINT('',(-0.08485,-0.0752,-0.0224));
#11463=CARTESIAN_POINT('',(-0.08485,-0.0752,-0.017));
#11464=CARTESIAN_POINT('',(-0.08485,-0.0752,-0.0116));
#11465=CARTESIAN_POINT('',(-0.08335,-0.0752,-0.0116));
#11466=CARTESIAN_POINT('',(-0.08335,-0.0752,-0.0101));
#11467=CARTESIAN_POINT('',(-0.07795,-0.0752,-0.0101));
#11468=CARTESIAN_POINT('',(-0.07255,-0.0752,-0.0101));
#11469=CARTESIAN_POINT('',(-0.07255,-0.0752,-0.0116));
#11470=CARTESIAN_POINT('',(-0.05995,-0.0752,-0.0239));
#11471=CARTESIAN_POINT('',(-0.05455,-0.0752,-0.0239));
#11472=CARTESIAN_POINT('',(-0.06535,-0.0752,-0.0239));
#11473=CARTESIAN_POINT('',(-0.06535,-0.0752,-0.0224));
#11474=CARTESIAN_POINT('',(-0.06685,-0.0752,-0.0224));
#11475=CARTESIAN_POINT('',(-0.06685,-0.0752,-0.017));
#11476=CARTESIAN_POINT('',(-0.06685,-0.0752,-0.0116));
#11477=CARTESIAN_POINT('',(-0.06535,-0.0752,-0.0116));
#11478=CARTESIAN_POINT('',(-0.06535,-0.0752,-0.0101));
#11479=CARTESIAN_POINT('',(-0.05995,-0.0752,-0.0101));
#11480=CARTESIAN_POINT('',(-0.05455,-0.0752,-0.0101));
#11481=CARTESIAN_POINT('',(-0.05455,-0.0752,-0.0116));
#11482=CARTESIAN_POINT('',(-0.05305,-0.0752,-0.0116));
#11483=CARTESIAN_POINT('',(-0.05305,-0.0752,-0.017));
#11484=CARTESIAN_POINT('',(-0.05305,-0.0752,-0.0224));
#11485=CARTESIAN_POINT('',(-0.05455,-0.0752,-0.0224));
#11486=CARTESIAN_POINT('',(-0.04195,-0.0752,-0.0239));
#11487=CARTESIAN_POINT('',(-0.03655,-0.0752,-0.0239));
#11488=CARTESIAN_POINT('',(-0.04735,-0.0752,-0.0239));
#11489=CARTESIAN_POINT('',(-0.04735,-0.0752,-0.0224));
#11490=CARTESIAN_POINT('',(-0.04885,-0.0752,-0.0224));
#11491=CARTESIAN_POINT('',(-0.04885,-0.0752,-0.017));
#11492=CARTESIAN_POINT('',(-0.04885,-0.0752,-0.0116));
#11493=CARTESIAN_POINT('',(-0.04735,-0.0752,-0.0116));
#11494=CARTESIAN_POINT('',(-0.04735,-0.0752,-0.0101));
#11495=CARTESIAN_POINT('',(-0.04195,-0.0752,-0.0101));
#11496=CARTESIAN_POINT('',(-0.03655,-0.0752,-0.0101));
#11497=CARTESIAN_POINT('',(-0.03655,-0.0752,-0.0116));
#11498=CARTESIAN_POINT('',(-0.03505,-0.0752,-0.0116));
#11499=CARTESIAN_POINT('',(-0.03505,-0.0752,-0.017));
#11500=CARTESIAN_POINT('',(-0.03505,-0.0752,-0.0224));
#11501=CARTESIAN_POINT('',(-0.03655,-0.0752,-0.0224));
#11502=CARTESIAN_POINT('',(-0.04885,-0.0752,-8.67361737988404E-19));
#11503=CARTESIAN_POINT('',(-0.04885,-0.0752,-0.0054));
#11504=CARTESIAN_POINT('',(-0.04885,-0.0752,0.0054));
#11505=CARTESIAN_POINT('',(-0.04735,-0.0752,0.0054));
#11506=CARTESIAN_POINT('',(-0.04735,-0.0752,0.0069));
#11507=CARTESIAN_POINT('',(-0.04195,-0.0752,0.0069));
#11508=CARTESIAN_POINT('',(-0.03655,-0.0752,0.0069));
#11509=CARTESIAN_POINT('',(-0.03655,-0.0752,0.0054));
#11510=CARTESIAN_POINT('',(-0.03505,-0.0752,0.0054));
#11511=CARTESIAN_POINT('',(-0.03505,-0.0752,1.7347234759768E-18));
#11512=CARTESIAN_POINT('',(-0.03505,-0.0752,-0.0054));
#11513=CARTESIAN_POINT('',(-0.03655,-0.0752,-0.0054));
#11514=CARTESIAN_POINT('',(-0.03655,-0.0752,-0.0069));
#11515=CARTESIAN_POINT('',(-0.04195,-0.0752,-0.0069));
#11516=CARTESIAN_POINT('',(-0.04735,-0.0752,-0.0069));
#11517=CARTESIAN_POINT('',(-0.04735,-0.0752,-0.0054));
#11518=CARTESIAN_POINT('',(-0.04885,-0.0752,0.017));
#11519=CARTESIAN_POINT('',(-0.04885,-0.0752,0.0116));
#11520=CARTESIAN_POINT('',(-0.04885,-0.0752,0.0224));
#11521=CARTESIAN_POINT('',(-0.04735,-0.0752,0.0224));
#11522=CARTESIAN_POINT('',(-0.04735,-0.0752,0.0239));
#11523=CARTESIAN_POINT('',(-0.04195,-0.0752,0.0239));
#11524=CARTESIAN_POINT('',(-0.03655,-0.0752,0.0239));
#11525=CARTESIAN_POINT('',(-0.03655,-0.0752,0.0224));
#11526=CARTESIAN_POINT('',(-0.03505,-0.0752,0.0224));
#11527=CARTESIAN_POINT('',(-0.03505,-0.0752,0.017));
#11528=CARTESIAN_POINT('',(-0.03505,-0.0752,0.0116));
#11529=CARTESIAN_POINT('',(-0.03655,-0.0752,0.0116));
#11530=CARTESIAN_POINT('',(-0.03655,-0.0752,0.0101));
#11531=CARTESIAN_POINT('',(-0.04195,-0.0752,0.0101));
#11532=CARTESIAN_POINT('',(-0.04735,-0.0752,0.0101));
#11533=CARTESIAN_POINT('',(-0.04735,-0.0752,0.0116));
#11534=CARTESIAN_POINT('',(-0.0106885820188396,0.0006,0.00249361831520861));
#11535=CARTESIAN_POINT('',(-0.0106885820188396,0.0012,0.00249361831520861));
#11536=CARTESIAN_POINT('',(-0.0106885820188396,0.0006,0.00315234785462485));
#11537=CARTESIAN_POINT('',(-0.0106885820188396,0.0012,0.00315234785462485));
#11538=CARTESIAN_POINT('',(-0.010906849302343,0.0006,0.00365817807590572));
#11539=CARTESIAN_POINT('',(-0.010906849302343,0.0012,0.00365817807590572));
#11540=CARTESIAN_POINT('',(-0.0113433838693496,0.0006,0.00401110897905121));
#11541=CARTESIAN_POINT('',(-0.0113433838693496,0.0012,0.00401110897905121));
#11542=CARTESIAN_POINT('',(-0.0106885820188396,0.0006,0.00249361831520861));
#11543=CARTESIAN_POINT('',(-0.0106885820188396,0.0006,0.00249361831520861));
#11544=CARTESIAN_POINT('',(-0.0106885820188396,0.0006,0.00249361831520861));
#11545=CARTESIAN_POINT('',(-0.0106885820188396,0.0006,0.00348171262433297));
#11546=CARTESIAN_POINT('',(-0.0113433838693496,0.0006,0.00401110897905121));
#11547=CARTESIAN_POINT('',(-0.0113433838693496,0.0006,0.00401110897905121));
#11548=CARTESIAN_POINT('',(-0.0113433838693496,0.0006,0.00401110897905121));
#11549=CARTESIAN_POINT('',(-0.0121475820152678,0.0006,0.00246975338246766));
#11550=CARTESIAN_POINT('',(-0.0109781088010703,0.0006,0.00159894689221102));
#11551=CARTESIAN_POINT('',(-0.0109781088010703,0.0006,0.00159894689221102));
#11552=CARTESIAN_POINT('',(-0.0121475820152678,0.0006,0.00246975338246766));
#11553=CARTESIAN_POINT('',(-0.0119140209575833,0.0006,0.000877654879502691));
#11554=CARTESIAN_POINT('',(-0.0119140209575833,0.0012,0.000877654879502691));
#11555=CARTESIAN_POINT('',(-0.0114830973747284,0.0006,0.0010987276550819));
#11556=CARTESIAN_POINT('',(-0.0114830973747284,0.0012,0.0010987276550819));
#11557=CARTESIAN_POINT('',(-0.0111711266558907,0.0006,0.00133915832598468));
#11558=CARTESIAN_POINT('',(-0.0111711266558907,0.0012,0.00133915832598468));
#11559=CARTESIAN_POINT('',(-0.0109781088010703,0.0006,0.00159894689221102));
#11560=CARTESIAN_POINT('',(-0.0109781088010703,0.0012,0.00159894689221102));
#11561=CARTESIAN_POINT('',(-0.0119140209575833,0.0006,0.000877654879502691));
#11562=CARTESIAN_POINT('',(-0.0119140209575833,0.0006,0.000877654879502691));
#11563=CARTESIAN_POINT('',(-0.0119140209575833,0.0006,0.000877654879502691));
#11564=CARTESIAN_POINT('',(-0.0112676355833009,0.0006,0.00120926404287151));
#11565=CARTESIAN_POINT('',(-0.0109781088010703,0.0006,0.00159894689221102));
#11566=CARTESIAN_POINT('',(-0.0125452566746559,0.0006,0.000486288734917662));
#11567=CARTESIAN_POINT('',(-0.0125452566746559,0.0012,0.000486288734917662));
#11568=CARTESIAN_POINT('',(-0.0124330369916208,0.0006,0.000590091941725161));
#11569=CARTESIAN_POINT('',(-0.0124330369916208,0.0012,0.000590091941725161));
#11570=CARTESIAN_POINT('',(-0.0122226250859299,0.0006,0.000720547323253504));
#11571=CARTESIAN_POINT('',(-0.0122226250859299,0.0012,0.000720547323253504));
#11572=CARTESIAN_POINT('',(-0.0119140209575833,0.0006,0.000877654879502691));
#11573=CARTESIAN_POINT('',(-0.0119140209575833,0.0012,0.000877654879502691));
#11574=CARTESIAN_POINT('',(-0.0125452566746559,0.0006,0.000486288734917662));
#11575=CARTESIAN_POINT('',(-0.0125452566746559,0.0006,0.000486288734917662));
#11576=CARTESIAN_POINT('',(-0.0125452566746559,0.0006,0.000486288734917662));
#11577=CARTESIAN_POINT('',(-0.0123769271501032,0.0006,0.00064199354512891));
#11578=CARTESIAN_POINT('',(-0.0119140209575833,0.0006,0.000877654879502691));
#11579=CARTESIAN_POINT('',(-0.0127135861992086,0.0006,0.000126905199997646));
#11580=CARTESIAN_POINT('',(-0.0127135861992086,0.0012,0.000126905199997646));
#11581=CARTESIAN_POINT('',(-0.0127135861992086,0.0006,0.000262691016470158));
#11582=CARTESIAN_POINT('',(-0.0127135861992086,0.0012,0.000262691016470158));
#11583=CARTESIAN_POINT('',(-0.0126574763576911,0.0006,0.000382485528110164));
#11584=CARTESIAN_POINT('',(-0.0126574763576911,0.0012,0.000382485528110164));
#11585=CARTESIAN_POINT('',(-0.0125452566746559,0.0006,0.000486288734917662));
#11586=CARTESIAN_POINT('',(-0.0125452566746559,0.0012,0.000486288734917662));
#11587=CARTESIAN_POINT('',(-0.0127135861992086,0.0006,0.000126905199997646));
#11588=CARTESIAN_POINT('',(-0.0127135861992086,0.0006,0.000126905199997646));
#11589=CARTESIAN_POINT('',(-0.0127135861992086,0.0006,0.000126905199997646));
#11590=CARTESIAN_POINT('',(-0.0127135861992086,0.0006,0.000330583924706414));
#11591=CARTESIAN_POINT('',(-0.0125452566746559,0.0006,0.000486288734917662));
#11592=CARTESIAN_POINT('',(-0.0122909519458399,0.0006,0.000114502900323388));
#11593=CARTESIAN_POINT('',(-0.0125301070174462,0.0006,-0.000234161630167897));
#11594=CARTESIAN_POINT('',(-0.0125301070174462,0.0006,-0.000234161630167897));
#11595=CARTESIAN_POINT('',(-0.0122909519458399,0.0006,0.000114502900323388));
#11596=CARTESIAN_POINT('',(-0.0120470012819799,0.0006,-0.000367983602187293));
#11597=CARTESIAN_POINT('',(-0.0120470012819799,0.0012,-0.000367983602187293));
#11598=CARTESIAN_POINT('',(-0.0122467523177825,0.0006,-0.000367983602187293));
#11599=CARTESIAN_POINT('',(-0.0122467523177825,0.0012,-0.000367983602187293));
#11600=CARTESIAN_POINT('',(-0.0124077875629379,0.0006,-0.000323376278180828));
#11601=CARTESIAN_POINT('',(-0.0124077875629379,0.0012,-0.000323376278180828));
#11602=CARTESIAN_POINT('',(-0.0125301070174462,0.0006,-0.000234161630167897));
#11603=CARTESIAN_POINT('',(-0.0125301070174462,0.0012,-0.000234161630167897));
#11604=CARTESIAN_POINT('',(-0.0120470012819799,0.0006,-0.000367983602187293));
#11605=CARTESIAN_POINT('',(-0.0120470012819799,0.0006,-0.000367983602187293));
#11606=CARTESIAN_POINT('',(-0.0120470012819799,0.0006,-0.000367983602187293));
#11607=CARTESIAN_POINT('',(-0.0123466278356837,0.0006,-0.000367983602187293));
#11608=CARTESIAN_POINT('',(-0.0125301070174462,0.0006,-0.000234161630167897));
#11609=CARTESIAN_POINT('',(-0.0106885820188396,0.0006,7.30397521407824E-5));
#11610=CARTESIAN_POINT('',(-0.0106885820188396,0.0012,7.30397521407824E-5));
#11611=CARTESIAN_POINT('',(-0.0111801042305335,0.0006,-0.000220975817411268));
#11612=CARTESIAN_POINT('',(-0.0111801042305335,0.0012,-0.000220975817411268));
#11613=CARTESIAN_POINT('',(-0.0116329106515803,0.0006,-0.000367983602187293));
#11614=CARTESIAN_POINT('',(-0.0116329106515803,0.0012,-0.000367983602187293));
#11615=CARTESIAN_POINT('',(-0.0120470012819799,0.0006,-0.000367983602187293));
#11616=CARTESIAN_POINT('',(-0.0120470012819799,0.0012,-0.000367983602187293));
#11617=CARTESIAN_POINT('',(-0.0106885820188396,0.0006,7.30397521407824E-5));
#11618=CARTESIAN_POINT('',(-0.0106885820188396,0.0006,7.30397521407824E-5));
#11619=CARTESIAN_POINT('',(-0.0106885820188396,0.0006,7.30397521407824E-5));
#11620=CARTESIAN_POINT('',(-0.0114258653363805,0.0006,-0.000367983602187293));
#11621=CARTESIAN_POINT('',(-0.0120470012819799,0.0006,-0.000367983602187293));
#11622=CARTESIAN_POINT('',(-0.0104285129034057,0.0006,-0.000492547450356291));
#11623=CARTESIAN_POINT('',(-0.0101684437879718,0.0006,-0.00105813465285337));
#11624=CARTESIAN_POINT('',(-0.0101684437879718,0.0006,-0.00105813465285337));
#11625=CARTESIAN_POINT('',(-0.0104285129034057,0.0006,-0.000492547450356291));
#11626=CARTESIAN_POINT('',(-0.0120773005963994,0.0006,-0.00155639004552936));
#11627=CARTESIAN_POINT('',(-0.0120773005963994,0.0012,-0.00155639004552936));
#11628=CARTESIAN_POINT('',(-0.0113725609869388,0.0006,-0.00155639004552936));
#11629=CARTESIAN_POINT('',(-0.0113725609869388,0.0012,-0.00155639004552936));
#11630=CARTESIAN_POINT('',(-0.0107362753841296,0.0006,-0.00139030491463736));
#11631=CARTESIAN_POINT('',(-0.0107362753841296,0.0012,-0.00139030491463736));
#11632=CARTESIAN_POINT('',(-0.0101684437879718,0.0006,-0.00105813465285337));
#11633=CARTESIAN_POINT('',(-0.0101684437879718,0.0012,-0.00105813465285337));
#11634=CARTESIAN_POINT('',(-0.0120773005963994,0.0006,-0.00155639004552936));
#11635=CARTESIAN_POINT('',(-0.0120773005963994,0.0006,-0.00155639004552936));
#11636=CARTESIAN_POINT('',(-0.0120773005963994,0.0006,-0.00155639004552936));
#11637=CARTESIAN_POINT('',(-0.0110201911822085,0.0006,-0.00155639004552936));
#11638=CARTESIAN_POINT('',(-0.0101684437879718,0.0006,-0.00105813465285337));
#11639=CARTESIAN_POINT('',(-0.0137378713561118,0.0006,-0.00106486783383547));
#11640=CARTESIAN_POINT('',(-0.0137378713561118,0.0012,-0.00106486783383547));
#11641=CARTESIAN_POINT('',(-0.0133501523512254,0.0006,-0.00139254930829806));
#11642=CARTESIAN_POINT('',(-0.0133501523512254,0.0012,-0.00139254930829806));
#11643=CARTESIAN_POINT('',(-0.0127966287646546,0.0006,-0.00155639004552936));
#11644=CARTESIAN_POINT('',(-0.0127966287646546,0.0012,-0.00155639004552936));
#11645=CARTESIAN_POINT('',(-0.0120773005963994,0.0006,-0.00155639004552936));
#11646=CARTESIAN_POINT('',(-0.0120773005963994,0.0012,-0.00155639004552936));
#11647=CARTESIAN_POINT('',(-0.0137378713561118,0.0006,-0.00106486783383547));
#11648=CARTESIAN_POINT('',(-0.0137378713561118,0.0006,-0.00106486783383547));
#11649=CARTESIAN_POINT('',(-0.0137378713561118,0.0006,-0.00106486783383547));
#11650=CARTESIAN_POINT('',(-0.0131562928487822,0.0006,-0.00155639004552936));
#11651=CARTESIAN_POINT('',(-0.0120773005963994,0.0006,-0.00155639004552936));
#11652=CARTESIAN_POINT('',(-0.0143194498634414,0.0006,0.000320484153233252));
#11653=CARTESIAN_POINT('',(-0.0143194498634414,0.0012,0.000320484153233252));
#11654=CARTESIAN_POINT('',(-0.0143194498634414,0.0006,-0.000275402363683308));
#11655=CARTESIAN_POINT('',(-0.0143194498634414,0.0012,-0.000275402363683308));
#11656=CARTESIAN_POINT('',(-0.0141255903609982,0.0006,-0.000737186359372883));
#11657=CARTESIAN_POINT('',(-0.0141255903609982,0.0012,-0.000737186359372883));
#11658=CARTESIAN_POINT('',(-0.0137378713561118,0.0006,-0.00106486783383547));
#11659=CARTESIAN_POINT('',(-0.0137378713561118,0.0012,-0.00106486783383547));
#11660=CARTESIAN_POINT('',(-0.0143194498634414,0.0006,0.000320484153233252));
#11661=CARTESIAN_POINT('',(-0.0143194498634414,0.0006,0.000320484153233252));
#11662=CARTESIAN_POINT('',(-0.0143194498634414,0.0006,0.000320484153233252));
#11663=CARTESIAN_POINT('',(-0.0143194498634414,0.0006,-0.000573345622141588));
#11664=CARTESIAN_POINT('',(-0.0137378713561118,0.0006,-0.00106486783383547));
#11665=CARTESIAN_POINT('',(-0.0140669555766123,0.0006,0.00116044848075123));
#11666=CARTESIAN_POINT('',(-0.0140669555766123,0.0012,0.00116044848075123));
#11667=CARTESIAN_POINT('',(-0.014235285101165,0.0006,0.000923664949547096));
#11668=CARTESIAN_POINT('',(-0.014235285101165,0.0012,0.000923664949547096));
#11669=CARTESIAN_POINT('',(-0.0143194498634414,0.0006,0.000643676840374437));
#11670=CARTESIAN_POINT('',(-0.0143194498634414,0.0012,0.000643676840374437));
#11671=CARTESIAN_POINT('',(-0.0143194498634414,0.0006,0.000320484153233252));
#11672=CARTESIAN_POINT('',(-0.0143194498634414,0.0012,0.000320484153233252));
#11673=CARTESIAN_POINT('',(-0.0140669555766123,0.0006,0.00116044848075123));
#11674=CARTESIAN_POINT('',(-0.0140669555766123,0.0006,0.00116044848075123));
#11675=CARTESIAN_POINT('',(-0.0140669555766123,0.0006,0.00116044848075123));
#11676=CARTESIAN_POINT('',(-0.0143194498634414,0.0006,0.00080527318394503));
#11677=CARTESIAN_POINT('',(-0.0143194498634414,0.0006,0.000320484153233252));
#11678=CARTESIAN_POINT('',(-0.0131764923917285,0.0006,0.00187248236960915));
#11679=CARTESIAN_POINT('',(-0.0131764923917285,0.0012,0.00187248236960915));
#11680=CARTESIAN_POINT('',(-0.0136018049904317,0.0006,0.00163457664157467));
#11681=CARTESIAN_POINT('',(-0.0136018049904317,0.0012,0.00163457664157467));
#11682=CARTESIAN_POINT('',(-0.0138986260520596,0.0006,0.00139723201195536));
#11683=CARTESIAN_POINT('',(-0.0138986260520596,0.0012,0.00139723201195536));
#11684=CARTESIAN_POINT('',(-0.0140669555766123,0.0006,0.00116044848075123));
#11685=CARTESIAN_POINT('',(-0.0140669555766123,0.0012,0.00116044848075123));
#11686=CARTESIAN_POINT('',(-0.0131764923917285,0.0006,0.00187248236960915));
#11687=CARTESIAN_POINT('',(-0.0131764923917285,0.0006,0.00187248236960915));
#11688=CARTESIAN_POINT('',(-0.0131764923917285,0.0006,0.00187248236960915));
#11689=CARTESIAN_POINT('',(-0.0138144612897833,0.0006,0.00151562377755742));
#11690=CARTESIAN_POINT('',(-0.0140669555766123,0.0006,0.00116044848075123));
#11691=CARTESIAN_POINT('',(-0.012488024636308,0.0006,0.00232528879065591));
#11692=CARTESIAN_POINT('',(-0.012488024636308,0.0012,0.00232528879065591));
#11693=CARTESIAN_POINT('',(-0.0126181994686288,0.0006,0.00220633592663867));
#11694=CARTESIAN_POINT('',(-0.0126181994686288,0.0012,0.00220633592663867));
#11695=CARTESIAN_POINT('',(-0.0128476887204356,0.0006,0.00205540045295642));
#11696=CARTESIAN_POINT('',(-0.0128476887204356,0.0012,0.00205540045295642));
#11697=CARTESIAN_POINT('',(-0.0131764923917285,0.0006,0.00187248236960915));
#11698=CARTESIAN_POINT('',(-0.0131764923917285,0.0012,0.00187248236960915));
#11699=CARTESIAN_POINT('',(-0.012488024636308,0.0006,0.00232528879065591));
#11700=CARTESIAN_POINT('',(-0.012488024636308,0.0006,0.00232528879065591));
#11701=CARTESIAN_POINT('',(-0.012488024636308,0.0006,0.00232528879065591));
#11702=CARTESIAN_POINT('',(-0.0126832868847891,0.0006,0.00214685949463005));
#11703=CARTESIAN_POINT('',(-0.0131764923917285,0.0006,0.00187248236960915));
#11704=CARTESIAN_POINT('',(-0.0122927623878269,0.0006,0.0027292796495824));
#11705=CARTESIAN_POINT('',(-0.0122927623878269,0.0012,0.0027292796495824));
#11706=CARTESIAN_POINT('',(-0.0122927623878269,0.0006,0.00257890527431532));
#11707=CARTESIAN_POINT('',(-0.0122927623878269,0.0012,0.00257890527431532));
#11708=CARTESIAN_POINT('',(-0.0123578498039872,0.0006,0.00244424165467316));
#11709=CARTESIAN_POINT('',(-0.0123578498039872,0.0012,0.00244424165467316));
#11710=CARTESIAN_POINT('',(-0.012488024636308,0.0006,0.00232528879065591));
#11711=CARTESIAN_POINT('',(-0.012488024636308,0.0012,0.00232528879065591));
#11712=CARTESIAN_POINT('',(-0.0122927623878269,0.0006,0.0027292796495824));
#11713=CARTESIAN_POINT('',(-0.0122927623878269,0.0006,0.0027292796495824));
#11714=CARTESIAN_POINT('',(-0.0122927623878269,0.0006,0.0027292796495824));
#11715=CARTESIAN_POINT('',(-0.0122927623878269,0.0006,0.00250371808668178));
#11716=CARTESIAN_POINT('',(-0.012488024636308,0.0006,0.00232528879065591));
#11717=CARTESIAN_POINT('',(-0.0125612479794884,0.0006,0.00319555243259338));
#11718=CARTESIAN_POINT('',(-0.0125612479794884,0.0012,0.00319555243259338));
#11719=CARTESIAN_POINT('',(-0.0123822575850474,0.0006,0.00308108835589754));
#11720=CARTESIAN_POINT('',(-0.0123822575850474,0.0012,0.00308108835589754));
#11721=CARTESIAN_POINT('',(-0.0122927623878269,0.0006,0.00292566409489388));
#11722=CARTESIAN_POINT('',(-0.0122927623878269,0.0012,0.00292566409489388));
#11723=CARTESIAN_POINT('',(-0.0122927623878269,0.0006,0.0027292796495824));
#11724=CARTESIAN_POINT('',(-0.0122927623878269,0.0012,0.0027292796495824));
#11725=CARTESIAN_POINT('',(-0.0125612479794884,0.0006,0.00319555243259338));
#11726=CARTESIAN_POINT('',(-0.0125612479794884,0.0006,0.00319555243259338));
#11727=CARTESIAN_POINT('',(-0.0125612479794884,0.0006,0.00319555243259338));
#11728=CARTESIAN_POINT('',(-0.0122927623878269,0.0006,0.00302385631754963));
#11729=CARTESIAN_POINT('',(-0.0122927623878269,0.0006,0.0027292796495824));
#11730=CARTESIAN_POINT('',(-0.0132505573825317,0.0006,0.00336724854763714));
#11731=CARTESIAN_POINT('',(-0.0132505573825317,0.0012,0.00336724854763714));
#11732=CARTESIAN_POINT('',(-0.0129700081749439,0.0006,0.00336724854763714));
#11733=CARTESIAN_POINT('',(-0.0129700081749439,0.0012,0.00336724854763714));
#11734=CARTESIAN_POINT('',(-0.0127402383739295,0.0006,0.00331001650928922));
#11735=CARTESIAN_POINT('',(-0.0127402383739295,0.0012,0.00331001650928922));
#11736=CARTESIAN_POINT('',(-0.0125612479794884,0.0006,0.00319555243259338));
#11737=CARTESIAN_POINT('',(-0.0125612479794884,0.0012,0.00319555243259338));
#11738=CARTESIAN_POINT('',(-0.0132505573825317,0.0006,0.00336724854763714));
#11739=CARTESIAN_POINT('',(-0.0132505573825317,0.0006,0.00336724854763714));
#11740=CARTESIAN_POINT('',(-0.0132505573825317,0.0006,0.00336724854763714));
#11741=CARTESIAN_POINT('',(-0.01282973357115,0.0006,0.00336724854763714));
#11742=CARTESIAN_POINT('',(-0.0125612479794884,0.0006,0.00319555243259338));
#11743=CARTESIAN_POINT('',(-0.0149288027423222,0.0006,0.00289255928839851));
#11744=CARTESIAN_POINT('',(-0.0149288027423222,0.0012,0.00289255928839851));
#11745=CARTESIAN_POINT('',(-0.0143778040986197,0.0006,0.0032090187945576));
#11746=CARTESIAN_POINT('',(-0.0143778040986197,0.0012,0.0032090187945576));
#11747=CARTESIAN_POINT('',(-0.0138183889786895,0.0006,0.00336724854763714));
#11748=CARTESIAN_POINT('',(-0.0138183889786895,0.0012,0.00336724854763714));
#11749=CARTESIAN_POINT('',(-0.0132505573825317,0.0006,0.00336724854763714));
#11750=CARTESIAN_POINT('',(-0.0132505573825317,0.0012,0.00336724854763714));
#11751=CARTESIAN_POINT('',(-0.0149288027423222,0.0006,0.00289255928839851));
#11752=CARTESIAN_POINT('',(-0.0149288027423222,0.0006,0.00289255928839851));
#11753=CARTESIAN_POINT('',(-0.0149288027423222,0.0006,0.00289255928839851));
#11754=CARTESIAN_POINT('',(-0.0141023047767684,0.0006,0.00336724854763714));
#11755=CARTESIAN_POINT('',(-0.0132505573825317,0.0006,0.00336724854763714));
#11756=CARTESIAN_POINT('',(-0.0149288027423222,0.0006,0.00354483619604023));
#11757=CARTESIAN_POINT('',(-0.0149288027423222,0.0006,0.00419731763887651));
#11758=CARTESIAN_POINT('',(-0.0149288027423222,0.0006,0.00419731763887651));
#11759=CARTESIAN_POINT('',(-0.0149288027423222,0.0006,0.00354483619604023));
#11760=CARTESIAN_POINT('',(-0.0136190140261805,0.0006,0.00160794016172649));
#11761=CARTESIAN_POINT('',(-0.0141477537483976,0.0006,0.00446139045722968));
#11762=CARTESIAN_POINT('',(-0.0141477537483976,0.0006,0.00446139045722968));
#11763=CARTESIAN_POINT('',(-0.0136190140261805,0.0006,0.00160794016172649));
#11764=CARTESIAN_POINT('',(-0.0131663926202554,0.0006,0.00454050533376946));
#11765=CARTESIAN_POINT('',(-0.0131663926202554,0.0012,0.00454050533376946));
#11766=CARTESIAN_POINT('',(-0.0135423285584231,0.0006,0.00454050533376946));
#11767=CARTESIAN_POINT('',(-0.0135423285584231,0.0012,0.00454050533376946));
#11768=CARTESIAN_POINT('',(-0.0138694489344705,0.0006,0.0045141337082562));
#11769=CARTESIAN_POINT('',(-0.0138694489344705,0.0012,0.0045141337082562));
#11770=CARTESIAN_POINT('',(-0.0141477537483976,0.0006,0.00446139045722968));
#11771=CARTESIAN_POINT('',(-0.0141477537483976,0.0012,0.00446139045722968));
#11772=CARTESIAN_POINT('',(-0.0131663926202554,0.0006,0.00454050533376946));
#11773=CARTESIAN_POINT('',(-0.0131663926202554,0.0006,0.00454050533376946));
#11774=CARTESIAN_POINT('',(-0.0131663926202554,0.0006,0.00454050533376946));
#11775=CARTESIAN_POINT('',(-0.0137302965275069,0.0006,0.00454050533376946));
#11776=CARTESIAN_POINT('',(-0.0141477537483976,0.0006,0.00446139045722968));
#11777=CARTESIAN_POINT('',(-0.0113433838693496,0.0006,0.00401110897905121));
#11778=CARTESIAN_POINT('',(-0.0113433838693496,0.0012,0.00401110897905121));
#11779=CARTESIAN_POINT('',(-0.0117799184363563,0.0006,0.00436403988219671));
#11780=CARTESIAN_POINT('',(-0.0117799184363563,0.0012,0.00436403988219671));
#11781=CARTESIAN_POINT('',(-0.0123875880199916,0.0006,0.00454050533376946));
#11782=CARTESIAN_POINT('',(-0.0123875880199916,0.0012,0.00454050533376946));
#11783=CARTESIAN_POINT('',(-0.0131663926202554,0.0006,0.00454050533376946));
#11784=CARTESIAN_POINT('',(-0.0131663926202554,0.0012,0.00454050533376946));
#11785=CARTESIAN_POINT('',(-0.0113433838693496,0.0006,0.00401110897905121));
#11786=CARTESIAN_POINT('',(-0.0119981857198596,0.0006,0.00454050533376946));
#11787=CARTESIAN_POINT('',(-0.0131663926202554,0.0006,0.00454050533376946));
#11788=CARTESIAN_POINT('',(7.66429902575305E-6,0.0006,0.000247506399284343));
#11789=CARTESIAN_POINT('',(-0.00724960983222796,0.0006,0.00326120094716893));
#11790=CARTESIAN_POINT('',(-0.00724960983222796,0.0012,0.00326120094716893));
#11791=CARTESIAN_POINT('',(-0.00702180387566664,0.0006,0.00326120094716893));
#11792=CARTESIAN_POINT('',(-0.00702180387566664,0.0012,0.00326120094716893));
#11793=CARTESIAN_POINT('',(-0.00673732697917258,0.0006,0.00320004121991478));
#11794=CARTESIAN_POINT('',(-0.00673732697917258,0.0012,0.00320004121991478));
#11795=CARTESIAN_POINT('',(-0.00639617914274577,0.0006,0.00307772176540649));
#11796=CARTESIAN_POINT('',(-0.00639617914274577,0.0012,0.00307772176540649));
#11797=CARTESIAN_POINT('',(-0.00724960983222796,0.0006,0.00326120094716893));
#11798=CARTESIAN_POINT('',(-0.00724960983222796,0.0006,0.00326120094716893));
#11799=CARTESIAN_POINT('',(-0.00724960983222796,0.0006,0.00326120094716893));
#11800=CARTESIAN_POINT('',(-0.00690790089738598,0.0006,0.00326120094716893));
#11801=CARTESIAN_POINT('',(-0.00639617914274577,0.0006,0.00307772176540649));
#11802=CARTESIAN_POINT('',(-0.00639617914274577,0.0006,0.00307772176540648));
#11803=CARTESIAN_POINT('',(-0.00639617914274577,0.0006,0.00307772176540648));
#11804=CARTESIAN_POINT('',(-0.00771251602474789,0.0006,0.0028723597454522));
#11805=CARTESIAN_POINT('',(-0.00771251602474789,0.0012,0.0028723597454522));
#11806=CARTESIAN_POINT('',(-0.00771251602474789,0.0006,0.00313158721326335));
#11807=CARTESIAN_POINT('',(-0.00771251602474789,0.0012,0.00313158721326335));
#11808=CARTESIAN_POINT('',(-0.00755821396057458,0.0006,0.00326120094716893));
#11809=CARTESIAN_POINT('',(-0.00755821396057458,0.0012,0.00326120094716893));
#11810=CARTESIAN_POINT('',(-0.00724960983222796,0.0006,0.00326120094716893));
#11811=CARTESIAN_POINT('',(-0.00724960983222796,0.0012,0.00326120094716893));
#11812=CARTESIAN_POINT('',(-0.00771251602474789,0.0006,0.0028723597454522));
#11813=CARTESIAN_POINT('',(-0.00771251602474789,0.0006,0.0028723597454522));
#11814=CARTESIAN_POINT('',(-0.00771251602474789,0.0006,0.0028723597454522));
#11815=CARTESIAN_POINT('',(-0.00771251602474789,0.0006,0.00326120094716893));
#11816=CARTESIAN_POINT('',(-0.00724960983222796,0.0006,0.00326120094716893));
#11817=CARTESIAN_POINT('',(-0.00626958857931441,0.0006,0.00289942808922936));
#11818=CARTESIAN_POINT('',(-0.00768053341508288,0.0006,0.00259293273469471));
#11819=CARTESIAN_POINT('',(-0.00768037790760974,0.00060000025,0.00259296651512106));
#11820=CARTESIAN_POINT('',(-0.00626958857931441,0.0006,0.00289942808922936));
#11821=CARTESIAN_POINT('',(-0.00737838191851078,0.0006,0.00117559813796097));
#11822=CARTESIAN_POINT('',(-0.00707623042193868,0.0006,-0.000241736458772769));
#11823=CARTESIAN_POINT('',(-0.00707623042193868,0.0006,-0.000241736458772769));
#11824=CARTESIAN_POINT('',(-0.00737838191851078,0.0006,0.00117559813796097));
#11825=CARTESIAN_POINT('',(-0.00633389721866127,0.0006,-0.000241736458772768));
#11826=CARTESIAN_POINT('',(-0.00559156401538386,0.0006,-0.000241736458772768));
#11827=CARTESIAN_POINT('',(-0.00559156401538386,0.0006,-0.000241736458772768));
#11828=CARTESIAN_POINT('',(-0.00633389721866127,0.0006,-0.000241736458772768));
#11829=CARTESIAN_POINT('',(-0.00546026698623276,0.0006,-0.000844356156671436));
#11830=CARTESIAN_POINT('',(-0.00532896995708165,0.0006,-0.0014469758545701));
#11831=CARTESIAN_POINT('',(-0.00532896995708165,0.0006,-0.0014469758545701));
#11832=CARTESIAN_POINT('',(-0.00546026698623276,0.0006,-0.000844356156671436));
#11833=CARTESIAN_POINT('',(-0.00607298645560458,0.0006,-0.0014469758545701));
#11834=CARTESIAN_POINT('',(-0.00681700295412752,0.0006,-0.0014469758545701));
#11835=CARTESIAN_POINT('',(-0.00681700295412752,0.0006,-0.0014469758545701));
#11836=CARTESIAN_POINT('',(-0.00607298645560458,0.0006,-0.0014469758545701));
#11837=CARTESIAN_POINT('',(-0.00668823086784471,0.0006,-0.00207316168590615));
#11838=CARTESIAN_POINT('',(-0.00655945878156189,0.0006,-0.0026993475172422));
#11839=CARTESIAN_POINT('',(-0.00655945878156189,0.0006,-0.0026993475172422));
#11840=CARTESIAN_POINT('',(-0.00668823086784471,0.0006,-0.00207316168590615));
#11841=CARTESIAN_POINT('',(-0.00707033888857934,0.0006,-0.0026993475172422));
#11842=CARTESIAN_POINT('',(-0.00758121899559678,0.0006,-0.0026993475172422));
#11843=CARTESIAN_POINT('',(-0.00758121899559678,0.0006,-0.0026993475172422));
#11844=CARTESIAN_POINT('',(-0.00707033888857934,0.0006,-0.0026993475172422));
#11845=CARTESIAN_POINT('',(-0.00792797781617535,0.0006,-0.00207821157164273));
#11846=CARTESIAN_POINT('',(-0.00827473663675391,0.0006,-0.00145707562604326));
#11847=CARTESIAN_POINT('',(-0.00827473663675391,0.0006,-0.00145707562604326));
#11848=CARTESIAN_POINT('',(-0.00792797781617535,0.0006,-0.00207821157164273));
#11849=CARTESIAN_POINT('',(-0.00879066662950793,0.0006,-0.00123656394887923));
#11850=CARTESIAN_POINT('',(-0.00930659662226196,0.0006,-0.00101605227171519));
#11851=CARTESIAN_POINT('',(-0.00930659662226196,0.0006,-0.00101605227171519));
#11852=CARTESIAN_POINT('',(-0.00879066662950793,0.0006,-0.00123656394887923));
#11853=CARTESIAN_POINT('',(-0.00938234490831068,0.0006,-0.00062889436524398));
#11854=CARTESIAN_POINT('',(-0.00945809319435939,0.0006,-0.000241736458772768));
#11855=CARTESIAN_POINT('',(-0.00945809319435939,0.0006,-0.000241736458772768));
#11856=CARTESIAN_POINT('',(-0.00938234490831068,0.0006,-0.00062889436524398));
#11857=CARTESIAN_POINT('',(-0.00905831057354673,0.0006,-0.000241736458772768));
#11858=CARTESIAN_POINT('',(-0.00865852795273407,0.0006,-0.000241736458772768));
#11859=CARTESIAN_POINT('',(-0.00865852795273407,0.0006,-0.000241736458772768));
#11860=CARTESIAN_POINT('',(-0.00905831057354673,0.0006,-0.000241736458772768));
#11861=CARTESIAN_POINT('',(-0.00896152109692893,0.0006,0.00117559813796097));
#11862=CARTESIAN_POINT('',(-0.00926451424112379,0.0006,0.00259293273469471));
#11863=CARTESIAN_POINT('',(-0.00926425378749505,0.0006,0.00259298555391708));
#11864=CARTESIAN_POINT('',(-0.00896152109692893,0.0006,0.00117559813796097));
#11865=CARTESIAN_POINT('',(-0.00613461925470702,0.0006,0.00322766614222934));
#11866=CARTESIAN_POINT('',(-0.00932679616520829,0.0006,0.00318208607062916));
#11867=CARTESIAN_POINT('',(-0.00932679616520829,0.0006,0.00318208607062916));
#11868=CARTESIAN_POINT('',(-0.00613461925470702,0.0006,0.00322766614222934));
#11869=CARTESIAN_POINT('',(-0.00895562956356958,0.0006,0.00420889617040064));
#11870=CARTESIAN_POINT('',(-0.00895562956356958,0.0012,0.00420889617040064));
#11871=CARTESIAN_POINT('',(-0.00920307396466205,0.0006,0.00398782339482142));
#11872=CARTESIAN_POINT('',(-0.00920307396466205,0.0012,0.00398782339482142));
#11873=CARTESIAN_POINT('',(-0.00932679616520829,0.0006,0.00364555336156426));
#11874=CARTESIAN_POINT('',(-0.00932679616520829,0.0012,0.00364555336156426));
#11875=CARTESIAN_POINT('',(-0.00932679616520829,0.0006,0.00318208607062916));
#11876=CARTESIAN_POINT('',(-0.00932679616520829,0.0012,0.00318208607062916));
#11877=CARTESIAN_POINT('',(-0.00895562956356958,0.0006,0.00420889617040064));
#11878=CARTESIAN_POINT('',(-0.00895562956356958,0.0006,0.00420889617040064));
#11879=CARTESIAN_POINT('',(-0.00895562956356958,0.0006,0.00420889617040064));
#11880=CARTESIAN_POINT('',(-0.00932679616520829,0.0006,0.00387728700703181));
#11881=CARTESIAN_POINT('',(-0.00932679616520829,0.0006,0.00318208607062916));
#11882=CARTESIAN_POINT('',(-0.00779668078702424,0.0006,0.00454050533376946));
#11883=CARTESIAN_POINT('',(-0.00779668078702424,0.0012,0.00454050533376946));
#11884=CARTESIAN_POINT('',(-0.00832186890362867,0.0006,0.00454050533376946));
#11885=CARTESIAN_POINT('',(-0.00832186890362867,0.0012,0.00454050533376946));
#11886=CARTESIAN_POINT('',(-0.00870818516247711,0.0006,0.00442996894597985));
#11887=CARTESIAN_POINT('',(-0.00870818516247711,0.0012,0.00442996894597985));
#11888=CARTESIAN_POINT('',(-0.00895562956356958,0.0006,0.00420889617040064));
#11889=CARTESIAN_POINT('',(-0.00895562956356958,0.0012,0.00420889617040064));
#11890=CARTESIAN_POINT('',(-0.00779668078702424,0.0006,0.00454050533376946));
#11891=CARTESIAN_POINT('',(-0.00779668078702424,0.0006,0.00454050533376946));
#11892=CARTESIAN_POINT('',(-0.00779668078702424,0.0006,0.00454050533376946));
#11893=CARTESIAN_POINT('',(-0.00858446296193088,0.0006,0.00454050533376946));
#11894=CARTESIAN_POINT('',(-0.00895562956356958,0.0006,0.00420889617040064));
#11895=CARTESIAN_POINT('',(-0.00639617914274577,0.0006,0.00426107832301198));
#11896=CARTESIAN_POINT('',(-0.00639617914274577,0.0012,0.00426107832301198));
#11897=CARTESIAN_POINT('',(-0.00678558144287768,0.0006,0.0044473629968503));
#11898=CARTESIAN_POINT('',(-0.00678558144287768,0.0012,0.0044473629968503));
#11899=CARTESIAN_POINT('',(-0.00725241532430384,0.0006,0.00454050533376946));
#11900=CARTESIAN_POINT('',(-0.00725241532430384,0.0012,0.00454050533376946));
#11901=CARTESIAN_POINT('',(-0.00779668078702424,0.0006,0.00454050533376946));
#11902=CARTESIAN_POINT('',(-0.00779668078702424,0.0012,0.00454050533376946));
#11903=CARTESIAN_POINT('',(-0.00639617914274577,0.0006,0.00426107832301198));
#11904=CARTESIAN_POINT('',(-0.00639617914274577,0.0006,0.00426107832301198));
#11905=CARTESIAN_POINT('',(-0.00639617914274577,0.0006,0.00426107832301198));
#11906=CARTESIAN_POINT('',(-0.00698028259294364,0.0006,0.00454050533376946));
#11907=CARTESIAN_POINT('',(-0.00779668078702424,0.0006,0.00454050533376946));
#11908=CARTESIAN_POINT('',(-0.00639617914274577,0.0006,0.00366940004420923));
#11909=CARTESIAN_POINT('',(-0.00639617914274577,0.0006,0.00366940004420923));
#11910=CARTESIAN_POINT('',(7.66429902575305E-6,0.0006,0.000247506399284343));
#11911=CARTESIAN_POINT('',(-0.000678866841313295,0.0006,0.00156443933967771));
#11912=CARTESIAN_POINT('',(-0.000678866841313295,0.0012,0.00156443933967771));
#11913=CARTESIAN_POINT('',(-0.00126409248834152,0.0006,0.00192017573489908));
#11914=CARTESIAN_POINT('',(-0.00126409248834152,0.0012,0.00192017573489908));
#11915=CARTESIAN_POINT('',(-0.00210040967616085,0.0006,0.00209804393250977));
#11916=CARTESIAN_POINT('',(-0.00210040967616085,0.0012,0.00209804393250977));
#11917=CARTESIAN_POINT('',(-0.00318781840477129,0.0006,0.00209804393250977));
#11918=CARTESIAN_POINT('',(-0.00318781840477129,0.0012,0.00209804393250977));
#11919=CARTESIAN_POINT('',(-0.000678866841313295,0.0006,0.00156443933967771));
#11920=CARTESIAN_POINT('',(-0.000678866841313295,0.0006,0.00156443933967771));
#11921=CARTESIAN_POINT('',(-0.000678866841313295,0.0006,0.00156443933967771));
#11922=CARTESIAN_POINT('',(-0.00155670531185563,0.0006,0.00209804393250977));
#11923=CARTESIAN_POINT('',(-0.00318781840477129,0.0006,0.00209804393250977));
#11924=CARTESIAN_POINT('',(-0.00318781840477129,0.0006,0.00209804393250977));
#11925=CARTESIAN_POINT('',(-0.00318781840477129,0.0006,0.00209804393250977));
#11926=CARTESIAN_POINT('',(4.99999904227912E-5,0.0006,0.000781449403492182));
#11927=CARTESIAN_POINT('',(4.99999904227912E-5,0.0012,0.000781449403492182));
#11928=CARTESIAN_POINT('',(-9.17692810803263E-5,0.0006,0.00109425190225875));
#11929=CARTESIAN_POINT('',(-9.17692810803263E-5,0.0012,0.00109425190225875));
#11930=CARTESIAN_POINT('',(-0.000334724891659022,0.0006,0.00135524854765392));
#11931=CARTESIAN_POINT('',(-0.000334724891659022,0.0012,0.00135524854765392));
#11932=CARTESIAN_POINT('',(-0.000678866841313295,0.0006,0.00156443933967771));
#11933=CARTESIAN_POINT('',(-0.000678866841313295,0.0012,0.00156443933967771));
#11934=CARTESIAN_POINT('',(4.99999999998992E-5,0.0006,0.000781449403492182));
#11935=CARTESIAN_POINT('',(4.99999999998992E-5,0.0006,0.000781449403492182));
#11936=CARTESIAN_POINT('',(4.99999904227912E-5,0.0006,0.000781449403492182));
#11937=CARTESIAN_POINT('',(-0.000162653916831885,0.0006,0.00125065315164203));
#11938=CARTESIAN_POINT('',(-0.000678866841313295,0.0006,0.00156443933967771));
#11939=CARTESIAN_POINT('',(-0.00156036239990973,0.000600000000000007,7.64093353967646E-5));
#11940=CARTESIAN_POINT('',(0.000198971629229038,0.0006,4.77903234578775E-5));
#11941=CARTESIAN_POINT('',(0.000198971629229038,0.0006,4.77903234578775E-5));
#11942=CARTESIAN_POINT('',(-0.00156036239990973,0.0006,7.64093353967646E-5));
#11943=CARTESIAN_POINT('',(5.00000059537311E-5,0.0006,-0.000660805226373219));
#11944=CARTESIAN_POINT('',(5.00000059537311E-5,0.0012,-0.000660805226373219));
#11945=CARTESIAN_POINT('',(0.000149314421470602,0.0006,-0.000455059916462606));
#11946=CARTESIAN_POINT('',(0.000149314421470602,0.0012,-0.000455059916462606));
#11947=CARTESIAN_POINT('',(0.000198971629229038,0.0006,-0.000218861399852241));
#11948=CARTESIAN_POINT('',(0.000198971629229038,0.0012,-0.000218861399852241));
#11949=CARTESIAN_POINT('',(0.000198971629229038,0.0006,4.77903234578775E-5));
#11950=CARTESIAN_POINT('',(0.000198971629229038,0.0012,4.77903234578775E-5));
#11951=CARTESIAN_POINT('',(5.00000059537311E-5,0.0006,-0.000660805226373219));
#11952=CARTESIAN_POINT('',(5.00000059537311E-5,0.0006,-0.000660805226373219));
#11953=CARTESIAN_POINT('',(5.00000059537311E-5,0.0006,-0.000660805226373219));
#11954=CARTESIAN_POINT('',(0.000198971629229038,0.0006,-0.000352187261507299));
#11955=CARTESIAN_POINT('',(0.000198971629229038,0.0006,4.77903234578775E-5));
#11956=CARTESIAN_POINT('',(-0.00118635718075616,0.0006,-5.78608530159547E-5));
#11957=CARTESIAN_POINT('',(-0.000321166601638806,0.0006,-0.00112799140554274));
#11958=CARTESIAN_POINT('',(-0.000321166601638806,0.0006,-0.00112799140554274));
#11959=CARTESIAN_POINT('',(-0.00118635718075616,0.0006,-5.78608530159547E-5));
#11960=CARTESIAN_POINT('',(-0.00177385039852861,0.0006,-0.00155639004552936));
#11961=CARTESIAN_POINT('',(-0.00177385039852861,0.0012,-0.00155639004552936));
#11962=CARTESIAN_POINT('',(-0.00115215335451397,0.0006,-0.00155639004552936));
#11963=CARTESIAN_POINT('',(-0.00115215335451397,0.0012,-0.00155639004552936));
#11964=CARTESIAN_POINT('',(-0.00066792542221737,0.0006,-0.00141359049886715));
#11965=CARTESIAN_POINT('',(-0.00066792542221737,0.0012,-0.00141359049886715));
#11966=CARTESIAN_POINT('',(-0.000321166601638806,0.0006,-0.00112799140554274));
#11967=CARTESIAN_POINT('',(-0.000321166601638806,0.0012,-0.00112799140554274));
#11968=CARTESIAN_POINT('',(-0.00177385039852861,0.0006,-0.00155639004552936));
#11969=CARTESIAN_POINT('',(-0.00177385039852861,0.0006,-0.00155639004552936));
#11970=CARTESIAN_POINT('',(-0.00177385039852861,0.0006,-0.00155639004552936));
#11971=CARTESIAN_POINT('',(-0.000841304832506652,0.0006,-0.00155639004552936));
#11972=CARTESIAN_POINT('',(-0.000321166601638806,0.0006,-0.00112799140554274));
#11973=CARTESIAN_POINT('',(-0.00345125411069628,0.0006,-0.00108590902440456));
#11974=CARTESIAN_POINT('',(-0.00345125411069628,0.0012,-0.00108590902440456));
#11975=CARTESIAN_POINT('',(-0.00295692640692651,0.0006,-0.00139956303848776));
#11976=CARTESIAN_POINT('',(-0.00295692640692651,0.0012,-0.00139956303848776));
#11977=CARTESIAN_POINT('',(-0.00239779183620396,0.0006,-0.00155639004552936));
#11978=CARTESIAN_POINT('',(-0.00239779183620396,0.0012,-0.00155639004552936));
#11979=CARTESIAN_POINT('',(-0.00177385039852861,0.0006,-0.00155639004552936));
#11980=CARTESIAN_POINT('',(-0.00177385039852861,0.0012,-0.00155639004552936));
#11981=CARTESIAN_POINT('',(-0.00345125411069628,0.0006,-0.00108590902440456));
#11982=CARTESIAN_POINT('',(-0.00345125411069628,0.0006,-0.00108590902440456));
#11983=CARTESIAN_POINT('',(-0.00345125411069628,0.0006,-0.00108590902440456));
#11984=CARTESIAN_POINT('',(-0.00270976255504163,0.0006,-0.00155639004552936));
#11985=CARTESIAN_POINT('',(-0.00177385039852861,0.0006,-0.00155639004552936));
#11986=CARTESIAN_POINT('',(-0.00462703583969689,0.0006,0.000281768362586131));
#11987=CARTESIAN_POINT('',(-0.00462703583969689,0.0012,0.000281768362586131));
#11988=CARTESIAN_POINT('',(-0.00433750905746624,0.0006,-0.000316362547991132));
#11989=CARTESIAN_POINT('',(-0.00433750905746624,0.0012,-0.000316362547991132));
#11990=CARTESIAN_POINT('',(-0.00394558181446604,0.0006,-0.000772255010321362));
#11991=CARTESIAN_POINT('',(-0.00394558181446604,0.0012,-0.000772255010321362));
#11992=CARTESIAN_POINT('',(-0.00345125411069628,0.0006,-0.00108590902440456));
#11993=CARTESIAN_POINT('',(-0.00345125411069628,0.0012,-0.00108590902440456));
#11994=CARTESIAN_POINT('',(-0.00462703583969689,0.0006,0.000281768362586131));
#11995=CARTESIAN_POINT('',(-0.00462703583969689,0.0006,0.000281768362586131));
#11996=CARTESIAN_POINT('',(-0.00462703583969689,0.0006,0.000281768362586131));
#11997=CARTESIAN_POINT('',(-0.00419274566635092,0.0006,-0.000615428003279763));
#11998=CARTESIAN_POINT('',(-0.00345125411069628,0.0006,-0.00108590902440456));
#11999=CARTESIAN_POINT('',(-0.00506132601304286,0.0006,0.00226637345706247));
#12000=CARTESIAN_POINT('',(-0.00506132601304286,0.0012,0.00226637345706247));
#12001=CARTESIAN_POINT('',(-0.00506132601304286,0.0006,0.00154143430465551));
#12002=CARTESIAN_POINT('',(-0.00506132601304286,0.0012,0.00154143430465551));
#12003=CARTESIAN_POINT('',(-0.00491656262192754,0.0006,0.000879899273163393));
#12004=CARTESIAN_POINT('',(-0.00491656262192754,0.0012,0.000879899273163393));
#12005=CARTESIAN_POINT('',(-0.00462703583969689,0.0006,0.000281768362586131));
#12006=CARTESIAN_POINT('',(-0.00462703583969689,0.0012,0.000281768362586131));
#12007=CARTESIAN_POINT('',(-0.00506132601304286,0.0006,0.00226637345706247));
#12008=CARTESIAN_POINT('',(-0.00506132601304286,0.0006,0.00226637345706247));
#12009=CARTESIAN_POINT('',(-0.00506132601304286,0.0006,0.00226637345706247));
#12010=CARTESIAN_POINT('',(-0.00506132601304286,0.0006,0.00117896472845202));
#12011=CARTESIAN_POINT('',(-0.00462703583969689,0.0006,0.000281768362586131));
#12012=CARTESIAN_POINT('',(-0.00445113148653932,0.0006,0.00394546046447566));
#12013=CARTESIAN_POINT('',(-0.00445113148653932,0.0012,0.00394546046447566));
#12014=CARTESIAN_POINT('',(-0.00485792783754168,0.0006,0.00354876388494646));
#12015=CARTESIAN_POINT('',(-0.00485792783754168,0.0012,0.00354876388494646));
#12016=CARTESIAN_POINT('',(-0.00506132601304286,0.0006,0.00298906821580873));
#12017=CARTESIAN_POINT('',(-0.00506132601304286,0.0012,0.00298906821580873));
#12018=CARTESIAN_POINT('',(-0.00506132601304286,0.0006,0.00226637345706247));
#12019=CARTESIAN_POINT('',(-0.00506132601304286,0.0012,0.00226637345706247));
#12020=CARTESIAN_POINT('',(-0.00445113148653932,0.0006,0.00394546046447566));
#12021=CARTESIAN_POINT('',(-0.00445113148653932,0.0006,0.00394546046447566));
#12022=CARTESIAN_POINT('',(-0.00445113148653932,0.0006,0.00394546046447566));
#12023=CARTESIAN_POINT('',(-0.00506132601304286,0.0006,0.00335041559518186));
#12024=CARTESIAN_POINT('',(-0.00506132601304286,0.0006,0.00226637345706247));
#12025=CARTESIAN_POINT('',(-0.00273501198372453,0.0006,0.00454050533376946));
#12026=CARTESIAN_POINT('',(-0.00273501198372453,0.0012,0.00454050533376946));
#12027=CARTESIAN_POINT('',(-0.00347229530126536,0.0006,0.00454050533376946));
#12028=CARTESIAN_POINT('',(-0.00347229530126536,0.0012,0.00454050533376946));
#12029=CARTESIAN_POINT('',(-0.00404433513553696,0.0006,0.00434215704400486));
#12030=CARTESIAN_POINT('',(-0.00404433513553696,0.0012,0.00434215704400486));
#12031=CARTESIAN_POINT('',(-0.00445113148653932,0.0006,0.00394546046447566));
#12032=CARTESIAN_POINT('',(-0.00445113148653932,0.0012,0.00394546046447566));
#12033=CARTESIAN_POINT('',(-0.00273501198372453,0.0006,0.00454050533376946));
#12034=CARTESIAN_POINT('',(-0.00273501198372453,0.0006,0.00454050533376946));
#12035=CARTESIAN_POINT('',(-0.00273501198372453,0.0006,0.00454050533376946));
#12036=CARTESIAN_POINT('',(-0.00384093696003578,0.0006,0.00454050533376946));
#12037=CARTESIAN_POINT('',(-0.00445113148653932,0.0006,0.00394546046447566));
#12038=CARTESIAN_POINT('',(-0.000684758374672639,0.0006,0.00408769891272269));
#12039=CARTESIAN_POINT('',(-0.000684758374672639,0.0012,0.00408769891272269));
#12040=CARTESIAN_POINT('',(-0.00128737807257131,0.0006,0.0043895698600872));
#12041=CARTESIAN_POINT('',(-0.00128737807257131,0.0012,0.0043895698600872));
#12042=CARTESIAN_POINT('',(-0.00197079594225527,0.0006,0.00454050533376946));
#12043=CARTESIAN_POINT('',(-0.00197079594225527,0.0012,0.00454050533376946));
#12044=CARTESIAN_POINT('',(-0.00273501198372453,0.0006,0.00454050533376946));
#12045=CARTESIAN_POINT('',(-0.00273501198372453,0.0012,0.00454050533376946));
#12046=CARTESIAN_POINT('',(-0.000684758374672639,0.0006,0.00408769891272269));
#12047=CARTESIAN_POINT('',(-0.000684758374672639,0.0006,0.00408769891272269));
#12048=CARTESIAN_POINT('',(-0.000684758374672639,0.0006,0.00408769891272269));
#12049=CARTESIAN_POINT('',(-0.00158868792152064,0.0006,0.00454050533376946));
#12050=CARTESIAN_POINT('',(-0.00273501198372453,0.0006,0.00454050533376946));
#12051=CARTESIAN_POINT('',(-0.000684758374672639,0.0006,0.0034901291005606));
#12052=CARTESIAN_POINT('',(-0.000684758374672639,0.0006,0.00289255928839851));
#12053=CARTESIAN_POINT('',(-0.000684758374672639,0.0006,0.00289255928839851));
#12054=CARTESIAN_POINT('',(-0.000684758374672639,0.0006,0.0034901291005606));
#12055=CARTESIAN_POINT('',(-0.00158868792152064,0.0006,0.00324520964233642));
#12056=CARTESIAN_POINT('',(-0.00158868792152064,0.0012,0.00324520964233642));
#12057=CARTESIAN_POINT('',(-0.00133956022518264,0.0006,0.00317843893093052));
#12058=CARTESIAN_POINT('',(-0.00133956022518264,0.0012,0.00317843893093052));
#12059=CARTESIAN_POINT('',(-0.00103825037623331,0.0006,0.00306088881295122));
#12060=CARTESIAN_POINT('',(-0.00103825037623331,0.0012,0.00306088881295122));
#12061=CARTESIAN_POINT('',(-0.000684758374672639,0.0006,0.00289255928839851));
#12062=CARTESIAN_POINT('',(-0.000684758374672639,0.0012,0.00289255928839851));
#12063=CARTESIAN_POINT('',(-0.00158868792152064,0.0006,0.00324520964233642));
#12064=CARTESIAN_POINT('',(-0.00158868792152064,0.0006,0.00324520964233642));
#12065=CARTESIAN_POINT('',(-0.00158868792152064,0.0006,0.00324520964233642));
#12066=CARTESIAN_POINT('',(-0.00121499637701365,0.0006,0.00314505357522757));
#12067=CARTESIAN_POINT('',(-0.000684758374672639,0.0006,0.00289255928839851));
#12068=CARTESIAN_POINT('',(-0.0023802396131849,0.0006,0.000124598740878594));
#12069=CARTESIAN_POINT('',(-0.00242023577281099,0.0006,0.00334536570944528));
#12070=CARTESIAN_POINT('',(-0.00242023577281099,0.0006,0.00334536570944528));
#12071=CARTESIAN_POINT('',(-0.0023802396131849,0.0006,0.000124598740878594));
#12072=CARTESIAN_POINT('',(-0.00319623488099893,0.0006,0.00306930528917885));
#12073=CARTESIAN_POINT('',(-0.00319623488099893,0.0012,0.00306930528917885));
#12074=CARTESIAN_POINT('',(-0.00301556119131237,0.0006,0.00325334556935647));
#12075=CARTESIAN_POINT('',(-0.00301556119131237,0.0012,0.00325334556935647));
#12076=CARTESIAN_POINT('',(-0.00275689482191638,0.0006,0.00334536570944528));
#12077=CARTESIAN_POINT('',(-0.00275689482191638,0.0012,0.00334536570944528));
#12078=CARTESIAN_POINT('',(-0.00242023577281099,0.0006,0.00334536570944528));
#12079=CARTESIAN_POINT('',(-0.00242023577281099,0.0012,0.00334536570944528));
#12080=CARTESIAN_POINT('',(-0.00319623488099893,0.0006,0.00306930528917885));
#12081=CARTESIAN_POINT('',(-0.00319623488099893,0.0006,0.00306930528917885));
#12082=CARTESIAN_POINT('',(-0.00319623488099893,0.0006,0.00306930528917885));
#12083=CARTESIAN_POINT('',(-0.00292522434646908,0.0006,0.00334536570944528));
#12084=CARTESIAN_POINT('',(-0.00242023577281099,0.0006,0.00334536570944528));
#12085=CARTESIAN_POINT('',(-0.00346724541552878,0.0006,0.00231518901918275));
#12086=CARTESIAN_POINT('',(-0.00346724541552878,0.0012,0.00231518901918275));
#12087=CARTESIAN_POINT('',(-0.00346724541552878,0.0006,0.00263389291900253));
#12088=CARTESIAN_POINT('',(-0.00346724541552878,0.0012,0.00263389291900253));
#12089=CARTESIAN_POINT('',(-0.0033769085706855,0.0006,0.00288526500900123));
#12090=CARTESIAN_POINT('',(-0.0033769085706855,0.0012,0.00288526500900123));
#12091=CARTESIAN_POINT('',(-0.00319623488099893,0.0006,0.00306930528917885));
#12092=CARTESIAN_POINT('',(-0.00319623488099893,0.0012,0.00306930528917885));
#12093=CARTESIAN_POINT('',(-0.00346724541552878,0.0006,0.00231518901918275));
#12094=CARTESIAN_POINT('',(-0.00346724541552878,0.0006,0.00231518901918275));
#12095=CARTESIAN_POINT('',(-0.00346724541552878,0.0006,0.00231518901918275));
#12096=CARTESIAN_POINT('',(-0.00346724541552878,0.0006,0.00279324486891242));
#12097=CARTESIAN_POINT('',(-0.00319623488099893,0.0006,0.00306930528917885));
#12098=CARTESIAN_POINT('',(-0.00346724541552878,0.0006,0.00226216521894866));
#12099=CARTESIAN_POINT('',(-0.00346724541552878,0.0006,0.00220914141871456));
#12100=CARTESIAN_POINT('',(-0.00346724541552878,0.0006,0.00220914141871456));
#12101=CARTESIAN_POINT('',(-0.00346724541552878,0.0006,0.00226216521894866));
#12102=CARTESIAN_POINT('',(-0.0034621955297922,0.0006,0.00215359267561216));
#12103=CARTESIAN_POINT('',(-0.00345714564405562,0.0006,0.00209804393250977));
#12104=CARTESIAN_POINT('',(-0.00345714564405562,0.0006,0.00209804393250977));
#12105=CARTESIAN_POINT('',(-0.0034621955297922,0.0006,0.00215359267561216));
#12106=CARTESIAN_POINT('',(-0.00187316481801471,0.0006,-0.00041511586906205));
#12107=CARTESIAN_POINT('',(-0.00187316481801471,0.0012,-0.00041511586906205));
#12108=CARTESIAN_POINT('',(-0.00218176894636132,0.0006,-0.00041511586906205));
#12109=CARTESIAN_POINT('',(-0.00218176894636132,0.0012,-0.00041511586906205));
#12110=CARTESIAN_POINT('',(-0.00247269847462991,0.0006,-0.000274841265268132));
#12111=CARTESIAN_POINT('',(-0.00247269847462991,0.0012,-0.000274841265268132));
#12112=CARTESIAN_POINT('',(-0.00274595340282046,0.0006,5.70794231970206E-6));
#12113=CARTESIAN_POINT('',(-0.00274595340282046,0.0012,5.70794231970206E-6));
#12114=CARTESIAN_POINT('',(-0.00187316481801471,0.0012,-0.00041511586906205));
#12115=CARTESIAN_POINT('',(-0.00233607101053463,0.0012,-0.00041511586906205));
#12116=CARTESIAN_POINT('',(-0.00274595340282046,0.0012,5.70794231970206E-6));
#12117=CARTESIAN_POINT('',(-0.00187316481801471,0.0012,-0.00041511586906205));
#12118=CARTESIAN_POINT('',(-0.00274595340282046,0.0012,5.70794231970206E-6));
#12119=CARTESIAN_POINT('',(-0.00187316481801471,0.0006,-0.00041511586906205));
#12120=CARTESIAN_POINT('',(-0.00187316481801471,0.0006,-0.00041511586906205));
#12121=CARTESIAN_POINT('',(-0.00187316481801471,0.0006,-0.00041511586906205));
#12122=CARTESIAN_POINT('',(-0.00233607101053463,0.0006,-0.00041511586906205));
#12123=CARTESIAN_POINT('',(-0.00274595340282046,0.0006,5.70794231970206E-6));
#12124=CARTESIAN_POINT('',(-0.00274595340282046,0.0006,5.70794231970206E-6));
#12125=CARTESIAN_POINT('',(-0.00274595340282046,0.0006,5.70794231970206E-6));
#12126=CARTESIAN_POINT('',(-0.00132104397748185,0.0006,8.48228188594716E-5));
#12127=CARTESIAN_POINT('',(-0.00132104397748185,0.0012,8.48228188594716E-5));
#12128=CARTESIAN_POINT('',(-0.00132104397748185,0.0006,-0.000248469639754876));
#12129=CARTESIAN_POINT('',(-0.00132104397748185,0.0012,-0.000248469639754876));
#12130=CARTESIAN_POINT('',(-0.00150508425765947,0.0006,-0.00041511586906205));
#12131=CARTESIAN_POINT('',(-0.00150508425765947,0.0012,-0.00041511586906205));
#12132=CARTESIAN_POINT('',(-0.00187316481801471,0.0006,-0.00041511586906205));
#12133=CARTESIAN_POINT('',(-0.00187316481801471,0.0012,-0.00041511586906205));
#12134=CARTESIAN_POINT('',(-0.00132104397748185,0.0012,8.48228188594716E-5));
#12135=CARTESIAN_POINT('',(-0.00132104397748185,0.0012,-0.00041511586906205));
#12136=CARTESIAN_POINT('',(-0.00187316481801471,0.0012,-0.00041511586906205));
#12137=CARTESIAN_POINT('',(-0.00132104397748185,0.0012,8.48228188594716E-5));
#12138=CARTESIAN_POINT('',(-0.00132104397748185,0.0006,8.48228188594716E-5));
#12139=CARTESIAN_POINT('',(-0.00132104397748185,0.0006,8.48228188594716E-5));
#12140=CARTESIAN_POINT('',(-0.00132104397748185,0.0006,8.48228188594716E-5));
#12141=CARTESIAN_POINT('',(-0.00132104397748185,0.0006,-0.00041511586906205));
#12142=CARTESIAN_POINT('',(-0.00187316481801471,0.0006,-0.00041511586906205));
#12143=CARTESIAN_POINT('',(-0.00177553369377414,0.0006,0.000775815517148307));
#12144=CARTESIAN_POINT('',(-0.00177553369377414,0.0012,0.000775815517148307));
#12145=CARTESIAN_POINT('',(-0.00147254054957928,0.0006,0.000605802697350079));
#12146=CARTESIAN_POINT('',(-0.00147254054957928,0.0012,0.000605802697350079));
#12147=CARTESIAN_POINT('',(-0.00132104397748185,0.0006,0.000375471797920467));
#12148=CARTESIAN_POINT('',(-0.00132104397748185,0.0012,0.000375471797920467));
#12149=CARTESIAN_POINT('',(-0.00132104397748185,0.0006,8.48228188594716E-5));
#12150=CARTESIAN_POINT('',(-0.00132104397748185,0.0012,8.48228188594716E-5));
#12151=CARTESIAN_POINT('',(-0.00177553369377414,0.0012,0.000775815517148307));
#12152=CARTESIAN_POINT('',(-0.00132104397748185,0.0012,0.000520796287450965));
#12153=CARTESIAN_POINT('',(-0.00132104397748185,0.0012,8.48228188594716E-5));
#12154=CARTESIAN_POINT('',(-0.00177553369377414,0.0012,0.000775815517148307));
#12155=CARTESIAN_POINT('',(-0.00177553369377414,0.0006,0.000775815517148307));
#12156=CARTESIAN_POINT('',(-0.00177553369377414,0.0006,0.000775815517148307));
#12157=CARTESIAN_POINT('',(-0.00177553369377414,0.0006,0.000775815517148307));
#12158=CARTESIAN_POINT('',(-0.00132104397748185,0.0006,0.000520796287450965));
#12159=CARTESIAN_POINT('',(-0.00132104397748185,0.0006,8.48228188594716E-5));
#12160=CARTESIAN_POINT('',(-0.00304642160414703,0.0006,0.00103083474684565));
#12161=CARTESIAN_POINT('',(-0.00304642160414703,0.0012,0.00103083474684565));
#12162=CARTESIAN_POINT('',(-0.00250215614142663,0.0006,0.00103083474684565));
#12163=CARTESIAN_POINT('',(-0.00250215614142663,0.0012,0.00103083474684565));
#12164=CARTESIAN_POINT('',(-0.002078526837969,0.0006,0.000945828336946534));
#12165=CARTESIAN_POINT('',(-0.002078526837969,0.0012,0.000945828336946534));
#12166=CARTESIAN_POINT('',(-0.00177553369377414,0.0006,0.000775815517148307));
#12167=CARTESIAN_POINT('',(-0.00177553369377414,0.0012,0.000775815517148307));
#12168=CARTESIAN_POINT('',(-0.00304642160414703,0.0012,0.00103083474684565));
#12169=CARTESIAN_POINT('',(-0.00223002341006643,0.0012,0.00103083474684565));
#12170=CARTESIAN_POINT('',(-0.00177553369377414,0.0012,0.000775815517148307));
#12171=CARTESIAN_POINT('',(-0.00304642160414703,0.0012,0.00103083474684565));
#12172=CARTESIAN_POINT('',(-0.00304642160414703,0.0006,0.00103083474684565));
#12173=CARTESIAN_POINT('',(-0.00304642160414703,0.0006,0.00103083474684565));
#12174=CARTESIAN_POINT('',(-0.00304642160414703,0.0006,0.00103083474684565));
#12175=CARTESIAN_POINT('',(-0.00223002341006643,0.0006,0.00103083474684565));
#12176=CARTESIAN_POINT('',(-0.00177553369377414,0.0006,0.000775815517148307));
#12177=CARTESIAN_POINT('',(-0.00316425227133392,0.0006,0.00103083474684565));
#12178=CARTESIAN_POINT('',(-0.00316425227133392,0.0012,0.00103083474684565));
#12179=CARTESIAN_POINT('',(-0.00328208293852081,0.0012,0.00103083474684565));
#12180=CARTESIAN_POINT('',(-0.00328208293852081,0.0006,0.00103083474684565));
#12181=CARTESIAN_POINT('',(-0.00328208293852081,0.0006,0.00103083474684565));
#12182=CARTESIAN_POINT('',(-0.00316425227133392,0.0006,0.00103083474684565));
#12183=CARTESIAN_POINT('',(-0.00274595340282046,0.0006,5.70794231970206E-6));
#12184=CARTESIAN_POINT('',(-0.00274595340282046,0.0012,5.70794231970206E-6));
#12185=CARTESIAN_POINT('',(-0.00301920833101101,0.0006,0.000286257149907536));
#12186=CARTESIAN_POINT('',(-0.00301920833101101,0.0012,0.000286257149907536));
#12187=CARTESIAN_POINT('',(-0.00319791817624446,0.0006,0.000627966084749518));
#12188=CARTESIAN_POINT('',(-0.00319791817624446,0.0012,0.000627966084749518));
#12189=CARTESIAN_POINT('',(-0.00328208293852081,0.0006,0.00103083474684565));
#12190=CARTESIAN_POINT('',(-0.00328208293852081,0.0012,0.00103083474684565));
#12191=CARTESIAN_POINT('',(-0.00274595340282046,0.0012,5.70794231970206E-6));
#12192=CARTESIAN_POINT('',(-0.00315583579510629,0.0012,0.000426531753701453));
#12193=CARTESIAN_POINT('',(-0.00328208293852081,0.0012,0.00103083474684565));
#12194=CARTESIAN_POINT('',(-0.00274595340282046,0.0006,5.70794231970206E-6));
#12195=CARTESIAN_POINT('',(-0.00315583579510629,0.0006,0.000426531753701453));
#12196=CARTESIAN_POINT('',(-0.00328208293852081,0.0006,0.00103083474684565));
#12197=CARTESIAN_POINT('',(-0.00332248202441345,0.0006,0.00209804393250977));
#12198=CARTESIAN_POINT('',(-0.00332248202441345,0.0006,0.00209804393250977));
#12199=CARTESIAN_POINT('',(7.66429902575305E-6,0.0006,0.000247506399284343));
#12200=CARTESIAN_POINT('',(-2.36946650586378E-6,0.0012,0.000136848782026328));
#12201=CARTESIAN_POINT('',(0.00481625048770962,0.0006,0.00443445773330125));
#12202=CARTESIAN_POINT('',(0.00560739925310731,0.0006,0.00443445773330125));
#12203=CARTESIAN_POINT('',(0.00560739925310731,0.0006,0.00443445773330125));
#12204=CARTESIAN_POINT('',(0.00481625048770962,0.0006,0.00443445773330125));
#12205=CARTESIAN_POINT('',(0.00402510172231193,0.0006,0.00443445773330125));
#12206=CARTESIAN_POINT('',(0.00402510172231193,0.0006,0.00443445773330125));
#12207=CARTESIAN_POINT('',(0.00595752466417693,0.0006,0.00275873731637912));
#12208=CARTESIAN_POINT('',(0.00630765007524654,0.0006,0.00108301689945699));
#12209=CARTESIAN_POINT('',(0.00630765007524654,0.0006,0.00108301689945699));
#12210=CARTESIAN_POINT('',(0.00595752466417693,0.0006,0.00275873731637912));
#12211=CARTESIAN_POINT('',(0.00642884733292449,0.0006,0.000137004971470809));
#12212=CARTESIAN_POINT('',(0.00642884733292449,0.0012,0.000137004971470809));
#12213=CARTESIAN_POINT('',(0.00642884733292449,0.0006,0.000392865848790913));
#12214=CARTESIAN_POINT('',(0.00642884733292449,0.0012,0.000392865848790913));
#12215=CARTESIAN_POINT('',(0.00638844824703184,0.0006,0.000708203158119639));
#12216=CARTESIAN_POINT('',(0.00638844824703184,0.0012,0.000708203158119639));
#12217=CARTESIAN_POINT('',(0.00630765007524654,0.0006,0.00108301689945699));
#12218=CARTESIAN_POINT('',(0.00630765007524654,0.0012,0.00108301689945699));
#12219=CARTESIAN_POINT('',(0.00642884733292449,0.0006,0.000137004971470809));
#12220=CARTESIAN_POINT('',(0.00642884733292449,0.0006,0.000137004971470809));
#12221=CARTESIAN_POINT('',(0.00642884733292449,0.0006,0.000137004971470809));
#12222=CARTESIAN_POINT('',(0.00642884733292449,0.0006,0.000520796287450965));
#12223=CARTESIAN_POINT('',(0.00630765007524654,0.0006,0.00108301689945699));
#12224=CARTESIAN_POINT('',(0.00603158965498011,0.0006,-0.00111789163406957));
#12225=CARTESIAN_POINT('',(0.00603158965498011,0.0012,-0.00111789163406957));
#12226=CARTESIAN_POINT('',(0.00629642810694303,0.0006,-0.000825559359763051));
#12227=CARTESIAN_POINT('',(0.00629642810694303,0.0012,-0.000825559359763051));
#12228=CARTESIAN_POINT('',(0.00642884733292449,0.0006,-0.00040726049124959));
#12229=CARTESIAN_POINT('',(0.00642884733292449,0.0012,-0.00040726049124959));
#12230=CARTESIAN_POINT('',(0.00642884733292449,0.0006,0.000137004971470809));
#12231=CARTESIAN_POINT('',(0.00642884733292449,0.0012,0.000137004971470809));
#12232=CARTESIAN_POINT('',(0.00603158965498011,0.0006,-0.00111789163406957));
#12233=CARTESIAN_POINT('',(0.00603158965498011,0.0006,-0.00111789163406957));
#12234=CARTESIAN_POINT('',(0.00603158965498011,0.0006,-0.00111789163406957));
#12235=CARTESIAN_POINT('',(0.00642884733292449,0.0006,-0.00067939322260979));
#12236=CARTESIAN_POINT('',(0.00642884733292449,0.0006,0.000137004971470809));
#12237=CARTESIAN_POINT('',(0.0049088317262136,0.0006,-0.00155639004552936));
#12238=CARTESIAN_POINT('',(0.0049088317262136,0.0012,-0.00155639004552936));
#12239=CARTESIAN_POINT('',(0.00539249856009503,0.0006,-0.00155639004552936));
#12240=CARTESIAN_POINT('',(0.00539249856009503,0.0012,-0.00155639004552936));
#12241=CARTESIAN_POINT('',(0.0057667512030172,0.0006,-0.0014102239083761));
#12242=CARTESIAN_POINT('',(0.0057667512030172,0.0012,-0.0014102239083761));
#12243=CARTESIAN_POINT('',(0.00603158965498011,0.0006,-0.00111789163406957));
#12244=CARTESIAN_POINT('',(0.00603158965498011,0.0012,-0.00111789163406957));
#12245=CARTESIAN_POINT('',(0.0049088317262136,0.0006,-0.00155639004552936));
#12246=CARTESIAN_POINT('',(0.0049088317262136,0.0006,-0.00155639004552936));
#12247=CARTESIAN_POINT('',(0.0049088317262136,0.0006,-0.00155639004552936));
#12248=CARTESIAN_POINT('',(0.00563433197703574,0.0006,-0.00155639004552936));
#12249=CARTESIAN_POINT('',(0.00603158965498011,0.0006,-0.00111789163406957));
#12250=CARTESIAN_POINT('',(0.00304037400367863,0.0006,-0.000357883830714131));
#12251=CARTESIAN_POINT('',(0.00304037400367863,0.0012,-0.000357883830714131));
#12252=CARTESIAN_POINT('',(0.00355209575831884,0.0006,-0.00115688797392428));
#12253=CARTESIAN_POINT('',(0.00355209575831884,0.0012,-0.00115688797392428));
#12254=CARTESIAN_POINT('',(0.00417491499916383,0.0006,-0.00155639004552936));
#12255=CARTESIAN_POINT('',(0.00417491499916383,0.0012,-0.00155639004552936));
#12256=CARTESIAN_POINT('',(0.0049088317262136,0.0006,-0.00155639004552936));
#12257=CARTESIAN_POINT('',(0.0049088317262136,0.0012,-0.00155639004552936));
#12258=CARTESIAN_POINT('',(0.00304037400367863,0.0006,-0.000357883830714131));
#12259=CARTESIAN_POINT('',(0.00304037400367863,0.0006,-0.000357883830714131));
#12260=CARTESIAN_POINT('',(0.00304037400367863,0.0006,-0.000357883830714131));
#12261=CARTESIAN_POINT('',(0.00380795663563894,0.0006,-0.00155639004552936));
#12262=CARTESIAN_POINT('',(0.0049088317262136,0.0006,-0.00155639004552936));
#12263=CARTESIAN_POINT('',(0.00302438269884611,0.0006,-0.000357883830714131));
#12264=CARTESIAN_POINT('',(0.00300839139401361,0.0006,-0.000357883830714131));
#12265=CARTESIAN_POINT('',(0.00300839139401361,0.0006,-0.000357883830714131));
#12266=CARTESIAN_POINT('',(0.00302438269884611,0.0006,-0.000357883830714131));
#12267=CARTESIAN_POINT('',(0.003063940137116,0.0006,-0.000902429842642117));
#12268=CARTESIAN_POINT('',(0.0031194888802184,0.0006,-0.0014469758545701));
#12269=CARTESIAN_POINT('',(0.0031194888802184,0.0006,-0.0014469758545701));
#12270=CARTESIAN_POINT('',(0.003063940137116,0.0006,-0.000902429842642117));
#12271=CARTESIAN_POINT('',(0.00251434423945143,0.0006,-0.0014469758545701));
#12272=CARTESIAN_POINT('',(0.00190919959868448,0.0006,-0.0014469758545701));
#12273=CARTESIAN_POINT('',(0.00190919959868448,0.0006,-0.0014469758545701));
#12274=CARTESIAN_POINT('',(0.00251434423945143,0.0006,-0.0014469758545701));
#12275=CARTESIAN_POINT('',(0.00128638035783948,0.0006,0.00149374093936557));
#12276=CARTESIAN_POINT('',(0.000663561116994491,0.0006,0.00443445773330125));
#12277=CARTESIAN_POINT('',(0.000663561116994491,0.0006,0.00443445773330125));
#12278=CARTESIAN_POINT('',(0.00128638035783948,0.0006,0.00149374093936557));
#12279=CARTESIAN_POINT('',(0.00145470988239219,0.0006,0.00443445773330125));
#12280=CARTESIAN_POINT('',(0.00224585864778988,0.0006,0.00443445773330125));
#12281=CARTESIAN_POINT('',(0.00224585864778988,0.0006,0.00443445773330125));
#12282=CARTESIAN_POINT('',(0.00145470988239219,0.0006,0.00443445773330125));
#12283=CARTESIAN_POINT('',(0.00250424446797828,0.0006,0.00321659362316247));
#12284=CARTESIAN_POINT('',(0.00276263028816667,0.0006,0.00199872951302368));
#12285=CARTESIAN_POINT('',(0.00276263028816667,0.0006,0.00199872951302368));
#12286=CARTESIAN_POINT('',(0.00250424446797828,0.0006,0.00321659362316247));
#12287=CARTESIAN_POINT('',(0.00338292458614337,0.0006,0.000326375686592596));
#12288=CARTESIAN_POINT('',(0.00338292458614337,0.0012,0.000326375686592596));
#12289=CARTESIAN_POINT('',(0.00311976942942598,0.0006,0.000726438856612848));
#12290=CARTESIAN_POINT('',(0.00311976942942598,0.0012,0.000726438856612848));
#12291=CARTESIAN_POINT('',(0.00291300466343375,0.0006,0.00128389013208987));
#12292=CARTESIAN_POINT('',(0.00291300466343375,0.0012,0.00128389013208987));
#12293=CARTESIAN_POINT('',(0.00276263028816667,0.0006,0.00199872951302368));
#12294=CARTESIAN_POINT('',(0.00276263028816667,0.0012,0.00199872951302368));
#12295=CARTESIAN_POINT('',(0.00338292458614337,0.0006,0.000326375686592596));
#12296=CARTESIAN_POINT('',(0.00338292458614337,0.0006,0.000326375686592596));
#12297=CARTESIAN_POINT('',(0.00338292458614337,0.0006,0.000326375686592596));
#12298=CARTESIAN_POINT('',(0.00298819185106729,0.0006,0.000926470441622974));
#12299=CARTESIAN_POINT('',(0.00276263028816667,0.0006,0.00199872951302368));
#12300=CARTESIAN_POINT('',(0.0042607630566857,0.0006,-0.000273719068437781));
#12301=CARTESIAN_POINT('',(0.0042607630566857,0.0012,-0.000273719068437781));
#12302=CARTESIAN_POINT('',(0.00393869256637487,0.0006,-0.000273719068437781));
#12303=CARTESIAN_POINT('',(0.00393869256637487,0.0012,-0.000273719068437781));
#12304=CARTESIAN_POINT('',(0.00364607974286076,0.0006,-7.36874834276551E-5));
#12305=CARTESIAN_POINT('',(0.00364607974286076,0.0012,-7.36874834276551E-5));
#12306=CARTESIAN_POINT('',(0.00338292458614337,0.0006,0.000326375686592596));
#12307=CARTESIAN_POINT('',(0.00338292458614337,0.0012,0.000326375686592596));
#12308=CARTESIAN_POINT('',(0.0042607630566857,0.0006,-0.000273719068437781));
#12309=CARTESIAN_POINT('',(0.0042607630566857,0.0006,-0.000273719068437781));
#12310=CARTESIAN_POINT('',(0.0042607630566857,0.0006,-0.000273719068437781));
#12311=CARTESIAN_POINT('',(0.00377765732121945,0.0006,-0.000273719068437781));
#12312=CARTESIAN_POINT('',(0.00338292458614337,0.0006,0.000326375686592596));
#12313=CARTESIAN_POINT('',(0.00482971684967383,0.0006,0.000372666305844589));
#12314=CARTESIAN_POINT('',(0.00482971684967383,0.0012,0.000372666305844589));
#12315=CARTESIAN_POINT('',(0.00482971684967383,0.0006,-5.82572770103244E-5));
#12316=CARTESIAN_POINT('',(0.00482971684967383,0.0012,-5.82572770103244E-5));
#12317=CARTESIAN_POINT('',(0.00464006558534445,0.0006,-0.000273719068437781));
#12318=CARTESIAN_POINT('',(0.00464006558534445,0.0012,-0.000273719068437781));
#12319=CARTESIAN_POINT('',(0.0042607630566857,0.0006,-0.000273719068437781));
#12320=CARTESIAN_POINT('',(0.0042607630566857,0.0012,-0.000273719068437781));
#12321=CARTESIAN_POINT('',(0.00482971684967383,0.0006,0.000372666305844589));
#12322=CARTESIAN_POINT('',(0.00482971684967383,0.0006,0.000372666305844589));
#12323=CARTESIAN_POINT('',(0.00482971684967383,0.0006,0.000372666305844589));
#12324=CARTESIAN_POINT('',(0.00482971684967383,0.0006,-0.000273719068437781));
#12325=CARTESIAN_POINT('',(0.0042607630566857,0.0006,-0.000273719068437781));
#12326=CARTESIAN_POINT('',(0.00202922685854683,0.0006,0.000306603117967243));
#12327=CARTESIAN_POINT('',(0.00474555208739748,0.0006,0.000998852137180636));
#12328=CARTESIAN_POINT('',(0.00474512062406895,0.00060000025,0.000998742179778324));
#12329=CARTESIAN_POINT('',(0.00202922685854683,0.0006,0.000306603117967243));
#12330=CARTESIAN_POINT('',(0.0043853269048547,0.0006,0.00271665493524094));
#12331=CARTESIAN_POINT('',(0.0043853269048547,0.0006,0.00271665493524094));
#12332=CARTESIAN_POINT('',(7.66429902575305E-6,0.0006,0.000247506399284343));
#12333=CARTESIAN_POINT('',(0.0114369845516243,0.0006,-0.000253304822602486));
#12334=CARTESIAN_POINT('',(0.0114585335265592,0.0006,-0.00201929623804928));
#12335=CARTESIAN_POINT('',(0.0114585335265592,0.0006,-0.00201929623804928));
#12336=CARTESIAN_POINT('',(0.0114369845516243,0.0006,-0.000253304822602486));
#12337=CARTESIAN_POINT('',(0.0104089989409731,0.0006,-0.00168852872230323));
#12338=CARTESIAN_POINT('',(0.0104089989409731,0.0006,-0.00168852872230323));
#12339=CARTESIAN_POINT('',(0.012462619140516,0.0006,-0.00161446373150004));
#12340=CARTESIAN_POINT('',(0.012462619140516,0.0012,-0.00161446373150004));
#12341=CARTESIAN_POINT('',(0.0122275189045574,0.0006,-0.00188435206919954));
#12342=CARTESIAN_POINT('',(0.0122275189045574,0.0012,-0.00188435206919954));
#12343=CARTESIAN_POINT('',(0.0118928236999051,0.0006,-0.00201929623804928));
#12344=CARTESIAN_POINT('',(0.0118928236999051,0.0012,-0.00201929623804928));
#12345=CARTESIAN_POINT('',(0.0114585335265592,0.0006,-0.00201929623804928));
#12346=CARTESIAN_POINT('',(0.0114585335265592,0.0012,-0.00201929623804928));
#12347=CARTESIAN_POINT('',(0.012462619140516,0.0006,-0.00161446373150004));
#12348=CARTESIAN_POINT('',(0.012462619140516,0.0006,-0.00161446373150004));
#12349=CARTESIAN_POINT('',(0.012462619140516,0.0006,-0.00161446373150004));
#12350=CARTESIAN_POINT('',(0.0121099687865781,0.0006,-0.00201929623804928));
#12351=CARTESIAN_POINT('',(0.0114585335265592,0.0006,-0.00201929623804928));
#12352=CARTESIAN_POINT('',(0.0128152694944539,0.0006,-0.000447098478727062));
#12353=CARTESIAN_POINT('',(0.0128152694944539,0.0012,-0.000447098478727062));
#12354=CARTESIAN_POINT('',(0.0128152694944539,0.0006,-0.000955453642876218));
#12355=CARTESIAN_POINT('',(0.0128152694944539,0.0012,-0.000955453642876218));
#12356=CARTESIAN_POINT('',(0.0126977193764746,0.0006,-0.00134457539380054));
#12357=CARTESIAN_POINT('',(0.0126977193764746,0.0012,-0.00134457539380054));
#12358=CARTESIAN_POINT('',(0.012462619140516,0.0006,-0.00161446373150004));
#12359=CARTESIAN_POINT('',(0.012462619140516,0.0012,-0.00161446373150004));
#12360=CARTESIAN_POINT('',(0.0128152694944539,0.0006,-0.000447098478727062));
#12361=CARTESIAN_POINT('',(0.0128152694944539,0.0006,-0.000447098478727062));
#12362=CARTESIAN_POINT('',(0.0128152694944539,0.0006,-0.000447098478727062));
#12363=CARTESIAN_POINT('',(0.0128152694944539,0.0006,-0.0012096312249508));
#12364=CARTESIAN_POINT('',(0.012462619140516,0.0006,-0.00161446373150004));
#12365=CARTESIAN_POINT('',(0.0107784822473663,0.0006,0.00298177393641145));
#12366=CARTESIAN_POINT('',(0.0107784822473663,0.0012,0.00298177393641145));
#12367=CARTESIAN_POINT('',(0.0121363404120914,0.0006,0.00218613638369235));
#12368=CARTESIAN_POINT('',(0.0121363404120914,0.0012,0.00218613638369235));
#12369=CARTESIAN_POINT('',(0.0128152694944539,0.0006,0.00104317891197951));
#12370=CARTESIAN_POINT('',(0.0128152694944539,0.0012,0.00104317891197951));
#12371=CARTESIAN_POINT('',(0.0128152694944539,0.0006,-0.000447098478727062));
#12372=CARTESIAN_POINT('',(0.0128152694944539,0.0012,-0.000447098478727062));
#12373=CARTESIAN_POINT('',(0.0107784822473663,0.0006,0.00298177393641145));
#12374=CARTESIAN_POINT('',(0.0107784822473663,0.0006,0.00298177393641145));
#12375=CARTESIAN_POINT('',(0.0107784822473663,0.0006,0.00298177393641145));
#12376=CARTESIAN_POINT('',(0.0128152694944539,0.0006,0.0017883176073328));
#12377=CARTESIAN_POINT('',(0.0128152694944539,0.0006,-0.000447098478727062));
#12378=CARTESIAN_POINT('',(0.0106236190847778,0.0006,0.00370811583485635));
#12379=CARTESIAN_POINT('',(0.0104687559221893,0.0006,0.00443445773330125));
#12380=CARTESIAN_POINT('',(0.0104687559221893,0.0006,0.00443445773330125));
#12381=CARTESIAN_POINT('',(0.0106236190847778,0.0006,0.00370811583485635));
#12382=CARTESIAN_POINT('',(0.0121756173011537,0.0006,0.00443445773330125));
#12383=CARTESIAN_POINT('',(0.0138824786801181,0.0006,0.00443445773330125));
#12384=CARTESIAN_POINT('',(0.0138824786801181,0.0006,0.00443445773330125));
#12385=CARTESIAN_POINT('',(0.0121756173011537,0.0006,0.00443445773330125));
#12386=CARTESIAN_POINT('',(0.0140272420712334,0.0006,0.00375019821599453));
#12387=CARTESIAN_POINT('',(0.0141720054623487,0.0006,0.0030659386986878));
#12388=CARTESIAN_POINT('',(0.0141720054623487,0.0006,0.0030659386986878));
#12389=CARTESIAN_POINT('',(0.0140272420712334,0.0006,0.00375019821599453));
#12390=CARTESIAN_POINT('',(0.0132150521152666,0.0006,0.0030659386986878));
#12391=CARTESIAN_POINT('',(0.0122580987681845,0.0006,0.0030659386986878));
#12392=CARTESIAN_POINT('',(0.0122580987681845,0.0006,0.0030659386986878));
#12393=CARTESIAN_POINT('',(0.0132150521152666,0.0006,0.0030659386986878));
#12394=CARTESIAN_POINT('',(0.0138833203277408,0.0006,0.00160147183507931));
#12395=CARTESIAN_POINT('',(0.0138833203277408,0.0012,0.00160147183507931));
#12396=CARTESIAN_POINT('',(0.0135045788974972,0.0006,0.00223439084739746));
#12397=CARTESIAN_POINT('',(0.0135045788974972,0.0012,0.00223439084739746));
#12398=CARTESIAN_POINT('',(0.0129628383776451,0.0006,0.00272254646860029));
#12399=CARTESIAN_POINT('',(0.0129628383776451,0.0012,0.00272254646860029));
#12400=CARTESIAN_POINT('',(0.0122580987681845,0.0006,0.0030659386986878));
#12401=CARTESIAN_POINT('',(0.0122580987681845,0.0012,0.0030659386986878));
#12402=CARTESIAN_POINT('',(0.0138833203277408,0.0006,0.00160147183507931));
#12403=CARTESIAN_POINT('',(0.0138833203277408,0.0006,0.00160147183507931));
#12404=CARTESIAN_POINT('',(0.0138833203277408,0.0006,0.00160147183507931));
#12405=CARTESIAN_POINT('',(0.0133152081823755,0.0006,0.00255085035355653));
#12406=CARTESIAN_POINT('',(0.0122580987681845,0.0006,0.0030659386986878));
#12407=CARTESIAN_POINT('',(0.0144514324731062,0.0006,-0.000642360727208195));
#12408=CARTESIAN_POINT('',(0.0144514324731062,0.0012,-0.000642360727208195));
#12409=CARTESIAN_POINT('',(0.0144514324731062,0.0006,0.000220608635331983));
#12410=CARTESIAN_POINT('',(0.0144514324731062,0.0012,0.000220608635331983));
#12411=CARTESIAN_POINT('',(0.0142620617579844,0.0006,0.00096855282276115));
#12412=CARTESIAN_POINT('',(0.0142620617579844,0.0012,0.00096855282276115));
#12413=CARTESIAN_POINT('',(0.0138833203277408,0.0006,0.00160147183507931));
#12414=CARTESIAN_POINT('',(0.0138833203277408,0.0012,0.00160147183507931));
#12415=CARTESIAN_POINT('',(0.0144514324731062,0.0006,-0.000642360727208195));
#12416=CARTESIAN_POINT('',(0.0144514324731062,0.0006,-0.000642360727208195));
#12417=CARTESIAN_POINT('',(0.0144514324731062,0.0006,-0.000642360727208195));
#12418=CARTESIAN_POINT('',(0.0144514324731062,0.0006,0.000652093316602072));
#12419=CARTESIAN_POINT('',(0.0138833203277408,0.0006,0.00160147183507931));
#12420=CARTESIAN_POINT('',(0.0136855331363914,0.0006,-0.00265137360274468));
#12421=CARTESIAN_POINT('',(0.0136855331363914,0.0012,-0.00265137360274468));
#12422=CARTESIAN_POINT('',(0.0141961326942013,0.0006,-0.00216714567044807));
#12423=CARTESIAN_POINT('',(0.0141961326942013,0.0012,-0.00216714567044807));
#12424=CARTESIAN_POINT('',(0.0144514324731062,0.0006,-0.00149747471193592));
#12425=CARTESIAN_POINT('',(0.0144514324731062,0.0012,-0.00149747471193592));
#12426=CARTESIAN_POINT('',(0.0144514324731062,0.0006,-0.000642360727208195));
#12427=CARTESIAN_POINT('',(0.0144514324731062,0.0012,-0.000642360727208195));
#12428=CARTESIAN_POINT('',(0.0136855331363914,0.0006,-0.00265137360274468));
#12429=CARTESIAN_POINT('',(0.0136855331363914,0.0006,-0.00265137360274468));
#12430=CARTESIAN_POINT('',(0.0136855331363914,0.0006,-0.00265137360274468));
#12431=CARTESIAN_POINT('',(0.0144514324731062,0.0006,-0.00192503170429977));
#12432=CARTESIAN_POINT('',(0.0144514324731062,0.0006,-0.000642360727208195));
#12433=CARTESIAN_POINT('',(0.011572997603255,0.0006,-0.00337771550118958));
#12434=CARTESIAN_POINT('',(0.011572997603255,0.0012,-0.00337771550118958));
#12435=CARTESIAN_POINT('',(0.0124707550675361,0.0006,-0.00337771550118958));
#12436=CARTESIAN_POINT('',(0.0124707550675361,0.0012,-0.00337771550118958));
#12437=CARTESIAN_POINT('',(0.0131749335785815,0.0006,-0.00313560153504128));
#12438=CARTESIAN_POINT('',(0.0131749335785815,0.0012,-0.00313560153504128));
#12439=CARTESIAN_POINT('',(0.0136855331363914,0.0006,-0.00265137360274468));
#12440=CARTESIAN_POINT('',(0.0136855331363914,0.0012,-0.00265137360274468));
#12441=CARTESIAN_POINT('',(0.011572997603255,0.0006,-0.00337771550118958));
#12442=CARTESIAN_POINT('',(0.011572997603255,0.0006,-0.00337771550118958));
#12443=CARTESIAN_POINT('',(0.011572997603255,0.0006,-0.00337771550118958));
#12444=CARTESIAN_POINT('',(0.0129196337996766,0.0006,-0.00337771550118958));
#12445=CARTESIAN_POINT('',(0.0136855331363914,0.0006,-0.00265137360274468));
#12446=CARTESIAN_POINT('',(0.00957913438492828,0.0006,-0.00288787658474122));
#12447=CARTESIAN_POINT('',(0.00957913438492828,0.0012,-0.00288787658474122));
#12448=CARTESIAN_POINT('',(0.0101542602604833,0.0006,-0.00321443586237346));
#12449=CARTESIAN_POINT('',(0.0101542602604833,0.0012,-0.00321443586237346));
#12450=CARTESIAN_POINT('',(0.0108188813332589,0.0006,-0.00337771550118958));
#12451=CARTESIAN_POINT('',(0.0108188813332589,0.0012,-0.00337771550118958));
#12452=CARTESIAN_POINT('',(0.011572997603255,0.0006,-0.00337771550118958));
#12453=CARTESIAN_POINT('',(0.011572997603255,0.0012,-0.00337771550118958));
#12454=CARTESIAN_POINT('',(0.00957913438492828,0.0006,-0.00288787658474122));
#12455=CARTESIAN_POINT('',(0.00957913438492828,0.0006,-0.00288787658474122));
#12456=CARTESIAN_POINT('',(0.00957913438492828,0.0006,-0.00288787658474122));
#12457=CARTESIAN_POINT('',(0.0104418231982609,0.0006,-0.00337771550118958));
#12458=CARTESIAN_POINT('',(0.011572997603255,0.0006,-0.00337771550118958));
#12459=CARTESIAN_POINT('',(0.00822744830277009,0.0006,-0.00145960056891156));
#12460=CARTESIAN_POINT('',(0.00822744830277009,0.0012,-0.00145960056891156));
#12461=CARTESIAN_POINT('',(0.00855344648198716,0.0006,-0.00208522530183243));
#12462=CARTESIAN_POINT('',(0.00855344648198716,0.0012,-0.00208522530183243));
#12463=CARTESIAN_POINT('',(0.00900400850937322,0.0006,-0.00256131730710898));
#12464=CARTESIAN_POINT('',(0.00900400850937322,0.0012,-0.00256131730710898));
#12465=CARTESIAN_POINT('',(0.00957913438492828,0.0006,-0.00288787658474122));
#12466=CARTESIAN_POINT('',(0.00957913438492828,0.0012,-0.00288787658474122));
#12467=CARTESIAN_POINT('',(0.00822744830277009,0.0006,-0.00145960056891156));
#12468=CARTESIAN_POINT('',(0.00822744830277009,0.0006,-0.00145960056891156));
#12469=CARTESIAN_POINT('',(0.00822744830277009,0.0006,-0.00145960056891156));
#12470=CARTESIAN_POINT('',(0.00871644557159569,0.0006,-0.00239803766829287));
#12471=CARTESIAN_POINT('',(0.00957913438492828,0.0006,-0.00288787658474122));
#12472=CARTESIAN_POINT('',(0.0077384510339445,0.0006,0.000652093316602072));
#12473=CARTESIAN_POINT('',(0.0077384510339445,0.0012,0.000652093316602072));
#12474=CARTESIAN_POINT('',(0.0077384510339445,0.0006,-0.00013007787415281));
#12475=CARTESIAN_POINT('',(0.0077384510339445,0.0012,-0.00013007787415281));
#12476=CARTESIAN_POINT('',(0.00790145012355303,0.0006,-0.000833975835990686));
#12477=CARTESIAN_POINT('',(0.00790145012355303,0.0012,-0.000833975835990686));
#12478=CARTESIAN_POINT('',(0.00822744830277009,0.0006,-0.00145960056891156));
#12479=CARTESIAN_POINT('',(0.00822744830277009,0.0012,-0.00145960056891156));
#12480=CARTESIAN_POINT('',(0.0077384510339445,0.0006,0.000652093316602072));
#12481=CARTESIAN_POINT('',(0.0077384510339445,0.0006,0.000652093316602072));
#12482=CARTESIAN_POINT('',(0.0077384510339445,0.0006,0.000652093316602072));
#12483=CARTESIAN_POINT('',(0.0077384510339445,0.0006,-0.000521163469530251));
#12484=CARTESIAN_POINT('',(0.00822744830277009,0.0006,-0.00145960056891156));
#12485=CARTESIAN_POINT('',(0.00805154394961252,0.0006,0.00209131075152766));
#12486=CARTESIAN_POINT('',(0.00805154394961252,0.0012,0.00209131075152766));
#12487=CARTESIAN_POINT('',(0.00784281533916717,0.0006,0.0016615093655031));
#12488=CARTESIAN_POINT('',(0.00784281533916717,0.0012,0.0016615093655031));
#12489=CARTESIAN_POINT('',(0.0077384510339445,0.0006,0.0011817702205279));
#12490=CARTESIAN_POINT('',(0.0077384510339445,0.0012,0.0011817702205279));
#12491=CARTESIAN_POINT('',(0.0077384510339445,0.0006,0.000652093316602072));
#12492=CARTESIAN_POINT('',(0.0077384510339445,0.0012,0.000652093316602072));
#12493=CARTESIAN_POINT('',(0.00805154394961252,0.0006,0.00209131075152766));
#12494=CARTESIAN_POINT('',(0.00805154394961252,0.0006,0.00209131075152766));
#12495=CARTESIAN_POINT('',(0.00805154394961252,0.0006,0.00209131075152766));
#12496=CARTESIAN_POINT('',(0.0077384510339445,0.0006,0.00144660867249082));
#12497=CARTESIAN_POINT('',(0.0077384510339445,0.0006,0.000652093316602072));
#12498=CARTESIAN_POINT('',(0.00889655816286708,0.0006,0.0030659386986878));
#12499=CARTESIAN_POINT('',(0.00889655816286708,0.0012,0.0030659386986878));
#12500=CARTESIAN_POINT('',(0.00854194396447605,0.0006,0.00284598811993894));
#12501=CARTESIAN_POINT('',(0.00854194396447605,0.0012,0.00284598811993894));
#12502=CARTESIAN_POINT('',(0.00826027256005787,0.0006,0.00252111213755222));
#12503=CARTESIAN_POINT('',(0.00826027256005787,0.0012,0.00252111213755222));
#12504=CARTESIAN_POINT('',(0.00805154394961252,0.0006,0.00209131075152766));
#12505=CARTESIAN_POINT('',(0.00805154394961252,0.0012,0.00209131075152766));
#12506=CARTESIAN_POINT('',(0.00889655816286708,0.0006,0.0030659386986878));
#12507=CARTESIAN_POINT('',(0.00889655816286708,0.0006,0.0030659386986878));
#12508=CARTESIAN_POINT('',(0.00889655816286708,0.0006,0.0030659386986878));
#12509=CARTESIAN_POINT('',(0.00836463686528054,0.0006,0.00273601283056451));
#12510=CARTESIAN_POINT('',(0.00805154394961252,0.0006,0.00209131075152766));
#12511=CARTESIAN_POINT('',(0.00791519703472483,0.0006,0.0030659386986878));
#12512=CARTESIAN_POINT('',(0.00693383590658259,0.0006,0.0030659386986878));
#12513=CARTESIAN_POINT('',(0.00693383590658259,0.0006,0.0030659386986878));
#12514=CARTESIAN_POINT('',(0.00791519703472483,0.0006,0.0030659386986878));
#12515=CARTESIAN_POINT('',(0.00679412240120385,0.0006,0.00375019821599453));
#12516=CARTESIAN_POINT('',(0.0066544088958251,0.0006,0.00443445773330125));
#12517=CARTESIAN_POINT('',(0.0066544088958251,0.0006,0.00443445773330125));
#12518=CARTESIAN_POINT('',(0.00679412240120385,0.0006,0.00375019821599453));
#12519=CARTESIAN_POINT('',(0.00825943091243511,0.0006,0.00443445773330125));
#12520=CARTESIAN_POINT('',(0.00986445292904511,0.0006,0.00443445773330125));
#12521=CARTESIAN_POINT('',(0.00986445292904511,0.0006,0.00443445773330125));
#12522=CARTESIAN_POINT('',(0.00825943091243511,0.0006,0.00443445773330125));
#12523=CARTESIAN_POINT('',(0.0100193160916336,0.0006,0.00370811583485635));
#12524=CARTESIAN_POINT('',(0.0101741792542221,0.0006,0.00298177393641145));
#12525=CARTESIAN_POINT('',(0.0101741792491095,0.0006,0.00298177396039056));
#12526=CARTESIAN_POINT('',(0.0100193160916336,0.0006,0.00370811583485635));
#12527=CARTESIAN_POINT('',(0.0118359782475166,0.0006,0.00122214207415921));
#12528=CARTESIAN_POINT('',(0.00955893484198195,0.0006,0.00204333683703015));
#12529=CARTESIAN_POINT('',(0.00955893484198195,0.0006,0.00204333683703015));
#12530=CARTESIAN_POINT('',(0.0118359782475166,0.0006,0.00122214207415921));
#12531=CARTESIAN_POINT('',(0.009359464355387,0.0006,0.000694175697740248));
#12532=CARTESIAN_POINT('',(0.009359464355387,0.0012,0.000694175697740248));
#12533=CARTESIAN_POINT('',(0.009359464355387,0.0006,0.00123058578264819));
#12534=CARTESIAN_POINT('',(0.009359464355387,0.0012,0.00123058578264819));
#12535=CARTESIAN_POINT('',(0.00942595451758532,0.0006,0.00168030616241149));
#12536=CARTESIAN_POINT('',(0.00942595451758532,0.0012,0.00168030616241149));
#12537=CARTESIAN_POINT('',(0.00955893484198195,0.0006,0.00204333683703015));
#12538=CARTESIAN_POINT('',(0.00955893484198195,0.0012,0.00204333683703015));
#12539=CARTESIAN_POINT('',(0.009359464355387,0.0006,0.000694175697740248));
#12540=CARTESIAN_POINT('',(0.009359464355387,0.0006,0.000694175697740248));
#12541=CARTESIAN_POINT('',(0.009359464355387,0.0006,0.000694175697740248));
#12542=CARTESIAN_POINT('',(0.009359464355387,0.0006,0.00149879082510216));
#12543=CARTESIAN_POINT('',(0.00955893484198195,0.0006,0.00204333683703015));
#12544=CARTESIAN_POINT('',(0.0127489837305856,0.0006,0.000671370613314201));
#12545=CARTESIAN_POINT('',(0.00965151608048594,0.0006,-0.000702959356047168));
#12546=CARTESIAN_POINT('',(0.00965151608048594,0.0006,-0.000702959356047168));
#12547=CARTESIAN_POINT('',(0.0127489837305856,0.0006,0.000671370613314201));
#12548=CARTESIAN_POINT('',(0.0104089989409731,0.0006,-0.00168852872230323));
#12549=CARTESIAN_POINT('',(0.0104089989409731,0.0012,-0.00168852872230323));
#12550=CARTESIAN_POINT('',(0.010098711517381,0.0006,-0.00146801704513919));
#12551=CARTESIAN_POINT('',(0.010098711517381,0.0012,-0.00146801704513919));
#12552=CARTESIAN_POINT('',(0.0098462172305519,0.0006,-0.00113949392305384));
#12553=CARTESIAN_POINT('',(0.0098462172305519,0.0012,-0.00113949392305384));
#12554=CARTESIAN_POINT('',(0.00965151608048594,0.0006,-0.000702959356047168));
#12555=CARTESIAN_POINT('',(0.00965151608048594,0.0012,-0.000702959356047168));
#12556=CARTESIAN_POINT('',(0.0104089989409731,0.0006,-0.00168852872230323));
#12557=CARTESIAN_POINT('',(0.00994356780558488,0.0006,-0.00135776120655717));
#12558=CARTESIAN_POINT('',(0.00965151608048594,0.0006,-0.000702959356047168));
#12559=CARTESIAN_POINT('',(7.66429902575305E-6,0.0006,0.000247506399284343));
#12560=CARTESIAN_POINT('',(-0.0075000000000001,0.0006,0.00643445773330126));
#12561=CARTESIAN_POINT('',(0.01515,0.0006,0.00643445773330125));
#12562=CARTESIAN_POINT('',(0.01515,0.0006,0.00643445773330125));
#12563=CARTESIAN_POINT('',(-0.0075000000000001,0.0006,0.00643445773330126));
#12564=CARTESIAN_POINT('',(-0.01505,0.0006,0.00643445773330126));
#12565=CARTESIAN_POINT('',(-0.01505,0.0006,0.00643445773330126));
#12566=CARTESIAN_POINT('',(0.01515,0.0006,0.00593445773330125));
#12567=CARTESIAN_POINT('',(0.01515,0.0006,0.00543445773330125));
#12568=CARTESIAN_POINT('',(0.01515,0.0006,0.00543445773330125));
#12569=CARTESIAN_POINT('',(0.01515,0.0006,0.00593445773330125));
#12570=CARTESIAN_POINT('',(0.0075999999999999,0.0006,0.00543445773330125));
#12571=CARTESIAN_POINT('',(-0.01505,0.0006,0.00543445773330126));
#12572=CARTESIAN_POINT('',(-0.01505,0.0006,0.00543445773330126));
#12573=CARTESIAN_POINT('',(0.0075999999999999,0.0006,0.00543445773330125));
#12574=CARTESIAN_POINT('',(-0.01505,0.0006,0.00593445773330126));
#12575=CARTESIAN_POINT('',(-0.01505,0.0006,0.00593445773330126));
#12576=CARTESIAN_POINT('',(7.66429902575305E-6,0.0006,0.000247506399284343));
#12577=CARTESIAN_POINT('',(-0.007025,0.0006,0.00843445773330125));
#12578=CARTESIAN_POINT('',(0.01415,0.0006,0.00843445773330125));
#12579=CARTESIAN_POINT('',(0.01415,0.0006,0.00843445773330125));
#12580=CARTESIAN_POINT('',(-0.007025,0.0006,0.00843445773330125));
#12581=CARTESIAN_POINT('',(-0.01405,0.0006,0.00843445773330126));
#12582=CARTESIAN_POINT('',(-0.01405,0.0006,0.00843445773330126));
#12583=CARTESIAN_POINT('',(0.01415,0.0006,0.00793445773330125));
#12584=CARTESIAN_POINT('',(0.01415,0.0006,0.00743445773330125));
#12585=CARTESIAN_POINT('',(0.01415,0.0006,0.00743445773330125));
#12586=CARTESIAN_POINT('',(0.01415,0.0006,0.00793445773330125));
#12587=CARTESIAN_POINT('',(0.0070999999999999,0.0006,0.00743445773330125));
#12588=CARTESIAN_POINT('',(-0.01405,0.0006,0.00743445773330126));
#12589=CARTESIAN_POINT('',(-0.01405,0.0006,0.00743445773330126));
#12590=CARTESIAN_POINT('',(0.0070999999999999,0.0006,0.00743445773330125));
#12591=CARTESIAN_POINT('',(-0.01405,0.0006,0.00793445773330126));
#12592=CARTESIAN_POINT('',(-0.01405,0.0006,0.00793445773330126));
#12593=CARTESIAN_POINT('',(7.66429902575305E-6,0.0006,0.000247506399284343));
#12594=CARTESIAN_POINT('',(-0.00605,0.0006,0.0104344577333012));
#12595=CARTESIAN_POINT('',(0.0121,0.0006,0.0104344577333012));
#12596=CARTESIAN_POINT('',(0.0121,0.0006,0.0104344577333012));
#12597=CARTESIAN_POINT('',(-0.00605,0.0006,0.0104344577333012));
#12598=CARTESIAN_POINT('',(-0.0121,0.0006,0.0104344577333012));
#12599=CARTESIAN_POINT('',(-0.0121,0.0006,0.0104344577333012));
#12600=CARTESIAN_POINT('',(0.0121,0.0006,0.00993445773330125));
#12601=CARTESIAN_POINT('',(0.0121,0.0006,0.00943445773330125));
#12602=CARTESIAN_POINT('',(0.0121,0.0006,0.00943445773330125));
#12603=CARTESIAN_POINT('',(0.0121,0.0006,0.00993445773330125));
#12604=CARTESIAN_POINT('',(0.00605,0.0006,0.00943445773330125));
#12605=CARTESIAN_POINT('',(-0.0121,0.0006,0.00943445773330125));
#12606=CARTESIAN_POINT('',(-0.0121,0.0006,0.00943445773330125));
#12607=CARTESIAN_POINT('',(0.00605,0.0006,0.00943445773330125));
#12608=CARTESIAN_POINT('',(-0.0121,0.0006,0.00993445773330125));
#12609=CARTESIAN_POINT('',(-0.0121,0.0006,0.00993445773330125));
#12610=CARTESIAN_POINT('',(7.66429902575305E-6,0.0006,0.000247506399284343));
#12611=CARTESIAN_POINT('',(-0.00505,0.0006,0.0124344577333012));
#12612=CARTESIAN_POINT('',(0.0101,0.0006,0.0124344577333013));
#12613=CARTESIAN_POINT('',(0.0101,0.0006,0.0124344577333013));
#12614=CARTESIAN_POINT('',(-0.00505,0.0006,0.0124344577333012));
#12615=CARTESIAN_POINT('',(-0.0101,0.0006,0.0124344577333012));
#12616=CARTESIAN_POINT('',(-0.0101,0.0006,0.0124344577333012));
#12617=CARTESIAN_POINT('',(0.0101,0.0006,0.0119344577333013));
#12618=CARTESIAN_POINT('',(0.0101,0.0006,0.0114344577333012));
#12619=CARTESIAN_POINT('',(0.0101,0.0006,0.0114344577333012));
#12620=CARTESIAN_POINT('',(0.0101,0.0006,0.0119344577333013));
#12621=CARTESIAN_POINT('',(0.00505,0.0006,0.0114344577333012));
#12622=CARTESIAN_POINT('',(-0.0101,0.0006,0.0114344577333012));
#12623=CARTESIAN_POINT('',(-0.0101,0.0006,0.0114344577333012));
#12624=CARTESIAN_POINT('',(0.00505,0.0006,0.0114344577333012));
#12625=CARTESIAN_POINT('',(-0.0101,0.0006,0.0119344577333012));
#12626=CARTESIAN_POINT('',(-0.0101,0.0006,0.0119344577333012));
#12627=CARTESIAN_POINT('',(7.66429902575305E-6,0.0006,0.000247506399284343));
#12628=CARTESIAN_POINT('',(-0.00405,0.0006,0.0144344577333012));
#12629=CARTESIAN_POINT('',(0.0081,0.0006,0.0144344577333012));
#12630=CARTESIAN_POINT('',(0.0081,0.0006,0.0144344577333012));
#12631=CARTESIAN_POINT('',(-0.00405,0.0006,0.0144344577333012));
#12632=CARTESIAN_POINT('',(-0.0081,0.0006,0.0144344577333012));
#12633=CARTESIAN_POINT('',(-0.0081,0.0006,0.0144344577333012));
#12634=CARTESIAN_POINT('',(0.0081,0.0006,0.0139344577333012));
#12635=CARTESIAN_POINT('',(0.0081,0.0006,0.0134344577333012));
#12636=CARTESIAN_POINT('',(0.0081,0.0006,0.0134344577333012));
#12637=CARTESIAN_POINT('',(0.0081,0.0006,0.0139344577333012));
#12638=CARTESIAN_POINT('',(0.00405,0.0006,0.0134344577333012));
#12639=CARTESIAN_POINT('',(-0.0081,0.0006,0.0134344577333012));
#12640=CARTESIAN_POINT('',(-0.0081,0.0006,0.0134344577333012));
#12641=CARTESIAN_POINT('',(0.00405,0.0006,0.0134344577333012));
#12642=CARTESIAN_POINT('',(-0.0081,0.0006,0.0139344577333012));
#12643=CARTESIAN_POINT('',(-0.0081,0.0006,0.0139344577333012));
#12644=CARTESIAN_POINT('',(7.66429902575305E-6,0.0006,0.000247506399284343));
#12645=CARTESIAN_POINT('',(-0.00305,0.0006,0.0164344577333013));
#12646=CARTESIAN_POINT('',(0.0061,0.0006,0.0164344577333013));
#12647=CARTESIAN_POINT('',(0.0061,0.0006,0.0164344577333013));
#12648=CARTESIAN_POINT('',(-0.00305,0.0006,0.0164344577333013));
#12649=CARTESIAN_POINT('',(-0.0061,0.0006,0.0164344577333013));
#12650=CARTESIAN_POINT('',(-0.0061,0.0006,0.0164344577333013));
#12651=CARTESIAN_POINT('',(0.0061,0.0006,0.0159344577333013));
#12652=CARTESIAN_POINT('',(0.0061,0.0006,0.0154344577333012));
#12653=CARTESIAN_POINT('',(0.0061,0.0006,0.0154344577333012));
#12654=CARTESIAN_POINT('',(0.0061,0.0006,0.0159344577333013));
#12655=CARTESIAN_POINT('',(0.00305,0.0006,0.0154344577333012));
#12656=CARTESIAN_POINT('',(-0.0061,0.0006,0.0154344577333012));
#12657=CARTESIAN_POINT('',(-0.0061,0.0006,0.0154344577333012));
#12658=CARTESIAN_POINT('',(0.00305,0.0006,0.0154344577333012));
#12659=CARTESIAN_POINT('',(-0.0061,0.0006,0.0159344577333013));
#12660=CARTESIAN_POINT('',(-0.0061,0.0006,0.0159344577333013));
#12661=CARTESIAN_POINT('',(7.66429902575305E-6,0.0006,0.000247506399284343));
#12662=CARTESIAN_POINT('',(-0.00205,0.0006,0.0184344577333013));
#12663=CARTESIAN_POINT('',(0.0041,0.0006,0.0184344577333013));
#12664=CARTESIAN_POINT('',(0.0041,0.0006,0.0184344577333013));
#12665=CARTESIAN_POINT('',(-0.00205,0.0006,0.0184344577333013));
#12666=CARTESIAN_POINT('',(-0.0041,0.0006,0.0184344577333013));
#12667=CARTESIAN_POINT('',(-0.0041,0.0006,0.0184344577333013));
#12668=CARTESIAN_POINT('',(0.0041,0.0006,0.0179344577333013));
#12669=CARTESIAN_POINT('',(0.0041,0.0006,0.0174344577333013));
#12670=CARTESIAN_POINT('',(0.0041,0.0006,0.0174344577333013));
#12671=CARTESIAN_POINT('',(0.0041,0.0006,0.0179344577333013));
#12672=CARTESIAN_POINT('',(0.00205,0.0006,0.0174344577333013));
#12673=CARTESIAN_POINT('',(-0.0041,0.0006,0.0174344577333013));
#12674=CARTESIAN_POINT('',(-0.0041,0.0006,0.0174344577333013));
#12675=CARTESIAN_POINT('',(0.00205,0.0006,0.0174344577333013));
#12676=CARTESIAN_POINT('',(-0.0041,0.0006,0.0179344577333013));
#12677=CARTESIAN_POINT('',(-0.0041,0.0006,0.0179344577333013));
#12678=CARTESIAN_POINT('',(7.66429902575305E-6,0.0006,0.000247506399284343));
#12679=CARTESIAN_POINT('',(-0.00105,0.0006,0.0204344577333013));
#12680=CARTESIAN_POINT('',(0.0021,0.0006,0.0204344577333013));
#12681=CARTESIAN_POINT('',(0.0021,0.0006,0.0204344577333013));
#12682=CARTESIAN_POINT('',(-0.00105,0.0006,0.0204344577333013));
#12683=CARTESIAN_POINT('',(-0.0021,0.0006,0.0204344577333013));
#12684=CARTESIAN_POINT('',(-0.0021,0.0006,0.0204344577333013));
#12685=CARTESIAN_POINT('',(0.0021,0.0006,0.0199344577333013));
#12686=CARTESIAN_POINT('',(0.0021,0.0006,0.0194344577333013));
#12687=CARTESIAN_POINT('',(0.0021,0.0006,0.0194344577333013));
#12688=CARTESIAN_POINT('',(0.0021,0.0006,0.0199344577333013));
#12689=CARTESIAN_POINT('',(0.00105,0.0006,0.0194344577333013));
#12690=CARTESIAN_POINT('',(-0.0021,0.0006,0.0194344577333013));
#12691=CARTESIAN_POINT('',(-0.0021,0.0006,0.0194344577333013));
#12692=CARTESIAN_POINT('',(0.00105,0.0006,0.0194344577333013));
#12693=CARTESIAN_POINT('',(-0.0021,0.0006,0.0199344577333013));
#12694=CARTESIAN_POINT('',(-0.0021,0.0006,0.0199344577333013));
#12695=CARTESIAN_POINT('',(7.66429902575305E-6,0.0006,0.000247506399284343));
#12696=CARTESIAN_POINT('',(0.0006,0.0006,0.0219344577333013));
#12697=CARTESIAN_POINT('',(0.0006,0.0006,0.0214344577333013));
#12698=CARTESIAN_POINT('',(0.0006,0.0006,0.0214344577333013));
#12699=CARTESIAN_POINT('',(0.0006,0.0006,0.0219344577333013));
#12700=CARTESIAN_POINT('',(0.0006,0.0006,0.0224344577333013));
#12701=CARTESIAN_POINT('',(0.0006,0.0006,0.0224344577333013));
#12702=CARTESIAN_POINT('',(0.0003,0.0006,0.0214344577333013));
#12703=CARTESIAN_POINT('',(-0.0006,0.0006,0.0214344577333013));
#12704=CARTESIAN_POINT('',(-0.0006,0.0006,0.0214344577333013));
#12705=CARTESIAN_POINT('',(0.0003,0.0006,0.0214344577333013));
#12706=CARTESIAN_POINT('',(-0.0006,0.0006,0.0219344577333013));
#12707=CARTESIAN_POINT('',(-0.0006,0.0006,0.0224344577333013));
#12708=CARTESIAN_POINT('',(-0.0006,0.0006,0.0224344577333013));
#12709=CARTESIAN_POINT('',(-0.0006,0.0006,0.0219344577333013));
#12710=CARTESIAN_POINT('',(9.21571846612679E-19,0.0006,0.0224344577333013));
#12711=CARTESIAN_POINT('',(9.21571846612679E-19,0.0006,0.0224344577333013));
#12712=CARTESIAN_POINT('',(7.66429902575305E-6,0.0006,0.000247506399284343));
#12713=CARTESIAN_POINT('',(-0.00481998355455358,-0.0238,-0.0265044557984985));
#12714=CARTESIAN_POINT('',(-0.0048199953012627,-0.0238,-0.029004455798471));
#12715=CARTESIAN_POINT('',(-0.00481997180784446,0.,-0.0240044557985261));
#12716=CARTESIAN_POINT('',(5.00328907854309E-5,-0.0238,-0.0230044786811265));
#12717=CARTESIAN_POINT('',(0.00392003289074272,0.,-0.0230044968650322));
#12718=CARTESIAN_POINT('',(-0.00381996710917185,0.0012,-0.0230044604972208));
#12719=CARTESIAN_POINT('',(0.00492001644533891,-0.0238,-0.0265045015636773));
#12720=CARTESIAN_POINT('',(0.00492000469862979,-0.0238,-0.0290045015636497));
#12721=CARTESIAN_POINT('',(0.00492002819204803,0.0012,-0.0240045015637049));
#12722=CARTESIAN_POINT('',(-0.110000423921847,0.0012,-0.0290039615889109));
#12723=CARTESIAN_POINT('',(-0.109996736670192,0.0006,0.0145034322237591));
#12724=CARTESIAN_POINT('',(-0.0509092506046094,0.0006,0.0295000127985687));
#12725=CARTESIAN_POINT('',(0.0509521121411829,0.0006,0.0295000127985687));
#12726=CARTESIAN_POINT('',(0.11,0.0006,0.0145322378760585));
#12727=CARTESIAN_POINT('',(0.11,0.0012,-0.0290049953013054));
#12728=CARTESIAN_POINT('',(0.00592000469861875,0.0012,-0.0290045062623333));
#12729=CARTESIAN_POINT('',(-0.00581999530125166,-0.0238,-0.0290044510997873));
#12730=CARTESIAN_POINT('',(0.00392002819205907,-0.0238,-0.0240044968650212));
#12731=CARTESIAN_POINT('',(-0.00381997180785549,-0.0238,-0.0240044604972098));
#12732=MECHANICAL_DESIGN_GEOMETRIC_PRESENTATION_REPRESENTATION('',(#7441),
#12733);
#12733=(
GEOMETRIC_REPRESENTATION_CONTEXT(3)
GLOBAL_UNCERTAINTY_ASSIGNED_CONTEXT((#12734))
GLOBAL_UNIT_ASSIGNED_CONTEXT((#12737,#12736,#12735))
REPRESENTATION_CONTEXT('Part 2','TOP_LEVEL_ASSEMBLY_PART')
);
#12734=UNCERTAINTY_MEASURE_WITH_UNIT(LENGTH_MEASURE(2.E-5),#12737,
'DISTANCE_ACCURACY_VALUE','Maximum Tolerance applied to model');
#12735=(
NAMED_UNIT(*)
SI_UNIT($,.STERADIAN.)
SOLID_ANGLE_UNIT()
);
#12736=(
NAMED_UNIT(*)
PLANE_ANGLE_UNIT()
SI_UNIT($,.RADIAN.)
);
#12737=(
LENGTH_UNIT()
NAMED_UNIT(*)
SI_UNIT($,.METRE.)
);
#12738=PRODUCT_DEFINITION_SHAPE('','',#12739);
#12739=PRODUCT_DEFINITION('','',#12741,#12740);
#12740=PRODUCT_DEFINITION_CONTEXT('',#12747,'design');
#12741=PRODUCT_DEFINITION_FORMATION_WITH_SPECIFIED_SOURCE('','',#12743,
 .NOT_KNOWN.);
#12742=PRODUCT_RELATED_PRODUCT_CATEGORY('','',(#12743));
#12743=PRODUCT('Part 2','Part 2','Part 2',(#12745));
#12744=PRODUCT_CATEGORY('','');
#12745=PRODUCT_CONTEXT('',#12747,'mechanical');
#12746=APPLICATION_PROTOCOL_DEFINITION('international standard',
'ap242_managed_model_based_3d_engineering',2020,#12747);
#12747=APPLICATION_CONTEXT('managed model based 3d engineering');
ENDSEC;
END-ISO-10303-21;
