ISO-10303-21;
HEADER;
/* Generated by software containing ST-Developer
 * from STEP Tools, Inc. (www.steptools.com) 
 */
/* OPTION: using custom renumber hook */

FILE_DESCRIPTION(
/* description */ ('STEP AP242 Edition 2',
'CAx-IF Rec.Pracs.---Representation and Presentation of Product Manufa
cturing Information (PMI)---4.0---2014-10-13',
'CAx-IF Rec.Pracs.---3D Tessellated Geometry---0.4---2014-09-14','2;1',
'CAx-IF Rec.Pracs.---User Defined Attributes---1.5---2016-08-15'),
/* implementation_level */ '2;1');

FILE_NAME(
/* name */ 'Part Studio 1 - Part 1',
/* time_stamp */ '2026-05-23T17:44:11Z',
/* author */ (''),
/* organization */ (''),
/* preprocessor_version */ 'ST-DEVELOPER v20',
/* originating_system */ 'ONSHAPE BY PTC INC, 1.215',
/* authorisation */ '  ');

FILE_SCHEMA (('AP242_MANAGED_MODEL_BASED_3D_ENGINEERING_MIM_LF { 1 0 10303 442 3 1 4 }'));
ENDSEC;

DATA;
#10=SHAPE_REPRESENTATION_RELATIONSHIP('','',#1606,#11);
#11=ADVANCED_BREP_SHAPE_REPRESENTATION('',(#1604),#3059);
#12=TOROIDAL_SURFACE('',#1743,0.0015,0.00025);
#13=TOROIDAL_SURFACE('',#1745,0.0015,0.00025);
#14=TOROIDAL_SURFACE('',#1751,0.0015,0.00025);
#15=TOROIDAL_SURFACE('',#1753,0.0015,0.00025);
#16=SPHERICAL_SURFACE('',#1714,0.001);
#17=SPHERICAL_SURFACE('',#1718,0.001);
#18=SPHERICAL_SURFACE('',#1722,0.001);
#19=SPHERICAL_SURFACE('',#1728,0.001);
#20=SPHERICAL_SURFACE('',#1759,0.001);
#21=SPHERICAL_SURFACE('',#1763,0.001);
#22=SPHERICAL_SURFACE('',#1767,0.001);
#23=SPHERICAL_SURFACE('',#1773,0.001);
#24=SPHERICAL_SURFACE('',#1778,0.001);
#25=SPHERICAL_SURFACE('',#1786,0.001);
#26=(
BOUNDED_SURFACE()
B_SPLINE_SURFACE(3,2,((#2728,#2729,#2730),(#2731,#2732,#2733),(#2734,#2735,
#2736),(#2737,#2738,#2739),(#2740,#2741,#2742),(#2743,#2744,#2745),(#2746,
#2747,#2748),(#2749,#2750,#2751),(#2752,#2753,#2754),(#2755,#2756,#2757),
(#2758,#2759,#2760),(#2761,#2762,#2763),(#2764,#2765,#2766),(#2767,#2768,
#2769),(#2770,#2771,#2772),(#2773,#2774,#2775)),.UNSPECIFIED.,.F.,.F.,.F.)
B_SPLINE_SURFACE_WITH_KNOTS((4,1,1,1,1,1,1,1,1,1,1,1,1,4),(3,3),(0.0231698592189949,
0.0392012077255352,0.0472168819788053,0.0552325562320755,0.0632482304853456,
0.0672560676119807,0.0712639047386158,0.0752717418652508,0.0792795789918859,
0.0812834975552034,0.083287416118521,0.0852913346818385,0.0862932939634973,
0.0872952532451561),(0.,1.),.UNSPECIFIED.)
GEOMETRIC_REPRESENTATION_ITEM()
RATIONAL_B_SPLINE_SURFACE(((1.,0.707106781186548,1.),(1.,0.707106781186548,
1.),(1.,0.707106781186547,1.),(1.,0.707106781186549,1.),(1.,0.707106781186547,
1.),(1.,0.707106781186548,1.),(1.,0.707106781186547,1.),(1.,0.707106781186548,
1.),(1.,0.707106781186548,1.),(1.,0.707106781186547,1.),(1.,0.707106781186546,
1.),(1.,0.707106781186545,1.),(1.,0.707106781186548,1.),(1.,0.707106781186547,
1.),(1.,0.707106781186548,1.),(1.,0.707106781186548,1.)))
REPRESENTATION_ITEM('')
SURFACE()
);
#27=(
BOUNDED_SURFACE()
B_SPLINE_SURFACE(3,2,((#2801,#2802,#2803),(#2804,#2805,#2806),(#2807,#2808,
#2809),(#2810,#2811,#2812),(#2813,#2814,#2815),(#2816,#2817,#2818),(#2819,
#2820,#2821),(#2822,#2823,#2824),(#2825,#2826,#2827),(#2828,#2829,#2830),
(#2831,#2832,#2833),(#2834,#2835,#2836),(#2837,#2838,#2839),(#2840,#2841,
#2842),(#2843,#2844,#2845),(#2846,#2847,#2848)),.UNSPECIFIED.,.F.,.F.,.F.)
B_SPLINE_SURFACE_WITH_KNOTS((4,1,1,1,1,1,1,1,1,1,1,1,1,4),(3,3),(-0.000384839945490313,
0.0157572322423746,0.0238282683363071,0.0318993044302396,0.0399703405241721,
0.0440058585711383,0.0480413766181045,0.0520768946650708,0.056112412712037,
0.0581301717355201,0.0601479307590033,0.0621656897824864,0.0631745692942279,
0.0641834488059695),(0.,1.),.UNSPECIFIED.)
GEOMETRIC_REPRESENTATION_ITEM()
RATIONAL_B_SPLINE_SURFACE(((1.,0.707106781186548,1.),(1.,0.707106781186548,
1.),(1.,0.707106781186548,1.),(1.,0.707106781186548,1.),(1.,0.707106781186548,
1.),(1.,0.707106781186548,1.),(1.,0.707106781186546,1.),(1.,0.70710678118655,
1.),(1.,0.707106781186546,1.),(1.,0.707106781186546,1.),(1.,0.707106781186552,
1.),(1.,0.707106781186544,1.),(1.,0.707106781186547,1.),(1.,0.707106781186549,
1.),(1.,0.707106781186548,1.),(1.,0.707106781186548,1.)))
REPRESENTATION_ITEM('')
SURFACE()
);
#28=(
BOUNDED_SURFACE()
B_SPLINE_SURFACE(3,2,((#2953,#2954,#2955),(#2956,#2957,#2958),(#2959,#2960,
#2961),(#2962,#2963,#2964),(#2965,#2966,#2967),(#2968,#2969,#2970),(#2971,
#2972,#2973),(#2974,#2975,#2976),(#2977,#2978,#2979),(#2980,#2981,#2982),
(#2983,#2984,#2985)),.UNSPECIFIED.,.F.,.F.,.F.)
B_SPLINE_SURFACE_WITH_KNOTS((4,1,1,1,1,1,1,1,4),(3,3),(0.121718301220205,
0.137219633233411,0.152720965246617,0.16047163125322,0.168222297259823,
0.172097630263125,0.175972963266426,0.179848296269728,0.183723629273029),
(0.,1.),.UNSPECIFIED.)
GEOMETRIC_REPRESENTATION_ITEM()
RATIONAL_B_SPLINE_SURFACE(((1.,0.707106781186549,1.),(1.,0.707106781186549,
1.),(1.,0.707106781186546,1.),(1.,0.707106781186547,1.),(1.,0.707106781186547,
1.),(1.,0.707106781186548,1.),(1.,0.707106781186548,1.),(1.,0.707106781186547,
1.),(1.,0.707106781186547,1.),(1.,0.707106781186547,1.),(1.,0.707106781186547,
1.)))
REPRESENTATION_ITEM('')
SURFACE()
);
#29=(
BOUNDED_SURFACE()
B_SPLINE_SURFACE(3,2,((#3012,#3013,#3014),(#3015,#3016,#3017),(#3018,#3019,
#3020),(#3021,#3022,#3023),(#3024,#3025,#3026),(#3027,#3028,#3029),(#3030,
#3031,#3032),(#3033,#3034,#3035),(#3036,#3037,#3038),(#3039,#3040,#3041),
(#3042,#3043,#3044),(#3045,#3046,#3047)),.UNSPECIFIED.,.F.,.F.,.F.)
B_SPLINE_SURFACE_WITH_KNOTS((4,1,1,1,1,1,1,1,1,4),(3,3),(-0.000376668725162241,
0.0153273013029948,0.0231792863170733,0.0310312713311518,0.0388832563452304,
0.0467352413593089,0.0506612338663481,0.0545872263733874,0.0585132188804267,
0.0624392113874659),(0.,1.),.UNSPECIFIED.)
GEOMETRIC_REPRESENTATION_ITEM()
RATIONAL_B_SPLINE_SURFACE(((1.,0.707106781186547,1.),(1.,0.707106781186547,
1.),(1.,0.707106781186547,1.),(1.,0.707106781186547,1.),(1.,0.707106781186547,
1.),(1.,0.707106781186547,1.),(1.,0.707106781186547,1.),(1.,0.707106781186546,
1.),(1.,0.707106781186549,1.),(1.,0.707106781186548,1.),(1.,0.707106781186547,
1.),(1.,0.707106781186547,1.)))
REPRESENTATION_ITEM('')
SURFACE()
);
#30=B_SPLINE_SURFACE_WITH_KNOTS('',3,1,((#2381,#2382),(#2383,#2384),(#2385,
#2386),(#2387,#2388)),.SURF_OF_LINEAR_EXTRUSION.,.F.,.F.,.F.,(4,4),(2,2),
(0.0153016514535376,0.990380119804998),(0.,1.),.PIECEWISE_BEZIER_KNOTS.);
#31=B_SPLINE_SURFACE_WITH_KNOTS('',3,1,((#2425,#2426),(#2427,#2428),(#2429,
#2430),(#2431,#2432)),.SURF_OF_LINEAR_EXTRUSION.,.F.,.F.,.F.,(4,4),(2,2),
(0.00991192609309554,0.984873429679352),(0.,1.),
 .PIECEWISE_BEZIER_KNOTS.);
#32=B_SPLINE_SURFACE_WITH_KNOTS('',3,1,((#2478,#2479),(#2480,#2481),(#2482,
#2483),(#2484,#2485)),.SURF_OF_LINEAR_EXTRUSION.,.F.,.F.,.F.,(4,4),(2,2),
(0.0151491542795629,1.00000000002755),(0.,1.),.PIECEWISE_BEZIER_KNOTS.);
#33=B_SPLINE_SURFACE_WITH_KNOTS('',3,1,((#2538,#2539),(#2540,#2541),(#2542,
#2543),(#2544,#2545)),.SURF_OF_LINEAR_EXTRUSION.,.F.,.F.,.F.,(4,4),(2,2),
(0.015322614318779,1.00000000002128),(0.,1.),.PIECEWISE_BEZIER_KNOTS.);
#34=B_SPLINE_CURVE_WITH_KNOTS('',3,(#2341,#2342,#2343,#2344,#2345,#2346,
#2347,#2348,#2349,#2350,#2351,#2352),.UNSPECIFIED.,.F.,.F.,(4,1,1,1,1,1,
1,1,1,4),(0.,0.00199670921949973,0.00399341843899945,0.00798683687799891,
0.0119802553169984,0.0159736737559978,0.0239605106339967,0.0319473475119956,
0.0479210212679934,0.0638946950239912),.UNSPECIFIED.);
#35=B_SPLINE_CURVE_WITH_KNOTS('',3,(#2366,#2367,#2368,#2369,#2370,#2371,
#2372,#2373,#2374,#2375,#2376,#2377,#2378),.UNSPECIFIED.,.F.,.F.,(4,1,1,
1,1,1,1,1,1,1,4),(0.,0.0158349289123833,0.0316698578247666,0.0395873222809582,
0.0475047867371498,0.0514635189652457,0.0554222511933415,0.0574016173073894,
0.0593809834214373,0.0613603495354852,0.0633397156495331),.UNSPECIFIED.);
#36=B_SPLINE_CURVE_WITH_KNOTS('',2,(#2389,#2390,#2391),.UNSPECIFIED.,.F.,
 .F.,(3,3),(0.,1.),.PIECEWISE_BEZIER_KNOTS.);
#37=B_SPLINE_CURVE_WITH_KNOTS('',2,(#2396,#2397,#2398),.UNSPECIFIED.,.F.,
 .F.,(3,3),(0.,1.),.PIECEWISE_BEZIER_KNOTS.);
#38=B_SPLINE_CURVE_WITH_KNOTS('',2,(#2433,#2434,#2435),.UNSPECIFIED.,.F.,
 .F.,(3,3),(0.,1.),.PIECEWISE_BEZIER_KNOTS.);
#39=B_SPLINE_CURVE_WITH_KNOTS('',2,(#2440,#2441,#2442),.UNSPECIFIED.,.F.,
 .F.,(3,3),(0.,1.),.PIECEWISE_BEZIER_KNOTS.);
#40=B_SPLINE_CURVE_WITH_KNOTS('',3,(#2489,#2490,#2491,#2492,#2493,#2494,
#2495,#2496,#2497,#2498,#2499),.UNSPECIFIED.,.F.,.F.,(4,1,1,1,1,1,1,1,4),
(0.,0.00387884709026088,0.00775769418052176,0.0155153883610435,0.0232730825415653,
0.0310307767220871,0.0387884709026088,0.0465461650831306,0.0620615534441741),
 .UNSPECIFIED.);
#41=B_SPLINE_CURVE_WITH_KNOTS('',3,(#2500,#2501,#2502,#2503,#2504,#2505,
#2506,#2507,#2508),.UNSPECIFIED.,.F.,.F.,(4,1,1,1,1,1,4),(0.,0.0153853821572563,
0.0307707643145126,0.0384634553931408,0.046156146471769,0.0538488375503971,
0.0615415286290253),.UNSPECIFIED.);
#42=B_SPLINE_CURVE_WITH_KNOTS('',3,(#2516,#2517,#2518,#2519),
 .UNSPECIFIED.,.F.,.F.,(4,4),(0.,0.000642411020048915),.UNSPECIFIED.);
#43=B_SPLINE_CURVE_WITH_KNOTS('',3,(#2525,#2526,#2527,#2528),
 .UNSPECIFIED.,.F.,.F.,(4,4),(0.,8.65857645213665E-6),.UNSPECIFIED.);
#44=B_SPLINE_CURVE_WITH_KNOTS('',3,(#2534,#2535,#2536,#2537),
 .UNSPECIFIED.,.F.,.F.,(4,4),(0.,0.000707671222588606),.UNSPECIFIED.);
#45=B_SPLINE_CURVE_WITH_KNOTS('',3,(#2549,#2550,#2551,#2552,#2553,#2554,
#2555,#2556,#2557,#2558,#2559),.UNSPECIFIED.,.F.,.F.,(4,1,1,1,1,1,1,1,4),
(0.,0.0152506019517075,0.030501203903415,0.0381265048792688,0.0457518058551225,
0.0495644563430494,0.0533771068309763,0.0571897573189032,0.06100240780683),
 .UNSPECIFIED.);
#46=B_SPLINE_CURVE_WITH_KNOTS('',3,(#2563,#2564,#2565,#2566,#2567,#2568,
#2569,#2570,#2571,#2572,#2573),.UNSPECIFIED.,.F.,.F.,(4,1,1,1,1,1,1,1,4),
(0.,0.00385811309030513,0.00771622618061025,0.0115743392709154,0.0154324523612205,
0.0231486785418308,0.030864904722441,0.0462973570836615,0.061729809444882),
 .UNSPECIFIED.);
#47=B_SPLINE_CURVE_WITH_KNOTS('',3,(#2596,#2597,#2598,#2599,#2600,#2601,
#2602,#2603,#2604,#2605),.UNSPECIFIED.,.F.,.F.,(4,1,1,1,1,1,1,4),(1.59159273702613E-10,
0.0156015751465692,0.031203150133979,0.039003937627684,0.0468047251213889,
0.0546055126150939,0.0585059063619463,0.0624063001087988),.UNSPECIFIED.);
#48=B_SPLINE_CURVE_WITH_KNOTS('',3,(#2614,#2615,#2616,#2617,#2618,#2619,
#2620,#2621,#2622,#2623,#2624),.UNSPECIFIED.,.F.,.F.,(4,1,1,1,1,1,1,1,4),
(0.00121214152948489,0.00511637837496068,0.00902061522043648,0.0129248520659123,
0.0168290889113881,0.0246375626023397,0.0324460362932913,0.0480629836751944,
0.0636799310570976),.UNSPECIFIED.);
#49=B_SPLINE_CURVE_WITH_KNOTS('',3,(#2663,#2664,#2665,#2666),
 .UNSPECIFIED.,.F.,.F.,(4,4),(0.,0.00129857638100893),.UNSPECIFIED.);
#50=B_SPLINE_CURVE_WITH_KNOTS('',3,(#2669,#2670,#2671,#2672),
 .UNSPECIFIED.,.F.,.F.,(4,4),(0.,0.00124098763390679),.UNSPECIFIED.);
#51=B_SPLINE_CURVE_WITH_KNOTS('',3,(#2776,#2777,#2778,#2779,#2780),
 .UNSPECIFIED.,.F.,.F.,(4,1,4),(0.,0.000781197739770905,0.00156239547954181),
 .UNSPECIFIED.);
#52=B_SPLINE_CURVE_WITH_KNOTS('',3,(#2852,#2853,#2854,#2855),
 .UNSPECIFIED.,.F.,.F.,(4,4),(0.,0.000150034406978813),.UNSPECIFIED.);
#53=B_SPLINE_CURVE_WITH_KNOTS('',3,(#2859,#2860,#2861,#2862),
 .UNSPECIFIED.,.F.,.F.,(4,4),(0.,0.000150034406978755),.UNSPECIFIED.);
#54=B_SPLINE_CURVE_WITH_KNOTS('',3,(#2868,#2869,#2870,#2871,#2872),
 .UNSPECIFIED.,.F.,.F.,(4,1,4),(0.,0.000976554122952533,0.00195310824590507),
 .UNSPECIFIED.);
#55=B_SPLINE_CURVE_WITH_KNOTS('',3,(#2876,#2877,#2878,#2879),
 .UNSPECIFIED.,.F.,.F.,(4,4),(0.,0.000147223809805179),.UNSPECIFIED.);
#56=B_SPLINE_CURVE_WITH_KNOTS('',3,(#2883,#2884,#2885,#2886),
 .UNSPECIFIED.,.F.,.F.,(4,4),(0.,0.000152850287754447),.UNSPECIFIED.);
#57=B_SPLINE_CURVE_WITH_KNOTS('',3,(#2890,#2891,#2892,#2893,#2894),
 .UNSPECIFIED.,.F.,.F.,(4,1,4),(0.,0.000976565418199052,0.0019531308363981),
 .UNSPECIFIED.);
#58=B_SPLINE_CURVE_WITH_KNOTS('',3,(#2898,#2899,#2900,#2901),
 .UNSPECIFIED.,.F.,.F.,(4,4),(0.,0.000149881152436643),.UNSPECIFIED.);
#59=B_SPLINE_CURVE_WITH_KNOTS('',3,(#2905,#2906,#2907,#2908),
 .UNSPECIFIED.,.F.,.F.,(4,4),(0.,0.00015003977723396),.UNSPECIFIED.);
#60=B_SPLINE_CURVE_WITH_KNOTS('',3,(#2912,#2913,#2914,#2915,#2916),
 .UNSPECIFIED.,.F.,.F.,(4,1,4),(0.,0.000976563516145112,0.00195312703229022),
 .UNSPECIFIED.);
#61=B_SPLINE_CURVE_WITH_KNOTS('',3,(#2920,#2921,#2922,#2923),
 .UNSPECIFIED.,.F.,.F.,(4,4),(0.,0.000152850287754595),.UNSPECIFIED.);
#62=B_SPLINE_CURVE_WITH_KNOTS('',3,(#2927,#2928,#2929,#2930),
 .UNSPECIFIED.,.F.,.F.,(4,4),(0.,0.000147223809805031),.UNSPECIFIED.);
#63=B_SPLINE_CURVE_WITH_KNOTS('',3,(#2932,#2933,#2934,#2935,#2936),
 .UNSPECIFIED.,.F.,.F.,(4,1,4),(0.,0.00097655216864462,0.00195310433728924),
 .UNSPECIFIED.);
#64=B_SPLINE_CURVE_WITH_KNOTS('',3,(#2987,#2988,#2989,#2990,#2991),
 .UNSPECIFIED.,.F.,.F.,(4,1,4),(0.,0.000781197739768558,0.00156239547953712),
 .UNSPECIFIED.);
#65=CYLINDRICAL_SURFACE('',#1614,0.00125);
#66=CYLINDRICAL_SURFACE('',#1618,0.00125);
#67=CYLINDRICAL_SURFACE('',#1622,0.00125);
#68=CYLINDRICAL_SURFACE('',#1626,0.00125);
#69=CYLINDRICAL_SURFACE('',#1662,0.001);
#70=CYLINDRICAL_SURFACE('',#1665,0.001);
#71=CYLINDRICAL_SURFACE('',#1667,0.001);
#72=CYLINDRICAL_SURFACE('',#1669,0.001);
#73=CYLINDRICAL_SURFACE('',#1672,0.001);
#74=CYLINDRICAL_SURFACE('',#1675,0.001);
#75=CYLINDRICAL_SURFACE('',#1678,0.001);
#76=CYLINDRICAL_SURFACE('',#1681,0.0015);
#77=CYLINDRICAL_SURFACE('',#1685,0.001);
#78=CYLINDRICAL_SURFACE('',#1688,0.0015);
#79=CYLINDRICAL_SURFACE('',#1692,0.001);
#80=CYLINDRICAL_SURFACE('',#1695,0.0015);
#81=CYLINDRICAL_SURFACE('',#1699,0.001);
#82=CYLINDRICAL_SURFACE('',#1702,0.0015);
#83=CYLINDRICAL_SURFACE('',#1706,0.001);
#84=CYLINDRICAL_SURFACE('',#1707,0.001);
#85=CYLINDRICAL_SURFACE('',#1708,0.001);
#86=CYLINDRICAL_SURFACE('',#1709,0.001);
#87=CYLINDRICAL_SURFACE('',#1710,0.001);
#88=CYLINDRICAL_SURFACE('',#1711,0.001);
#89=CYLINDRICAL_SURFACE('',#1712,0.001);
#90=CYLINDRICAL_SURFACE('',#1716,0.001);
#91=CYLINDRICAL_SURFACE('',#1720,0.001);
#92=CYLINDRICAL_SURFACE('',#1724,0.001);
#93=CYLINDRICAL_SURFACE('',#1726,0.001);
#94=CYLINDRICAL_SURFACE('',#1730,0.001);
#95=CYLINDRICAL_SURFACE('',#1733,0.00125);
#96=CYLINDRICAL_SURFACE('',#1735,0.00125);
#97=CYLINDRICAL_SURFACE('',#1737,0.00125);
#98=CYLINDRICAL_SURFACE('',#1739,0.00125);
#99=CYLINDRICAL_SURFACE('',#1740,0.00025);
#100=CYLINDRICAL_SURFACE('',#1747,0.00025);
#101=CYLINDRICAL_SURFACE('',#1749,0.00025);
#102=CYLINDRICAL_SURFACE('',#1755,0.00025);
#103=CYLINDRICAL_SURFACE('',#1757,0.001);
#104=CYLINDRICAL_SURFACE('',#1761,0.001);
#105=CYLINDRICAL_SURFACE('',#1765,0.001);
#106=CYLINDRICAL_SURFACE('',#1769,0.001);
#107=CYLINDRICAL_SURFACE('',#1771,0.001);
#108=CYLINDRICAL_SURFACE('',#1775,0.001);
#109=CYLINDRICAL_SURFACE('',#1780,0.001);
#110=CYLINDRICAL_SURFACE('',#1782,0.001);
#111=CYLINDRICAL_SURFACE('',#1784,0.001);
#112=CIRCLE('',#1609,0.00125);
#113=CIRCLE('',#1610,0.00125);
#114=CIRCLE('',#1611,0.00125);
#115=CIRCLE('',#1612,0.00125);
#116=CIRCLE('',#1615,0.00125);
#117=CIRCLE('',#1616,0.00125);
#118=CIRCLE('',#1619,0.00125);
#119=CIRCLE('',#1620,0.00125);
#120=CIRCLE('',#1623,0.00125);
#121=CIRCLE('',#1624,0.00125);
#122=CIRCLE('',#1627,0.00125);
#123=CIRCLE('',#1628,0.00125);
#124=CIRCLE('',#1645,0.001);
#125=CIRCLE('',#1646,0.001);
#126=CIRCLE('',#1647,0.001);
#127=CIRCLE('',#1648,0.001);
#128=CIRCLE('',#1649,0.001);
#129=CIRCLE('',#1650,0.001);
#130=CIRCLE('',#1652,0.0015);
#131=CIRCLE('',#1653,0.0015);
#132=CIRCLE('',#1654,0.0015);
#133=CIRCLE('',#1655,0.0015);
#134=CIRCLE('',#1656,0.001);
#135=CIRCLE('',#1657,0.001);
#136=CIRCLE('',#1658,0.001);
#137=CIRCLE('',#1659,0.001);
#138=CIRCLE('',#1660,0.001);
#139=CIRCLE('',#1661,0.001);
#140=CIRCLE('',#1663,0.001);
#141=CIRCLE('',#1664,0.001);
#142=CIRCLE('',#1666,0.001);
#143=CIRCLE('',#1668,0.001);
#144=CIRCLE('',#1670,0.001);
#145=CIRCLE('',#1671,0.001);
#146=CIRCLE('',#1673,0.001);
#147=CIRCLE('',#1674,0.001);
#148=CIRCLE('',#1676,0.001);
#149=CIRCLE('',#1677,0.001);
#150=CIRCLE('',#1679,0.001);
#151=CIRCLE('',#1680,0.001);
#152=CIRCLE('',#1682,0.0015);
#153=CIRCLE('',#1686,0.001);
#154=CIRCLE('',#1687,0.001);
#155=CIRCLE('',#1689,0.0015);
#156=CIRCLE('',#1693,0.001);
#157=CIRCLE('',#1694,0.001);
#158=CIRCLE('',#1696,0.0015);
#159=CIRCLE('',#1700,0.001);
#160=CIRCLE('',#1701,0.001);
#161=CIRCLE('',#1703,0.0015);
#162=CIRCLE('',#1713,0.001);
#163=CIRCLE('',#1715,0.001);
#164=CIRCLE('',#1717,0.001);
#165=CIRCLE('',#1719,0.001);
#166=CIRCLE('',#1721,0.001);
#167=CIRCLE('',#1723,0.001);
#168=CIRCLE('',#1725,0.001);
#169=CIRCLE('',#1727,0.001);
#170=CIRCLE('',#1729,0.001);
#171=CIRCLE('',#1731,0.001);
#172=CIRCLE('',#1741,0.00025);
#173=CIRCLE('',#1742,0.00025);
#174=CIRCLE('',#1744,0.00025);
#175=CIRCLE('',#1746,0.00025);
#176=CIRCLE('',#1748,0.00025);
#177=CIRCLE('',#1750,0.00025);
#178=CIRCLE('',#1752,0.00025);
#179=CIRCLE('',#1754,0.00025);
#180=CIRCLE('',#1756,0.001);
#181=CIRCLE('',#1758,0.001);
#182=CIRCLE('',#1760,0.001);
#183=CIRCLE('',#1762,0.001);
#184=CIRCLE('',#1764,0.001);
#185=CIRCLE('',#1766,0.001);
#186=CIRCLE('',#1768,0.001);
#187=CIRCLE('',#1770,0.001);
#188=CIRCLE('',#1772,0.001);
#189=CIRCLE('',#1774,0.001);
#190=CIRCLE('',#1776,0.001);
#191=CIRCLE('',#1777,0.001);
#192=CIRCLE('',#1779,0.001);
#193=CIRCLE('',#1781,0.001);
#194=CIRCLE('',#1783,0.001);
#195=CIRCLE('',#1785,0.001);
#196=ORIENTED_EDGE('',*,*,#640,.T.);
#197=ORIENTED_EDGE('',*,*,#641,.T.);
#198=ORIENTED_EDGE('',*,*,#642,.F.);
#199=ORIENTED_EDGE('',*,*,#643,.T.);
#200=ORIENTED_EDGE('',*,*,#644,.T.);
#201=ORIENTED_EDGE('',*,*,#645,.F.);
#202=ORIENTED_EDGE('',*,*,#646,.F.);
#203=ORIENTED_EDGE('',*,*,#647,.F.);
#204=ORIENTED_EDGE('',*,*,#648,.F.);
#205=ORIENTED_EDGE('',*,*,#649,.F.);
#206=ORIENTED_EDGE('',*,*,#650,.T.);
#207=ORIENTED_EDGE('',*,*,#651,.F.);
#208=ORIENTED_EDGE('',*,*,#652,.F.);
#209=ORIENTED_EDGE('',*,*,#653,.T.);
#210=ORIENTED_EDGE('',*,*,#654,.T.);
#211=ORIENTED_EDGE('',*,*,#655,.T.);
#212=ORIENTED_EDGE('',*,*,#656,.F.);
#213=ORIENTED_EDGE('',*,*,#657,.T.);
#214=ORIENTED_EDGE('',*,*,#652,.T.);
#215=ORIENTED_EDGE('',*,*,#658,.T.);
#216=ORIENTED_EDGE('',*,*,#659,.F.);
#217=ORIENTED_EDGE('',*,*,#660,.T.);
#218=ORIENTED_EDGE('',*,*,#656,.T.);
#219=ORIENTED_EDGE('',*,*,#661,.F.);
#220=ORIENTED_EDGE('',*,*,#662,.F.);
#221=ORIENTED_EDGE('',*,*,#663,.T.);
#222=ORIENTED_EDGE('',*,*,#659,.T.);
#223=ORIENTED_EDGE('',*,*,#664,.T.);
#224=ORIENTED_EDGE('',*,*,#665,.F.);
#225=ORIENTED_EDGE('',*,*,#666,.T.);
#226=ORIENTED_EDGE('',*,*,#662,.T.);
#227=ORIENTED_EDGE('',*,*,#667,.F.);
#228=ORIENTED_EDGE('',*,*,#668,.F.);
#229=ORIENTED_EDGE('',*,*,#669,.T.);
#230=ORIENTED_EDGE('',*,*,#665,.T.);
#231=ORIENTED_EDGE('',*,*,#670,.T.);
#232=ORIENTED_EDGE('',*,*,#671,.F.);
#233=ORIENTED_EDGE('',*,*,#672,.T.);
#234=ORIENTED_EDGE('',*,*,#668,.T.);
#235=ORIENTED_EDGE('',*,*,#673,.T.);
#236=ORIENTED_EDGE('',*,*,#654,.F.);
#237=ORIENTED_EDGE('',*,*,#674,.T.);
#238=ORIENTED_EDGE('',*,*,#671,.T.);
#239=ORIENTED_EDGE('',*,*,#675,.T.);
#240=ORIENTED_EDGE('',*,*,#676,.T.);
#241=ORIENTED_EDGE('',*,*,#677,.T.);
#242=ORIENTED_EDGE('',*,*,#678,.T.);
#243=ORIENTED_EDGE('',*,*,#679,.T.);
#244=ORIENTED_EDGE('',*,*,#658,.F.);
#245=ORIENTED_EDGE('',*,*,#655,.F.);
#246=ORIENTED_EDGE('',*,*,#675,.F.);
#247=ORIENTED_EDGE('',*,*,#673,.F.);
#248=ORIENTED_EDGE('',*,*,#670,.F.);
#249=ORIENTED_EDGE('',*,*,#667,.T.);
#250=ORIENTED_EDGE('',*,*,#664,.F.);
#251=ORIENTED_EDGE('',*,*,#661,.T.);
#252=ORIENTED_EDGE('',*,*,#680,.T.);
#253=ORIENTED_EDGE('',*,*,#681,.T.);
#254=ORIENTED_EDGE('',*,*,#682,.T.);
#255=ORIENTED_EDGE('',*,*,#683,.T.);
#256=ORIENTED_EDGE('',*,*,#684,.T.);
#257=ORIENTED_EDGE('',*,*,#685,.T.);
#258=ORIENTED_EDGE('',*,*,#686,.T.);
#259=ORIENTED_EDGE('',*,*,#687,.T.);
#260=ORIENTED_EDGE('',*,*,#688,.T.);
#261=ORIENTED_EDGE('',*,*,#689,.F.);
#262=ORIENTED_EDGE('',*,*,#690,.F.);
#263=ORIENTED_EDGE('',*,*,#691,.T.);
#264=ORIENTED_EDGE('',*,*,#692,.T.);
#265=ORIENTED_EDGE('',*,*,#693,.T.);
#266=ORIENTED_EDGE('',*,*,#694,.T.);
#267=ORIENTED_EDGE('',*,*,#695,.T.);
#268=ORIENTED_EDGE('',*,*,#696,.F.);
#269=ORIENTED_EDGE('',*,*,#697,.T.);
#270=ORIENTED_EDGE('',*,*,#698,.T.);
#271=ORIENTED_EDGE('',*,*,#699,.T.);
#272=ORIENTED_EDGE('',*,*,#700,.F.);
#273=ORIENTED_EDGE('',*,*,#697,.F.);
#274=ORIENTED_EDGE('',*,*,#701,.T.);
#275=ORIENTED_EDGE('',*,*,#702,.T.);
#276=ORIENTED_EDGE('',*,*,#703,.F.);
#277=ORIENTED_EDGE('',*,*,#704,.T.);
#278=ORIENTED_EDGE('',*,*,#705,.T.);
#279=ORIENTED_EDGE('',*,*,#706,.T.);
#280=ORIENTED_EDGE('',*,*,#707,.F.);
#281=ORIENTED_EDGE('',*,*,#708,.T.);
#282=ORIENTED_EDGE('',*,*,#709,.T.);
#283=ORIENTED_EDGE('',*,*,#710,.T.);
#284=ORIENTED_EDGE('',*,*,#711,.T.);
#285=ORIENTED_EDGE('',*,*,#712,.T.);
#286=ORIENTED_EDGE('',*,*,#713,.F.);
#287=ORIENTED_EDGE('',*,*,#714,.T.);
#288=ORIENTED_EDGE('',*,*,#715,.T.);
#289=ORIENTED_EDGE('',*,*,#716,.T.);
#290=ORIENTED_EDGE('',*,*,#717,.T.);
#291=ORIENTED_EDGE('',*,*,#718,.T.);
#292=ORIENTED_EDGE('',*,*,#713,.T.);
#293=ORIENTED_EDGE('',*,*,#719,.T.);
#294=ORIENTED_EDGE('',*,*,#720,.F.);
#295=ORIENTED_EDGE('',*,*,#721,.T.);
#296=ORIENTED_EDGE('',*,*,#722,.T.);
#297=ORIENTED_EDGE('',*,*,#723,.T.);
#298=ORIENTED_EDGE('',*,*,#724,.T.);
#299=ORIENTED_EDGE('',*,*,#725,.T.);
#300=ORIENTED_EDGE('',*,*,#720,.T.);
#301=ORIENTED_EDGE('',*,*,#726,.T.);
#302=ORIENTED_EDGE('',*,*,#727,.F.);
#303=ORIENTED_EDGE('',*,*,#728,.T.);
#304=ORIENTED_EDGE('',*,*,#729,.T.);
#305=ORIENTED_EDGE('',*,*,#730,.T.);
#306=ORIENTED_EDGE('',*,*,#680,.F.);
#307=ORIENTED_EDGE('',*,*,#731,.F.);
#308=ORIENTED_EDGE('',*,*,#732,.T.);
#309=ORIENTED_EDGE('',*,*,#727,.T.);
#310=ORIENTED_EDGE('',*,*,#689,.T.);
#311=ORIENTED_EDGE('',*,*,#733,.T.);
#312=ORIENTED_EDGE('',*,*,#734,.T.);
#313=ORIENTED_EDGE('',*,*,#735,.T.);
#314=ORIENTED_EDGE('',*,*,#731,.T.);
#315=ORIENTED_EDGE('',*,*,#736,.T.);
#316=ORIENTED_EDGE('',*,*,#737,.F.);
#317=ORIENTED_EDGE('',*,*,#738,.T.);
#318=ORIENTED_EDGE('',*,*,#739,.T.);
#319=ORIENTED_EDGE('',*,*,#740,.T.);
#320=ORIENTED_EDGE('',*,*,#741,.T.);
#321=ORIENTED_EDGE('',*,*,#742,.T.);
#322=ORIENTED_EDGE('',*,*,#743,.T.);
#323=ORIENTED_EDGE('',*,*,#744,.T.);
#324=ORIENTED_EDGE('',*,*,#745,.T.);
#325=ORIENTED_EDGE('',*,*,#746,.T.);
#326=ORIENTED_EDGE('',*,*,#747,.T.);
#327=ORIENTED_EDGE('',*,*,#704,.F.);
#328=ORIENTED_EDGE('',*,*,#748,.T.);
#329=ORIENTED_EDGE('',*,*,#749,.T.);
#330=ORIENTED_EDGE('',*,*,#737,.T.);
#331=ORIENTED_EDGE('',*,*,#750,.T.);
#332=ORIENTED_EDGE('',*,*,#751,.T.);
#333=ORIENTED_EDGE('',*,*,#752,.T.);
#334=ORIENTED_EDGE('',*,*,#753,.T.);
#335=ORIENTED_EDGE('',*,*,#754,.T.);
#336=ORIENTED_EDGE('',*,*,#755,.T.);
#337=ORIENTED_EDGE('',*,*,#756,.T.);
#338=ORIENTED_EDGE('',*,*,#757,.T.);
#339=ORIENTED_EDGE('',*,*,#758,.T.);
#340=ORIENTED_EDGE('',*,*,#759,.T.);
#341=ORIENTED_EDGE('',*,*,#760,.T.);
#342=ORIENTED_EDGE('',*,*,#761,.T.);
#343=ORIENTED_EDGE('',*,*,#743,.F.);
#344=ORIENTED_EDGE('',*,*,#762,.T.);
#345=ORIENTED_EDGE('',*,*,#705,.F.);
#346=ORIENTED_EDGE('',*,*,#763,.T.);
#347=ORIENTED_EDGE('',*,*,#745,.F.);
#348=ORIENTED_EDGE('',*,*,#703,.T.);
#349=ORIENTED_EDGE('',*,*,#764,.T.);
#350=ORIENTED_EDGE('',*,*,#642,.T.);
#351=ORIENTED_EDGE('',*,*,#765,.T.);
#352=ORIENTED_EDGE('',*,*,#698,.F.);
#353=ORIENTED_EDGE('',*,*,#696,.T.);
#354=ORIENTED_EDGE('',*,*,#766,.T.);
#355=ORIENTED_EDGE('',*,*,#692,.F.);
#356=ORIENTED_EDGE('',*,*,#767,.T.);
#357=ORIENTED_EDGE('',*,*,#768,.T.);
#358=ORIENTED_EDGE('',*,*,#769,.T.);
#359=ORIENTED_EDGE('',*,*,#770,.T.);
#360=ORIENTED_EDGE('',*,*,#771,.T.);
#361=ORIENTED_EDGE('',*,*,#707,.T.);
#362=ORIENTED_EDGE('',*,*,#772,.T.);
#363=ORIENTED_EDGE('',*,*,#741,.F.);
#364=ORIENTED_EDGE('',*,*,#773,.T.);
#365=ORIENTED_EDGE('',*,*,#690,.T.);
#366=ORIENTED_EDGE('',*,*,#774,.T.);
#367=ORIENTED_EDGE('',*,*,#694,.F.);
#368=ORIENTED_EDGE('',*,*,#700,.T.);
#369=ORIENTED_EDGE('',*,*,#775,.T.);
#370=ORIENTED_EDGE('',*,*,#640,.F.);
#371=ORIENTED_EDGE('',*,*,#776,.T.);
#372=ORIENTED_EDGE('',*,*,#701,.F.);
#373=ORIENTED_EDGE('',*,*,#747,.F.);
#374=ORIENTED_EDGE('',*,*,#777,.T.);
#375=ORIENTED_EDGE('',*,*,#722,.F.);
#376=ORIENTED_EDGE('',*,*,#778,.T.);
#377=ORIENTED_EDGE('',*,*,#717,.F.);
#378=ORIENTED_EDGE('',*,*,#779,.T.);
#379=ORIENTED_EDGE('',*,*,#729,.F.);
#380=ORIENTED_EDGE('',*,*,#780,.T.);
#381=ORIENTED_EDGE('',*,*,#724,.F.);
#382=ORIENTED_EDGE('',*,*,#781,.T.);
#383=ORIENTED_EDGE('',*,*,#739,.F.);
#384=ORIENTED_EDGE('',*,*,#782,.T.);
#385=ORIENTED_EDGE('',*,*,#734,.F.);
#386=ORIENTED_EDGE('',*,*,#783,.T.);
#387=ORIENTED_EDGE('',*,*,#711,.F.);
#388=ORIENTED_EDGE('',*,*,#784,.T.);
#389=ORIENTED_EDGE('',*,*,#748,.F.);
#390=ORIENTED_EDGE('',*,*,#785,.T.);
#391=ORIENTED_EDGE('',*,*,#678,.F.);
#392=ORIENTED_EDGE('',*,*,#786,.T.);
#393=ORIENTED_EDGE('',*,*,#709,.F.);
#394=ORIENTED_EDGE('',*,*,#787,.T.);
#395=ORIENTED_EDGE('',*,*,#715,.F.);
#396=ORIENTED_EDGE('',*,*,#788,.T.);
#397=ORIENTED_EDGE('',*,*,#676,.F.);
#398=ORIENTED_EDGE('',*,*,#789,.T.);
#399=ORIENTED_EDGE('',*,*,#790,.T.);
#400=ORIENTED_EDGE('',*,*,#791,.T.);
#401=ORIENTED_EDGE('',*,*,#771,.F.);
#402=ORIENTED_EDGE('',*,*,#792,.F.);
#403=ORIENTED_EDGE('',*,*,#791,.F.);
#404=ORIENTED_EDGE('',*,*,#792,.T.);
#405=ORIENTED_EDGE('',*,*,#790,.F.);
#406=ORIENTED_EDGE('',*,*,#793,.T.);
#407=ORIENTED_EDGE('',*,*,#794,.T.);
#408=ORIENTED_EDGE('',*,*,#770,.F.);
#409=ORIENTED_EDGE('',*,*,#795,.F.);
#410=ORIENTED_EDGE('',*,*,#794,.F.);
#411=ORIENTED_EDGE('',*,*,#795,.T.);
#412=ORIENTED_EDGE('',*,*,#793,.F.);
#413=ORIENTED_EDGE('',*,*,#796,.T.);
#414=ORIENTED_EDGE('',*,*,#797,.T.);
#415=ORIENTED_EDGE('',*,*,#769,.F.);
#416=ORIENTED_EDGE('',*,*,#798,.F.);
#417=ORIENTED_EDGE('',*,*,#797,.F.);
#418=ORIENTED_EDGE('',*,*,#798,.T.);
#419=ORIENTED_EDGE('',*,*,#796,.F.);
#420=ORIENTED_EDGE('',*,*,#799,.T.);
#421=ORIENTED_EDGE('',*,*,#800,.T.);
#422=ORIENTED_EDGE('',*,*,#768,.F.);
#423=ORIENTED_EDGE('',*,*,#801,.F.);
#424=ORIENTED_EDGE('',*,*,#800,.F.);
#425=ORIENTED_EDGE('',*,*,#801,.T.);
#426=ORIENTED_EDGE('',*,*,#799,.F.);
#427=ORIENTED_EDGE('',*,*,#762,.F.);
#428=ORIENTED_EDGE('',*,*,#742,.F.);
#429=ORIENTED_EDGE('',*,*,#772,.F.);
#430=ORIENTED_EDGE('',*,*,#706,.F.);
#431=ORIENTED_EDGE('',*,*,#763,.F.);
#432=ORIENTED_EDGE('',*,*,#708,.F.);
#433=ORIENTED_EDGE('',*,*,#777,.F.);
#434=ORIENTED_EDGE('',*,*,#746,.F.);
#435=ORIENTED_EDGE('',*,*,#767,.F.);
#436=ORIENTED_EDGE('',*,*,#691,.F.);
#437=ORIENTED_EDGE('',*,*,#773,.F.);
#438=ORIENTED_EDGE('',*,*,#744,.F.);
#439=ORIENTED_EDGE('',*,*,#766,.F.);
#440=ORIENTED_EDGE('',*,*,#695,.F.);
#441=ORIENTED_EDGE('',*,*,#774,.F.);
#442=ORIENTED_EDGE('',*,*,#693,.F.);
#443=ORIENTED_EDGE('',*,*,#765,.F.);
#444=ORIENTED_EDGE('',*,*,#641,.F.);
#445=ORIENTED_EDGE('',*,*,#775,.F.);
#446=ORIENTED_EDGE('',*,*,#699,.F.);
#447=ORIENTED_EDGE('',*,*,#764,.F.);
#448=ORIENTED_EDGE('',*,*,#702,.F.);
#449=ORIENTED_EDGE('',*,*,#776,.F.);
#450=ORIENTED_EDGE('',*,*,#643,.F.);
#451=ORIENTED_EDGE('',*,*,#733,.F.);
#452=ORIENTED_EDGE('',*,*,#688,.F.);
#453=ORIENTED_EDGE('',*,*,#802,.F.);
#454=ORIENTED_EDGE('',*,*,#740,.F.);
#455=ORIENTED_EDGE('',*,*,#783,.F.);
#456=ORIENTED_EDGE('',*,*,#736,.F.);
#457=ORIENTED_EDGE('',*,*,#803,.F.);
#458=ORIENTED_EDGE('',*,*,#750,.F.);
#459=ORIENTED_EDGE('',*,*,#802,.T.);
#460=ORIENTED_EDGE('',*,*,#687,.F.);
#461=ORIENTED_EDGE('',*,*,#785,.F.);
#462=ORIENTED_EDGE('',*,*,#803,.T.);
#463=ORIENTED_EDGE('',*,*,#804,.F.);
#464=ORIENTED_EDGE('',*,*,#805,.F.);
#465=ORIENTED_EDGE('',*,*,#712,.F.);
#466=ORIENTED_EDGE('',*,*,#804,.T.);
#467=ORIENTED_EDGE('',*,*,#686,.F.);
#468=ORIENTED_EDGE('',*,*,#787,.F.);
#469=ORIENTED_EDGE('',*,*,#805,.T.);
#470=ORIENTED_EDGE('',*,*,#806,.F.);
#471=ORIENTED_EDGE('',*,*,#807,.F.);
#472=ORIENTED_EDGE('',*,*,#679,.F.);
#473=ORIENTED_EDGE('',*,*,#806,.T.);
#474=ORIENTED_EDGE('',*,*,#685,.F.);
#475=ORIENTED_EDGE('',*,*,#789,.F.);
#476=ORIENTED_EDGE('',*,*,#807,.T.);
#477=ORIENTED_EDGE('',*,*,#808,.F.);
#478=ORIENTED_EDGE('',*,*,#808,.T.);
#479=ORIENTED_EDGE('',*,*,#684,.F.);
#480=ORIENTED_EDGE('',*,*,#809,.F.);
#481=ORIENTED_EDGE('',*,*,#716,.F.);
#482=ORIENTED_EDGE('',*,*,#810,.F.);
#483=ORIENTED_EDGE('',*,*,#719,.F.);
#484=ORIENTED_EDGE('',*,*,#809,.T.);
#485=ORIENTED_EDGE('',*,*,#683,.F.);
#486=ORIENTED_EDGE('',*,*,#779,.F.);
#487=ORIENTED_EDGE('',*,*,#810,.T.);
#488=ORIENTED_EDGE('',*,*,#811,.F.);
#489=ORIENTED_EDGE('',*,*,#811,.T.);
#490=ORIENTED_EDGE('',*,*,#682,.F.);
#491=ORIENTED_EDGE('',*,*,#812,.F.);
#492=ORIENTED_EDGE('',*,*,#723,.F.);
#493=ORIENTED_EDGE('',*,*,#781,.F.);
#494=ORIENTED_EDGE('',*,*,#726,.F.);
#495=ORIENTED_EDGE('',*,*,#812,.T.);
#496=ORIENTED_EDGE('',*,*,#681,.F.);
#497=ORIENTED_EDGE('',*,*,#730,.F.);
#498=ORIENTED_EDGE('',*,*,#644,.F.);
#499=ORIENTED_EDGE('',*,*,#813,.F.);
#500=ORIENTED_EDGE('',*,*,#814,.T.);
#501=ORIENTED_EDGE('',*,*,#815,.T.);
#502=ORIENTED_EDGE('',*,*,#816,.T.);
#503=ORIENTED_EDGE('',*,*,#817,.T.);
#504=ORIENTED_EDGE('',*,*,#651,.T.);
#505=ORIENTED_EDGE('',*,*,#818,.F.);
#506=ORIENTED_EDGE('',*,*,#819,.T.);
#507=ORIENTED_EDGE('',*,*,#813,.T.);
#508=ORIENTED_EDGE('',*,*,#650,.F.);
#509=ORIENTED_EDGE('',*,*,#820,.F.);
#510=ORIENTED_EDGE('',*,*,#821,.T.);
#511=ORIENTED_EDGE('',*,*,#822,.T.);
#512=ORIENTED_EDGE('',*,*,#823,.T.);
#513=ORIENTED_EDGE('',*,*,#818,.T.);
#514=ORIENTED_EDGE('',*,*,#649,.T.);
#515=ORIENTED_EDGE('',*,*,#824,.F.);
#516=ORIENTED_EDGE('',*,*,#825,.T.);
#517=ORIENTED_EDGE('',*,*,#820,.T.);
#518=ORIENTED_EDGE('',*,*,#648,.T.);
#519=ORIENTED_EDGE('',*,*,#826,.F.);
#520=ORIENTED_EDGE('',*,*,#827,.T.);
#521=ORIENTED_EDGE('',*,*,#828,.T.);
#522=ORIENTED_EDGE('',*,*,#829,.T.);
#523=ORIENTED_EDGE('',*,*,#824,.T.);
#524=ORIENTED_EDGE('',*,*,#647,.T.);
#525=ORIENTED_EDGE('',*,*,#830,.F.);
#526=ORIENTED_EDGE('',*,*,#831,.T.);
#527=ORIENTED_EDGE('',*,*,#826,.T.);
#528=ORIENTED_EDGE('',*,*,#646,.T.);
#529=ORIENTED_EDGE('',*,*,#832,.F.);
#530=ORIENTED_EDGE('',*,*,#833,.T.);
#531=ORIENTED_EDGE('',*,*,#834,.T.);
#532=ORIENTED_EDGE('',*,*,#835,.T.);
#533=ORIENTED_EDGE('',*,*,#830,.T.);
#534=ORIENTED_EDGE('',*,*,#645,.T.);
#535=ORIENTED_EDGE('',*,*,#817,.F.);
#536=ORIENTED_EDGE('',*,*,#836,.T.);
#537=ORIENTED_EDGE('',*,*,#832,.T.);
#538=ORIENTED_EDGE('',*,*,#837,.F.);
#539=ORIENTED_EDGE('',*,*,#660,.F.);
#540=ORIENTED_EDGE('',*,*,#838,.F.);
#541=ORIENTED_EDGE('',*,*,#828,.F.);
#542=ORIENTED_EDGE('',*,*,#838,.T.);
#543=ORIENTED_EDGE('',*,*,#663,.F.);
#544=ORIENTED_EDGE('',*,*,#839,.F.);
#545=ORIENTED_EDGE('',*,*,#821,.F.);
#546=ORIENTED_EDGE('',*,*,#825,.F.);
#547=ORIENTED_EDGE('',*,*,#829,.F.);
#548=ORIENTED_EDGE('',*,*,#831,.F.);
#549=ORIENTED_EDGE('',*,*,#835,.F.);
#550=ORIENTED_EDGE('',*,*,#840,.F.);
#551=ORIENTED_EDGE('',*,*,#657,.F.);
#552=ORIENTED_EDGE('',*,*,#837,.T.);
#553=ORIENTED_EDGE('',*,*,#827,.F.);
#554=ORIENTED_EDGE('',*,*,#839,.T.);
#555=ORIENTED_EDGE('',*,*,#666,.F.);
#556=ORIENTED_EDGE('',*,*,#841,.F.);
#557=ORIENTED_EDGE('',*,*,#822,.F.);
#558=ORIENTED_EDGE('',*,*,#840,.T.);
#559=ORIENTED_EDGE('',*,*,#834,.F.);
#560=ORIENTED_EDGE('',*,*,#842,.F.);
#561=ORIENTED_EDGE('',*,*,#653,.F.);
#562=ORIENTED_EDGE('',*,*,#841,.T.);
#563=ORIENTED_EDGE('',*,*,#669,.F.);
#564=ORIENTED_EDGE('',*,*,#843,.F.);
#565=ORIENTED_EDGE('',*,*,#814,.F.);
#566=ORIENTED_EDGE('',*,*,#819,.F.);
#567=ORIENTED_EDGE('',*,*,#823,.F.);
#568=ORIENTED_EDGE('',*,*,#836,.F.);
#569=ORIENTED_EDGE('',*,*,#816,.F.);
#570=ORIENTED_EDGE('',*,*,#844,.F.);
#571=ORIENTED_EDGE('',*,*,#674,.F.);
#572=ORIENTED_EDGE('',*,*,#842,.T.);
#573=ORIENTED_EDGE('',*,*,#833,.F.);
#574=ORIENTED_EDGE('',*,*,#843,.T.);
#575=ORIENTED_EDGE('',*,*,#672,.F.);
#576=ORIENTED_EDGE('',*,*,#844,.T.);
#577=ORIENTED_EDGE('',*,*,#815,.F.);
#578=ORIENTED_EDGE('',*,*,#755,.F.);
#579=ORIENTED_EDGE('',*,*,#845,.T.);
#580=ORIENTED_EDGE('',*,*,#738,.F.);
#581=ORIENTED_EDGE('',*,*,#846,.F.);
#582=ORIENTED_EDGE('',*,*,#846,.T.);
#583=ORIENTED_EDGE('',*,*,#749,.F.);
#584=ORIENTED_EDGE('',*,*,#847,.F.);
#585=ORIENTED_EDGE('',*,*,#756,.F.);
#586=ORIENTED_EDGE('',*,*,#847,.T.);
#587=ORIENTED_EDGE('',*,*,#784,.F.);
#588=ORIENTED_EDGE('',*,*,#848,.F.);
#589=ORIENTED_EDGE('',*,*,#848,.T.);
#590=ORIENTED_EDGE('',*,*,#710,.F.);
#591=ORIENTED_EDGE('',*,*,#849,.F.);
#592=ORIENTED_EDGE('',*,*,#757,.F.);
#593=ORIENTED_EDGE('',*,*,#849,.T.);
#594=ORIENTED_EDGE('',*,*,#786,.F.);
#595=ORIENTED_EDGE('',*,*,#850,.F.);
#596=ORIENTED_EDGE('',*,*,#850,.T.);
#597=ORIENTED_EDGE('',*,*,#677,.F.);
#598=ORIENTED_EDGE('',*,*,#851,.F.);
#599=ORIENTED_EDGE('',*,*,#758,.F.);
#600=ORIENTED_EDGE('',*,*,#851,.T.);
#601=ORIENTED_EDGE('',*,*,#788,.F.);
#602=ORIENTED_EDGE('',*,*,#852,.F.);
#603=ORIENTED_EDGE('',*,*,#852,.T.);
#604=ORIENTED_EDGE('',*,*,#714,.F.);
#605=ORIENTED_EDGE('',*,*,#853,.F.);
#606=ORIENTED_EDGE('',*,*,#759,.F.);
#607=ORIENTED_EDGE('',*,*,#853,.T.);
#608=ORIENTED_EDGE('',*,*,#718,.F.);
#609=ORIENTED_EDGE('',*,*,#854,.F.);
#610=ORIENTED_EDGE('',*,*,#760,.F.);
#611=ORIENTED_EDGE('',*,*,#854,.T.);
#612=ORIENTED_EDGE('',*,*,#778,.F.);
#613=ORIENTED_EDGE('',*,*,#855,.F.);
#614=ORIENTED_EDGE('',*,*,#855,.T.);
#615=ORIENTED_EDGE('',*,*,#721,.F.);
#616=ORIENTED_EDGE('',*,*,#856,.F.);
#617=ORIENTED_EDGE('',*,*,#761,.F.);
#618=ORIENTED_EDGE('',*,*,#725,.F.);
#619=ORIENTED_EDGE('',*,*,#857,.T.);
#620=ORIENTED_EDGE('',*,*,#751,.F.);
#621=ORIENTED_EDGE('',*,*,#856,.T.);
#622=ORIENTED_EDGE('',*,*,#858,.F.);
#623=ORIENTED_EDGE('',*,*,#782,.F.);
#624=ORIENTED_EDGE('',*,*,#845,.F.);
#625=ORIENTED_EDGE('',*,*,#858,.T.);
#626=ORIENTED_EDGE('',*,*,#754,.F.);
#627=ORIENTED_EDGE('',*,*,#859,.F.);
#628=ORIENTED_EDGE('',*,*,#735,.F.);
#629=ORIENTED_EDGE('',*,*,#859,.T.);
#630=ORIENTED_EDGE('',*,*,#753,.F.);
#631=ORIENTED_EDGE('',*,*,#860,.F.);
#632=ORIENTED_EDGE('',*,*,#732,.F.);
#633=ORIENTED_EDGE('',*,*,#861,.F.);
#634=ORIENTED_EDGE('',*,*,#728,.F.);
#635=ORIENTED_EDGE('',*,*,#860,.T.);
#636=ORIENTED_EDGE('',*,*,#752,.F.);
#637=ORIENTED_EDGE('',*,*,#861,.T.);
#638=ORIENTED_EDGE('',*,*,#857,.F.);
#639=ORIENTED_EDGE('',*,*,#780,.F.);
#640=EDGE_CURVE('',#862,#863,#1000,.T.);
#641=EDGE_CURVE('',#863,#864,#1001,.F.);
#642=EDGE_CURVE('',#865,#864,#1002,.T.);
#643=EDGE_CURVE('',#865,#862,#1003,.T.);
#644=EDGE_CURVE('',#866,#867,#1004,.T.);
#645=EDGE_CURVE('',#868,#867,#112,.T.);
#646=EDGE_CURVE('',#869,#868,#1005,.T.);
#647=EDGE_CURVE('',#870,#869,#113,.T.);
#648=EDGE_CURVE('',#871,#870,#1006,.T.);
#649=EDGE_CURVE('',#872,#871,#114,.T.);
#650=EDGE_CURVE('',#872,#873,#1007,.T.);
#651=EDGE_CURVE('',#866,#873,#115,.T.);
#652=EDGE_CURVE('',#874,#875,#1008,.T.);
#653=EDGE_CURVE('',#874,#876,#1009,.F.);
#654=EDGE_CURVE('',#876,#877,#1010,.T.);
#655=EDGE_CURVE('',#877,#875,#1011,.T.);
#656=EDGE_CURVE('',#878,#879,#1012,.T.);
#657=EDGE_CURVE('',#878,#874,#116,.T.);
#658=EDGE_CURVE('',#875,#879,#117,.T.);
#659=EDGE_CURVE('',#880,#881,#1013,.T.);
#660=EDGE_CURVE('',#880,#878,#1014,.T.);
#661=EDGE_CURVE('',#881,#879,#1015,.T.);
#662=EDGE_CURVE('',#882,#883,#1016,.T.);
#663=EDGE_CURVE('',#882,#880,#118,.T.);
#664=EDGE_CURVE('',#881,#883,#119,.T.);
#665=EDGE_CURVE('',#884,#885,#1017,.T.);
#666=EDGE_CURVE('',#884,#882,#1018,.T.);
#667=EDGE_CURVE('',#885,#883,#1019,.T.);
#668=EDGE_CURVE('',#886,#887,#1020,.T.);
#669=EDGE_CURVE('',#886,#884,#120,.T.);
#670=EDGE_CURVE('',#885,#887,#121,.T.);
#671=EDGE_CURVE('',#888,#889,#1021,.T.);
#672=EDGE_CURVE('',#888,#886,#1022,.F.);
#673=EDGE_CURVE('',#887,#889,#1023,.T.);
#674=EDGE_CURVE('',#876,#888,#122,.T.);
#675=EDGE_CURVE('',#889,#877,#123,.T.);
#676=EDGE_CURVE('',#890,#891,#1024,.F.);
#677=EDGE_CURVE('',#891,#892,#1025,.F.);
#678=EDGE_CURVE('',#892,#893,#1026,.T.);
#679=EDGE_CURVE('',#893,#890,#1027,.T.);
#680=EDGE_CURVE('',#894,#895,#1028,.T.);
#681=EDGE_CURVE('',#895,#896,#34,.T.);
#682=EDGE_CURVE('',#896,#897,#1029,.F.);
#683=EDGE_CURVE('',#897,#898,#1030,.F.);
#684=EDGE_CURVE('',#898,#899,#1031,.T.);
#685=EDGE_CURVE('',#899,#900,#1032,.F.);
#686=EDGE_CURVE('',#900,#901,#1033,.F.);
#687=EDGE_CURVE('',#901,#902,#1034,.T.);
#688=EDGE_CURVE('',#902,#903,#35,.T.);
#689=EDGE_CURVE('',#894,#903,#1035,.T.);
#690=EDGE_CURVE('',#904,#905,#36,.T.);
#691=EDGE_CURVE('',#904,#906,#1036,.F.);
#692=EDGE_CURVE('',#906,#907,#37,.T.);
#693=EDGE_CURVE('',#907,#905,#1037,.T.);
#694=EDGE_CURVE('',#908,#909,#1038,.T.);
#695=EDGE_CURVE('',#909,#910,#1039,.F.);
#696=EDGE_CURVE('',#911,#910,#1040,.T.);
#697=EDGE_CURVE('',#911,#908,#1041,.T.);
#698=EDGE_CURVE('',#911,#912,#1042,.T.);
#699=EDGE_CURVE('',#912,#913,#1043,.T.);
#700=EDGE_CURVE('',#908,#913,#1044,.T.);
#701=EDGE_CURVE('',#914,#915,#1045,.T.);
#702=EDGE_CURVE('',#915,#916,#1046,.F.);
#703=EDGE_CURVE('',#917,#916,#1047,.T.);
#704=EDGE_CURVE('',#917,#914,#1048,.T.);
#705=EDGE_CURVE('',#918,#919,#38,.T.);
#706=EDGE_CURVE('',#919,#920,#1049,.T.);
#707=EDGE_CURVE('',#921,#920,#39,.T.);
#708=EDGE_CURVE('',#921,#918,#1050,.F.);
#709=EDGE_CURVE('',#922,#923,#1051,.F.);
#710=EDGE_CURVE('',#923,#924,#1052,.F.);
#711=EDGE_CURVE('',#924,#925,#1053,.T.);
#712=EDGE_CURVE('',#925,#922,#1054,.T.);
#713=EDGE_CURVE('',#926,#927,#1055,.T.);
#714=EDGE_CURVE('',#926,#928,#1056,.T.);
#715=EDGE_CURVE('',#928,#929,#1057,.T.);
#716=EDGE_CURVE('',#929,#927,#1058,.F.);
#717=EDGE_CURVE('',#930,#931,#1059,.F.);
#718=EDGE_CURVE('',#931,#926,#1060,.F.);
#719=EDGE_CURVE('',#927,#930,#1061,.T.);
#720=EDGE_CURVE('',#932,#933,#1062,.T.);
#721=EDGE_CURVE('',#932,#934,#1063,.F.);
#722=EDGE_CURVE('',#934,#935,#1064,.T.);
#723=EDGE_CURVE('',#935,#933,#1065,.T.);
#724=EDGE_CURVE('',#936,#937,#1066,.F.);
#725=EDGE_CURVE('',#937,#932,#40,.T.);
#726=EDGE_CURVE('',#933,#936,#41,.T.);
#727=EDGE_CURVE('',#938,#894,#1067,.T.);
#728=EDGE_CURVE('',#938,#939,#1068,.T.);
#729=EDGE_CURVE('',#939,#940,#1069,.T.);
#730=EDGE_CURVE('',#940,#895,#42,.T.);
#731=EDGE_CURVE('',#941,#942,#1070,.T.);
#732=EDGE_CURVE('',#941,#938,#1071,.F.);
#733=EDGE_CURVE('',#903,#942,#43,.T.);
#734=EDGE_CURVE('',#943,#944,#1072,.F.);
#735=EDGE_CURVE('',#944,#941,#1073,.T.);
#736=EDGE_CURVE('',#942,#943,#44,.T.);
#737=EDGE_CURVE('',#945,#946,#1074,.T.);
#738=EDGE_CURVE('',#945,#947,#45,.T.);
#739=EDGE_CURVE('',#947,#948,#1075,.T.);
#740=EDGE_CURVE('',#948,#946,#46,.T.);
#741=EDGE_CURVE('',#949,#950,#1076,.T.);
#742=EDGE_CURVE('',#950,#951,#1077,.T.);
#743=EDGE_CURVE('',#951,#952,#1078,.T.);
#744=EDGE_CURVE('',#952,#949,#1079,.F.);
#745=EDGE_CURVE('',#917,#953,#1080,.T.);
#746=EDGE_CURVE('',#953,#954,#1081,.F.);
#747=EDGE_CURVE('',#954,#914,#1082,.T.);
#748=EDGE_CURVE('',#955,#956,#1083,.F.);
#749=EDGE_CURVE('',#956,#945,#1084,.T.);
#750=EDGE_CURVE('',#946,#955,#1085,.F.);
#751=EDGE_CURVE('',#957,#958,#47,.T.);
#752=EDGE_CURVE('',#958,#959,#1086,.F.);
#753=EDGE_CURVE('',#959,#960,#1087,.T.);
#754=EDGE_CURVE('',#960,#961,#1088,.F.);
#755=EDGE_CURVE('',#961,#962,#48,.T.);
#756=EDGE_CURVE('',#962,#963,#1089,.F.);
#757=EDGE_CURVE('',#963,#964,#1090,.T.);
#758=EDGE_CURVE('',#964,#965,#1091,.T.);
#759=EDGE_CURVE('',#965,#966,#1092,.F.);
#760=EDGE_CURVE('',#966,#967,#1093,.T.);
#761=EDGE_CURVE('',#967,#957,#1094,.T.);
#762=EDGE_CURVE('',#951,#919,#124,.F.);
#763=EDGE_CURVE('',#918,#953,#125,.F.);
#764=EDGE_CURVE('',#916,#865,#126,.F.);
#765=EDGE_CURVE('',#864,#912,#127,.F.);
#766=EDGE_CURVE('',#910,#907,#128,.F.);
#767=EDGE_CURVE('',#906,#952,#129,.F.);
#768=EDGE_CURVE('',#968,#968,#130,.F.);
#769=EDGE_CURVE('',#969,#969,#131,.F.);
#770=EDGE_CURVE('',#970,#970,#132,.F.);
#771=EDGE_CURVE('',#971,#971,#133,.F.);
#772=EDGE_CURVE('',#920,#950,#134,.T.);
#773=EDGE_CURVE('',#949,#904,#135,.T.);
#774=EDGE_CURVE('',#905,#909,#136,.T.);
#775=EDGE_CURVE('',#913,#863,#137,.T.);
#776=EDGE_CURVE('',#862,#915,#138,.T.);
#777=EDGE_CURVE('',#954,#921,#139,.T.);
#778=EDGE_CURVE('',#934,#931,#140,.T.);
#779=EDGE_CURVE('',#930,#935,#141,.F.);
#780=EDGE_CURVE('',#939,#937,#142,.T.);
#781=EDGE_CURVE('',#936,#940,#49,.F.);
#782=EDGE_CURVE('',#947,#944,#143,.T.);
#783=EDGE_CURVE('',#943,#948,#50,.T.);
#784=EDGE_CURVE('',#924,#956,#144,.F.);
#785=EDGE_CURVE('',#955,#925,#145,.T.);
#786=EDGE_CURVE('',#892,#923,#146,.T.);
#787=EDGE_CURVE('',#922,#893,#147,.F.);
#788=EDGE_CURVE('',#928,#891,#148,.F.);
#789=EDGE_CURVE('',#890,#929,#149,.T.);
#790=EDGE_CURVE('',#972,#972,#150,.F.);
#791=EDGE_CURVE('',#973,#973,#151,.T.);
#792=EDGE_CURVE('',#974,#974,#152,.T.);
#793=EDGE_CURVE('',#975,#975,#153,.F.);
#794=EDGE_CURVE('',#976,#976,#154,.T.);
#795=EDGE_CURVE('',#977,#977,#155,.T.);
#796=EDGE_CURVE('',#978,#978,#156,.F.);
#797=EDGE_CURVE('',#979,#979,#157,.T.);
#798=EDGE_CURVE('',#980,#980,#158,.T.);
#799=EDGE_CURVE('',#981,#981,#159,.F.);
#800=EDGE_CURVE('',#982,#982,#160,.T.);
#801=EDGE_CURVE('',#983,#983,#161,.T.);
#802=EDGE_CURVE('',#946,#902,#51,.T.);
#803=EDGE_CURVE('',#955,#901,#162,.T.);
#804=EDGE_CURVE('',#925,#901,#163,.T.);
#805=EDGE_CURVE('',#922,#900,#164,.T.);
#806=EDGE_CURVE('',#893,#900,#165,.T.);
#807=EDGE_CURVE('',#890,#899,#166,.T.);
#808=EDGE_CURVE('',#929,#899,#167,.T.);
#809=EDGE_CURVE('',#927,#898,#168,.T.);
#810=EDGE_CURVE('',#930,#897,#169,.T.);
#811=EDGE_CURVE('',#935,#897,#170,.T.);
#812=EDGE_CURVE('',#933,#896,#171,.T.);
#813=EDGE_CURVE('',#984,#866,#1095,.T.);
#814=EDGE_CURVE('',#984,#985,#52,.T.);
#815=EDGE_CURVE('',#985,#986,#1096,.F.);
#816=EDGE_CURVE('',#986,#987,#53,.T.);
#817=EDGE_CURVE('',#987,#867,#1097,.T.);
#818=EDGE_CURVE('',#988,#873,#1098,.T.);
#819=EDGE_CURVE('',#988,#984,#54,.T.);
#820=EDGE_CURVE('',#989,#872,#1099,.T.);
#821=EDGE_CURVE('',#989,#990,#55,.T.);
#822=EDGE_CURVE('',#990,#991,#1100,.F.);
#823=EDGE_CURVE('',#991,#988,#56,.T.);
#824=EDGE_CURVE('',#992,#871,#1101,.T.);
#825=EDGE_CURVE('',#992,#989,#57,.T.);
#826=EDGE_CURVE('',#993,#870,#1102,.T.);
#827=EDGE_CURVE('',#993,#994,#58,.T.);
#828=EDGE_CURVE('',#994,#995,#1103,.F.);
#829=EDGE_CURVE('',#995,#992,#59,.T.);
#830=EDGE_CURVE('',#996,#869,#1104,.T.);
#831=EDGE_CURVE('',#996,#993,#60,.T.);
#832=EDGE_CURVE('',#997,#868,#1105,.T.);
#833=EDGE_CURVE('',#997,#998,#61,.T.);
#834=EDGE_CURVE('',#998,#999,#1106,.F.);
#835=EDGE_CURVE('',#999,#996,#62,.T.);
#836=EDGE_CURVE('',#987,#997,#63,.T.);
#837=EDGE_CURVE('',#878,#994,#172,.T.);
#838=EDGE_CURVE('',#995,#880,#173,.T.);
#839=EDGE_CURVE('',#990,#882,#174,.T.);
#840=EDGE_CURVE('',#874,#999,#175,.T.);
#841=EDGE_CURVE('',#991,#884,#176,.T.);
#842=EDGE_CURVE('',#876,#998,#177,.T.);
#843=EDGE_CURVE('',#985,#886,#178,.T.);
#844=EDGE_CURVE('',#888,#986,#179,.T.);
#845=EDGE_CURVE('',#961,#947,#180,.T.);
#846=EDGE_CURVE('',#962,#945,#64,.F.);
#847=EDGE_CURVE('',#963,#956,#181,.T.);
#848=EDGE_CURVE('',#963,#924,#182,.T.);
#849=EDGE_CURVE('',#964,#923,#183,.T.);
#850=EDGE_CURVE('',#964,#892,#184,.T.);
#851=EDGE_CURVE('',#965,#891,#185,.T.);
#852=EDGE_CURVE('',#965,#928,#186,.T.);
#853=EDGE_CURVE('',#966,#926,#187,.T.);
#854=EDGE_CURVE('',#967,#931,#188,.T.);
#855=EDGE_CURVE('',#967,#934,#189,.T.);
#856=EDGE_CURVE('',#957,#932,#190,.T.);
#857=EDGE_CURVE('',#937,#958,#191,.T.);
#858=EDGE_CURVE('',#944,#961,#192,.T.);
#859=EDGE_CURVE('',#941,#960,#193,.T.);
#860=EDGE_CURVE('',#938,#959,#194,.T.);
#861=EDGE_CURVE('',#939,#958,#195,.T.);
#862=VERTEX_POINT('',#2257);
#863=VERTEX_POINT('',#2258);
#864=VERTEX_POINT('',#2260);
#865=VERTEX_POINT('',#2262);
#866=VERTEX_POINT('',#2265);
#867=VERTEX_POINT('',#2266);
#868=VERTEX_POINT('',#2268);
#869=VERTEX_POINT('',#2270);
#870=VERTEX_POINT('',#2272);
#871=VERTEX_POINT('',#2274);
#872=VERTEX_POINT('',#2276);
#873=VERTEX_POINT('',#2278);
#874=VERTEX_POINT('',#2282);
#875=VERTEX_POINT('',#2283);
#876=VERTEX_POINT('',#2285);
#877=VERTEX_POINT('',#2287);
#878=VERTEX_POINT('',#2291);
#879=VERTEX_POINT('',#2292);
#880=VERTEX_POINT('',#2297);
#881=VERTEX_POINT('',#2298);
#882=VERTEX_POINT('',#2303);
#883=VERTEX_POINT('',#2304);
#884=VERTEX_POINT('',#2309);
#885=VERTEX_POINT('',#2310);
#886=VERTEX_POINT('',#2315);
#887=VERTEX_POINT('',#2316);
#888=VERTEX_POINT('',#2321);
#889=VERTEX_POINT('',#2322);
#890=VERTEX_POINT('',#2330);
#891=VERTEX_POINT('',#2331);
#892=VERTEX_POINT('',#2333);
#893=VERTEX_POINT('',#2335);
#894=VERTEX_POINT('',#2339);
#895=VERTEX_POINT('',#2340);
#896=VERTEX_POINT('',#2353);
#897=VERTEX_POINT('',#2355);
#898=VERTEX_POINT('',#2357);
#899=VERTEX_POINT('',#2359);
#900=VERTEX_POINT('',#2361);
#901=VERTEX_POINT('',#2363);
#902=VERTEX_POINT('',#2365);
#903=VERTEX_POINT('',#2379);
#904=VERTEX_POINT('',#2392);
#905=VERTEX_POINT('',#2393);
#906=VERTEX_POINT('',#2395);
#907=VERTEX_POINT('',#2399);
#908=VERTEX_POINT('',#2403);
#909=VERTEX_POINT('',#2404);
#910=VERTEX_POINT('',#2406);
#911=VERTEX_POINT('',#2408);
#912=VERTEX_POINT('',#2412);
#913=VERTEX_POINT('',#2414);
#914=VERTEX_POINT('',#2418);
#915=VERTEX_POINT('',#2419);
#916=VERTEX_POINT('',#2421);
#917=VERTEX_POINT('',#2423);
#918=VERTEX_POINT('',#2436);
#919=VERTEX_POINT('',#2437);
#920=VERTEX_POINT('',#2439);
#921=VERTEX_POINT('',#2443);
#922=VERTEX_POINT('',#2447);
#923=VERTEX_POINT('',#2448);
#924=VERTEX_POINT('',#2450);
#925=VERTEX_POINT('',#2452);
#926=VERTEX_POINT('',#2456);
#927=VERTEX_POINT('',#2457);
#928=VERTEX_POINT('',#2459);
#929=VERTEX_POINT('',#2461);
#930=VERTEX_POINT('',#2465);
#931=VERTEX_POINT('',#2466);
#932=VERTEX_POINT('',#2471);
#933=VERTEX_POINT('',#2472);
#934=VERTEX_POINT('',#2474);
#935=VERTEX_POINT('',#2476);
#936=VERTEX_POINT('',#2487);
#937=VERTEX_POINT('',#2488);
#938=VERTEX_POINT('',#2511);
#939=VERTEX_POINT('',#2513);
#940=VERTEX_POINT('',#2515);
#941=VERTEX_POINT('',#2522);
#942=VERTEX_POINT('',#2523);
#943=VERTEX_POINT('',#2531);
#944=VERTEX_POINT('',#2532);
#945=VERTEX_POINT('',#2547);
#946=VERTEX_POINT('',#2548);
#947=VERTEX_POINT('',#2560);
#948=VERTEX_POINT('',#2562);
#949=VERTEX_POINT('',#2576);
#950=VERTEX_POINT('',#2577);
#951=VERTEX_POINT('',#2579);
#952=VERTEX_POINT('',#2581);
#953=VERTEX_POINT('',#2585);
#954=VERTEX_POINT('',#2587);
#955=VERTEX_POINT('',#2591);
#956=VERTEX_POINT('',#2592);
#957=VERTEX_POINT('',#2606);
#958=VERTEX_POINT('',#2607);
#959=VERTEX_POINT('',#2609);
#960=VERTEX_POINT('',#2611);
#961=VERTEX_POINT('',#2613);
#962=VERTEX_POINT('',#2625);
#963=VERTEX_POINT('',#2627);
#964=VERTEX_POINT('',#2629);
#965=VERTEX_POINT('',#2631);
#966=VERTEX_POINT('',#2633);
#967=VERTEX_POINT('',#2635);
#968=VERTEX_POINT('',#2645);
#969=VERTEX_POINT('',#2647);
#970=VERTEX_POINT('',#2649);
#971=VERTEX_POINT('',#2651);
#972=VERTEX_POINT('',#2684);
#973=VERTEX_POINT('',#2686);
#974=VERTEX_POINT('',#2689);
#975=VERTEX_POINT('',#2694);
#976=VERTEX_POINT('',#2696);
#977=VERTEX_POINT('',#2699);
#978=VERTEX_POINT('',#2704);
#979=VERTEX_POINT('',#2706);
#980=VERTEX_POINT('',#2709);
#981=VERTEX_POINT('',#2714);
#982=VERTEX_POINT('',#2716);
#983=VERTEX_POINT('',#2719);
#984=VERTEX_POINT('',#2851);
#985=VERTEX_POINT('',#2856);
#986=VERTEX_POINT('',#2858);
#987=VERTEX_POINT('',#2863);
#988=VERTEX_POINT('',#2867);
#989=VERTEX_POINT('',#2875);
#990=VERTEX_POINT('',#2880);
#991=VERTEX_POINT('',#2882);
#992=VERTEX_POINT('',#2889);
#993=VERTEX_POINT('',#2897);
#994=VERTEX_POINT('',#2902);
#995=VERTEX_POINT('',#2904);
#996=VERTEX_POINT('',#2911);
#997=VERTEX_POINT('',#2919);
#998=VERTEX_POINT('',#2924);
#999=VERTEX_POINT('',#2926);
#1000=LINE('',#2256,#1107);
#1001=LINE('',#2259,#1108);
#1002=LINE('',#2261,#1109);
#1003=LINE('',#2263,#1110);
#1004=LINE('',#2264,#1111);
#1005=LINE('',#2269,#1112);
#1006=LINE('',#2273,#1113);
#1007=LINE('',#2277,#1114);
#1008=LINE('',#2281,#1115);
#1009=LINE('',#2284,#1116);
#1010=LINE('',#2286,#1117);
#1011=LINE('',#2288,#1118);
#1012=LINE('',#2290,#1119);
#1013=LINE('',#2296,#1120);
#1014=LINE('',#2299,#1121);
#1015=LINE('',#2300,#1122);
#1016=LINE('',#2302,#1123);
#1017=LINE('',#2308,#1124);
#1018=LINE('',#2311,#1125);
#1019=LINE('',#2312,#1126);
#1020=LINE('',#2314,#1127);
#1021=LINE('',#2320,#1128);
#1022=LINE('',#2323,#1129);
#1023=LINE('',#2324,#1130);
#1024=LINE('',#2329,#1131);
#1025=LINE('',#2332,#1132);
#1026=LINE('',#2334,#1133);
#1027=LINE('',#2336,#1134);
#1028=LINE('',#2338,#1135);
#1029=LINE('',#2354,#1136);
#1030=LINE('',#2356,#1137);
#1031=LINE('',#2358,#1138);
#1032=LINE('',#2360,#1139);
#1033=LINE('',#2362,#1140);
#1034=LINE('',#2364,#1141);
#1035=LINE('',#2380,#1142);
#1036=LINE('',#2394,#1143);
#1037=LINE('',#2400,#1144);
#1038=LINE('',#2402,#1145);
#1039=LINE('',#2405,#1146);
#1040=LINE('',#2407,#1147);
#1041=LINE('',#2409,#1148);
#1042=LINE('',#2411,#1149);
#1043=LINE('',#2413,#1150);
#1044=LINE('',#2415,#1151);
#1045=LINE('',#2417,#1152);
#1046=LINE('',#2420,#1153);
#1047=LINE('',#2422,#1154);
#1048=LINE('',#2424,#1155);
#1049=LINE('',#2438,#1156);
#1050=LINE('',#2444,#1157);
#1051=LINE('',#2446,#1158);
#1052=LINE('',#2449,#1159);
#1053=LINE('',#2451,#1160);
#1054=LINE('',#2453,#1161);
#1055=LINE('',#2455,#1162);
#1056=LINE('',#2458,#1163);
#1057=LINE('',#2460,#1164);
#1058=LINE('',#2462,#1165);
#1059=LINE('',#2464,#1166);
#1060=LINE('',#2467,#1167);
#1061=LINE('',#2468,#1168);
#1062=LINE('',#2470,#1169);
#1063=LINE('',#2473,#1170);
#1064=LINE('',#2475,#1171);
#1065=LINE('',#2477,#1172);
#1066=LINE('',#2486,#1173);
#1067=LINE('',#2510,#1174);
#1068=LINE('',#2512,#1175);
#1069=LINE('',#2514,#1176);
#1070=LINE('',#2521,#1177);
#1071=LINE('',#2524,#1178);
#1072=LINE('',#2530,#1179);
#1073=LINE('',#2533,#1180);
#1074=LINE('',#2546,#1181);
#1075=LINE('',#2561,#1182);
#1076=LINE('',#2575,#1183);
#1077=LINE('',#2578,#1184);
#1078=LINE('',#2580,#1185);
#1079=LINE('',#2582,#1186);
#1080=LINE('',#2584,#1187);
#1081=LINE('',#2586,#1188);
#1082=LINE('',#2588,#1189);
#1083=LINE('',#2590,#1190);
#1084=LINE('',#2593,#1191);
#1085=LINE('',#2594,#1192);
#1086=LINE('',#2608,#1193);
#1087=LINE('',#2610,#1194);
#1088=LINE('',#2612,#1195);
#1089=LINE('',#2626,#1196);
#1090=LINE('',#2628,#1197);
#1091=LINE('',#2630,#1198);
#1092=LINE('',#2632,#1199);
#1093=LINE('',#2634,#1200);
#1094=LINE('',#2636,#1201);
#1095=LINE('',#2850,#1202);
#1096=LINE('',#2857,#1203);
#1097=LINE('',#2864,#1204);
#1098=LINE('',#2866,#1205);
#1099=LINE('',#2874,#1206);
#1100=LINE('',#2881,#1207);
#1101=LINE('',#2888,#1208);
#1102=LINE('',#2896,#1209);
#1103=LINE('',#2903,#1210);
#1104=LINE('',#2910,#1211);
#1105=LINE('',#2918,#1212);
#1106=LINE('',#2925,#1213);
#1107=VECTOR('',#1791,1.);
#1108=VECTOR('',#1792,1.);
#1109=VECTOR('',#1793,1.);
#1110=VECTOR('',#1794,1.);
#1111=VECTOR('',#1795,1.);
#1112=VECTOR('',#1798,1.);
#1113=VECTOR('',#1801,1.);
#1114=VECTOR('',#1804,1.);
#1115=VECTOR('',#1809,1.);
#1116=VECTOR('',#1810,1.);
#1117=VECTOR('',#1811,1.);
#1118=VECTOR('',#1812,1.);
#1119=VECTOR('',#1815,1.);
#1120=VECTOR('',#1822,1.);
#1121=VECTOR('',#1823,1.);
#1122=VECTOR('',#1824,1.);
#1123=VECTOR('',#1827,1.);
#1124=VECTOR('',#1834,1.);
#1125=VECTOR('',#1835,1.);
#1126=VECTOR('',#1836,1.);
#1127=VECTOR('',#1839,1.);
#1128=VECTOR('',#1846,1.);
#1129=VECTOR('',#1847,1.);
#1130=VECTOR('',#1848,1.);
#1131=VECTOR('',#1857,1.);
#1132=VECTOR('',#1858,1.);
#1133=VECTOR('',#1859,1.);
#1134=VECTOR('',#1860,1.);
#1135=VECTOR('',#1863,1.);
#1136=VECTOR('',#1864,1.);
#1137=VECTOR('',#1865,1.);
#1138=VECTOR('',#1866,1.);
#1139=VECTOR('',#1867,1.);
#1140=VECTOR('',#1868,1.);
#1141=VECTOR('',#1869,1.);
#1142=VECTOR('',#1870,1.);
#1143=VECTOR('',#1871,1.);
#1144=VECTOR('',#1872,1.);
#1145=VECTOR('',#1875,1.);
#1146=VECTOR('',#1876,1.);
#1147=VECTOR('',#1877,1.);
#1148=VECTOR('',#1878,1.);
#1149=VECTOR('',#1881,1.);
#1150=VECTOR('',#1882,1.);
#1151=VECTOR('',#1883,1.);
#1152=VECTOR('',#1886,1.);
#1153=VECTOR('',#1887,1.);
#1154=VECTOR('',#1888,1.);
#1155=VECTOR('',#1889,1.);
#1156=VECTOR('',#1890,1.);
#1157=VECTOR('',#1891,1.);
#1158=VECTOR('',#1894,1.);
#1159=VECTOR('',#1895,1.);
#1160=VECTOR('',#1896,1.);
#1161=VECTOR('',#1897,1.);
#1162=VECTOR('',#1900,1.);
#1163=VECTOR('',#1901,1.);
#1164=VECTOR('',#1902,1.);
#1165=VECTOR('',#1903,1.);
#1166=VECTOR('',#1906,1.);
#1167=VECTOR('',#1907,1.);
#1168=VECTOR('',#1908,1.);
#1169=VECTOR('',#1911,1.);
#1170=VECTOR('',#1912,1.);
#1171=VECTOR('',#1913,1.);
#1172=VECTOR('',#1914,1.);
#1173=VECTOR('',#1915,1.);
#1174=VECTOR('',#1918,1.);
#1175=VECTOR('',#1919,1.);
#1176=VECTOR('',#1920,1.);
#1177=VECTOR('',#1923,1.);
#1178=VECTOR('',#1924,1.);
#1179=VECTOR('',#1927,1.);
#1180=VECTOR('',#1928,1.);
#1181=VECTOR('',#1929,1.);
#1182=VECTOR('',#1930,1.);
#1183=VECTOR('',#1933,1.);
#1184=VECTOR('',#1934,1.);
#1185=VECTOR('',#1935,1.);
#1186=VECTOR('',#1936,1.);
#1187=VECTOR('',#1939,1.);
#1188=VECTOR('',#1940,1.);
#1189=VECTOR('',#1941,1.);
#1190=VECTOR('',#1944,1.);
#1191=VECTOR('',#1945,1.);
#1192=VECTOR('',#1946,1.);
#1193=VECTOR('',#1949,1.);
#1194=VECTOR('',#1950,1.);
#1195=VECTOR('',#1951,1.);
#1196=VECTOR('',#1952,1.);
#1197=VECTOR('',#1953,1.);
#1198=VECTOR('',#1954,1.);
#1199=VECTOR('',#1955,1.);
#1200=VECTOR('',#1956,1.);
#1201=VECTOR('',#1957,1.);
#1202=VECTOR('',#2134,1.);
#1203=VECTOR('',#2135,1.);
#1204=VECTOR('',#2136,1.);
#1205=VECTOR('',#2139,1.);
#1206=VECTOR('',#2142,1.);
#1207=VECTOR('',#2143,1.);
#1208=VECTOR('',#2146,1.);
#1209=VECTOR('',#2149,1.);
#1210=VECTOR('',#2150,1.);
#1211=VECTOR('',#2153,1.);
#1212=VECTOR('',#2156,1.);
#1213=VECTOR('',#2157,1.);
#1214=EDGE_LOOP('',(#196,#197,#198,#199));
#1215=EDGE_LOOP('',(#200,#201,#202,#203,#204,#205,#206,#207));
#1216=EDGE_LOOP('',(#208,#209,#210,#211));
#1217=EDGE_LOOP('',(#212,#213,#214,#215));
#1218=EDGE_LOOP('',(#216,#217,#218,#219));
#1219=EDGE_LOOP('',(#220,#221,#222,#223));
#1220=EDGE_LOOP('',(#224,#225,#226,#227));
#1221=EDGE_LOOP('',(#228,#229,#230,#231));
#1222=EDGE_LOOP('',(#232,#233,#234,#235));
#1223=EDGE_LOOP('',(#236,#237,#238,#239));
#1224=EDGE_LOOP('',(#240,#241,#242,#243));
#1225=EDGE_LOOP('',(#244,#245,#246,#247,#248,#249,#250,#251));
#1226=EDGE_LOOP('',(#252,#253,#254,#255,#256,#257,#258,#259,#260,#261));
#1227=EDGE_LOOP('',(#262,#263,#264,#265));
#1228=EDGE_LOOP('',(#266,#267,#268,#269));
#1229=EDGE_LOOP('',(#270,#271,#272,#273));
#1230=EDGE_LOOP('',(#274,#275,#276,#277));
#1231=EDGE_LOOP('',(#278,#279,#280,#281));
#1232=EDGE_LOOP('',(#282,#283,#284,#285));
#1233=EDGE_LOOP('',(#286,#287,#288,#289));
#1234=EDGE_LOOP('',(#290,#291,#292,#293));
#1235=EDGE_LOOP('',(#294,#295,#296,#297));
#1236=EDGE_LOOP('',(#298,#299,#300,#301));
#1237=EDGE_LOOP('',(#302,#303,#304,#305,#306));
#1238=EDGE_LOOP('',(#307,#308,#309,#310,#311));
#1239=EDGE_LOOP('',(#312,#313,#314,#315));
#1240=EDGE_LOOP('',(#316,#317,#318,#319));
#1241=EDGE_LOOP('',(#320,#321,#322,#323));
#1242=EDGE_LOOP('',(#324,#325,#326,#327));
#1243=EDGE_LOOP('',(#328,#329,#330,#331));
#1244=EDGE_LOOP('',(#332,#333,#334,#335,#336,#337,#338,#339,#340,#341,#342));
#1245=EDGE_LOOP('',(#343,#344,#345,#346,#347,#348,#349,#350,#351,#352,#353,
#354,#355,#356));
#1246=EDGE_LOOP('',(#357));
#1247=EDGE_LOOP('',(#358));
#1248=EDGE_LOOP('',(#359));
#1249=EDGE_LOOP('',(#360));
#1250=EDGE_LOOP('',(#361,#362,#363,#364,#365,#366,#367,#368,#369,#370,#371,
#372,#373,#374));
#1251=EDGE_LOOP('',(#375,#376,#377,#378));
#1252=EDGE_LOOP('',(#379,#380,#381,#382));
#1253=EDGE_LOOP('',(#383,#384,#385,#386));
#1254=EDGE_LOOP('',(#387,#388,#389,#390));
#1255=EDGE_LOOP('',(#391,#392,#393,#394));
#1256=EDGE_LOOP('',(#395,#396,#397,#398));
#1257=EDGE_LOOP('',(#399));
#1258=EDGE_LOOP('',(#400));
#1259=EDGE_LOOP('',(#401));
#1260=EDGE_LOOP('',(#402));
#1261=EDGE_LOOP('',(#403));
#1262=EDGE_LOOP('',(#404));
#1263=EDGE_LOOP('',(#405));
#1264=EDGE_LOOP('',(#406));
#1265=EDGE_LOOP('',(#407));
#1266=EDGE_LOOP('',(#408));
#1267=EDGE_LOOP('',(#409));
#1268=EDGE_LOOP('',(#410));
#1269=EDGE_LOOP('',(#411));
#1270=EDGE_LOOP('',(#412));
#1271=EDGE_LOOP('',(#413));
#1272=EDGE_LOOP('',(#414));
#1273=EDGE_LOOP('',(#415));
#1274=EDGE_LOOP('',(#416));
#1275=EDGE_LOOP('',(#417));
#1276=EDGE_LOOP('',(#418));
#1277=EDGE_LOOP('',(#419));
#1278=EDGE_LOOP('',(#420));
#1279=EDGE_LOOP('',(#421));
#1280=EDGE_LOOP('',(#422));
#1281=EDGE_LOOP('',(#423));
#1282=EDGE_LOOP('',(#424));
#1283=EDGE_LOOP('',(#425));
#1284=EDGE_LOOP('',(#426));
#1285=EDGE_LOOP('',(#427,#428,#429,#430));
#1286=EDGE_LOOP('',(#431,#432,#433,#434));
#1287=EDGE_LOOP('',(#435,#436,#437,#438));
#1288=EDGE_LOOP('',(#439,#440,#441,#442));
#1289=EDGE_LOOP('',(#443,#444,#445,#446));
#1290=EDGE_LOOP('',(#447,#448,#449,#450));
#1291=EDGE_LOOP('',(#451,#452,#453,#454,#455,#456));
#1292=EDGE_LOOP('',(#457,#458,#459,#460));
#1293=EDGE_LOOP('',(#461,#462,#463));
#1294=EDGE_LOOP('',(#464,#465,#466,#467));
#1295=EDGE_LOOP('',(#468,#469,#470));
#1296=EDGE_LOOP('',(#471,#472,#473,#474));
#1297=EDGE_LOOP('',(#475,#476,#477));
#1298=EDGE_LOOP('',(#478,#479,#480,#481));
#1299=EDGE_LOOP('',(#482,#483,#484,#485));
#1300=EDGE_LOOP('',(#486,#487,#488));
#1301=EDGE_LOOP('',(#489,#490,#491,#492));
#1302=EDGE_LOOP('',(#493,#494,#495,#496,#497));
#1303=EDGE_LOOP('',(#498,#499,#500,#501,#502,#503));
#1304=EDGE_LOOP('',(#504,#505,#506,#507));
#1305=EDGE_LOOP('',(#508,#509,#510,#511,#512,#513));
#1306=EDGE_LOOP('',(#514,#515,#516,#517));
#1307=EDGE_LOOP('',(#518,#519,#520,#521,#522,#523));
#1308=EDGE_LOOP('',(#524,#525,#526,#527));
#1309=EDGE_LOOP('',(#528,#529,#530,#531,#532,#533));
#1310=EDGE_LOOP('',(#534,#535,#536,#537));
#1311=EDGE_LOOP('',(#538,#539,#540,#541));
#1312=EDGE_LOOP('',(#542,#543,#544,#545,#546,#547));
#1313=EDGE_LOOP('',(#548,#549,#550,#551,#552,#553));
#1314=EDGE_LOOP('',(#554,#555,#556,#557));
#1315=EDGE_LOOP('',(#558,#559,#560,#561));
#1316=EDGE_LOOP('',(#562,#563,#564,#565,#566,#567));
#1317=EDGE_LOOP('',(#568,#569,#570,#571,#572,#573));
#1318=EDGE_LOOP('',(#574,#575,#576,#577));
#1319=EDGE_LOOP('',(#578,#579,#580,#581));
#1320=EDGE_LOOP('',(#582,#583,#584,#585));
#1321=EDGE_LOOP('',(#586,#587,#588));
#1322=EDGE_LOOP('',(#589,#590,#591,#592));
#1323=EDGE_LOOP('',(#593,#594,#595));
#1324=EDGE_LOOP('',(#596,#597,#598,#599));
#1325=EDGE_LOOP('',(#600,#601,#602));
#1326=EDGE_LOOP('',(#603,#604,#605,#606));
#1327=EDGE_LOOP('',(#607,#608,#609,#610));
#1328=EDGE_LOOP('',(#611,#612,#613));
#1329=EDGE_LOOP('',(#614,#615,#616,#617));
#1330=EDGE_LOOP('',(#618,#619,#620,#621));
#1331=EDGE_LOOP('',(#622,#623,#624));
#1332=EDGE_LOOP('',(#625,#626,#627,#628));
#1333=EDGE_LOOP('',(#629,#630,#631,#632));
#1334=EDGE_LOOP('',(#633,#634,#635,#636));
#1335=EDGE_LOOP('',(#637,#638,#639));
#1336=FACE_BOUND('',#1214,.T.);
#1337=FACE_BOUND('',#1215,.T.);
#1338=FACE_BOUND('',#1216,.T.);
#1339=FACE_BOUND('',#1217,.T.);
#1340=FACE_BOUND('',#1218,.T.);
#1341=FACE_BOUND('',#1219,.T.);
#1342=FACE_BOUND('',#1220,.T.);
#1343=FACE_BOUND('',#1221,.T.);
#1344=FACE_BOUND('',#1222,.T.);
#1345=FACE_BOUND('',#1223,.T.);
#1346=FACE_BOUND('',#1224,.T.);
#1347=FACE_BOUND('',#1225,.T.);
#1348=FACE_BOUND('',#1226,.T.);
#1349=FACE_BOUND('',#1227,.T.);
#1350=FACE_BOUND('',#1228,.T.);
#1351=FACE_BOUND('',#1229,.T.);
#1352=FACE_BOUND('',#1230,.T.);
#1353=FACE_BOUND('',#1231,.T.);
#1354=FACE_BOUND('',#1232,.T.);
#1355=FACE_BOUND('',#1233,.T.);
#1356=FACE_BOUND('',#1234,.T.);
#1357=FACE_BOUND('',#1235,.T.);
#1358=FACE_BOUND('',#1236,.T.);
#1359=FACE_BOUND('',#1237,.T.);
#1360=FACE_BOUND('',#1238,.T.);
#1361=FACE_BOUND('',#1239,.T.);
#1362=FACE_BOUND('',#1240,.T.);
#1363=FACE_BOUND('',#1241,.T.);
#1364=FACE_BOUND('',#1242,.T.);
#1365=FACE_BOUND('',#1243,.T.);
#1366=FACE_BOUND('',#1244,.T.);
#1367=FACE_BOUND('',#1245,.T.);
#1368=FACE_BOUND('',#1246,.T.);
#1369=FACE_BOUND('',#1247,.T.);
#1370=FACE_BOUND('',#1248,.T.);
#1371=FACE_BOUND('',#1249,.T.);
#1372=FACE_BOUND('',#1250,.T.);
#1373=FACE_BOUND('',#1251,.T.);
#1374=FACE_BOUND('',#1252,.T.);
#1375=FACE_BOUND('',#1253,.T.);
#1376=FACE_BOUND('',#1254,.T.);
#1377=FACE_BOUND('',#1255,.T.);
#1378=FACE_BOUND('',#1256,.T.);
#1379=FACE_BOUND('',#1257,.T.);
#1380=FACE_BOUND('',#1258,.T.);
#1381=FACE_BOUND('',#1259,.T.);
#1382=FACE_BOUND('',#1260,.T.);
#1383=FACE_BOUND('',#1261,.T.);
#1384=FACE_BOUND('',#1262,.T.);
#1385=FACE_BOUND('',#1263,.T.);
#1386=FACE_BOUND('',#1264,.T.);
#1387=FACE_BOUND('',#1265,.T.);
#1388=FACE_BOUND('',#1266,.T.);
#1389=FACE_BOUND('',#1267,.T.);
#1390=FACE_BOUND('',#1268,.T.);
#1391=FACE_BOUND('',#1269,.T.);
#1392=FACE_BOUND('',#1270,.T.);
#1393=FACE_BOUND('',#1271,.T.);
#1394=FACE_BOUND('',#1272,.T.);
#1395=FACE_BOUND('',#1273,.T.);
#1396=FACE_BOUND('',#1274,.T.);
#1397=FACE_BOUND('',#1275,.T.);
#1398=FACE_BOUND('',#1276,.T.);
#1399=FACE_BOUND('',#1277,.T.);
#1400=FACE_BOUND('',#1278,.T.);
#1401=FACE_BOUND('',#1279,.T.);
#1402=FACE_BOUND('',#1280,.T.);
#1403=FACE_BOUND('',#1281,.T.);
#1404=FACE_BOUND('',#1282,.T.);
#1405=FACE_BOUND('',#1283,.T.);
#1406=FACE_BOUND('',#1284,.T.);
#1407=FACE_BOUND('',#1285,.T.);
#1408=FACE_BOUND('',#1286,.T.);
#1409=FACE_BOUND('',#1287,.T.);
#1410=FACE_BOUND('',#1288,.T.);
#1411=FACE_BOUND('',#1289,.T.);
#1412=FACE_BOUND('',#1290,.T.);
#1413=FACE_BOUND('',#1291,.T.);
#1414=FACE_BOUND('',#1292,.T.);
#1415=FACE_BOUND('',#1293,.T.);
#1416=FACE_BOUND('',#1294,.T.);
#1417=FACE_BOUND('',#1295,.T.);
#1418=FACE_BOUND('',#1296,.T.);
#1419=FACE_BOUND('',#1297,.T.);
#1420=FACE_BOUND('',#1298,.T.);
#1421=FACE_BOUND('',#1299,.T.);
#1422=FACE_BOUND('',#1300,.T.);
#1423=FACE_BOUND('',#1301,.T.);
#1424=FACE_BOUND('',#1302,.T.);
#1425=FACE_BOUND('',#1303,.T.);
#1426=FACE_BOUND('',#1304,.T.);
#1427=FACE_BOUND('',#1305,.T.);
#1428=FACE_BOUND('',#1306,.T.);
#1429=FACE_BOUND('',#1307,.T.);
#1430=FACE_BOUND('',#1308,.T.);
#1431=FACE_BOUND('',#1309,.T.);
#1432=FACE_BOUND('',#1310,.T.);
#1433=FACE_BOUND('',#1311,.T.);
#1434=FACE_BOUND('',#1312,.T.);
#1435=FACE_BOUND('',#1313,.T.);
#1436=FACE_BOUND('',#1314,.T.);
#1437=FACE_BOUND('',#1315,.T.);
#1438=FACE_BOUND('',#1316,.T.);
#1439=FACE_BOUND('',#1317,.T.);
#1440=FACE_BOUND('',#1318,.T.);
#1441=FACE_BOUND('',#1319,.T.);
#1442=FACE_BOUND('',#1320,.T.);
#1443=FACE_BOUND('',#1321,.T.);
#1444=FACE_BOUND('',#1322,.T.);
#1445=FACE_BOUND('',#1323,.T.);
#1446=FACE_BOUND('',#1324,.T.);
#1447=FACE_BOUND('',#1325,.T.);
#1448=FACE_BOUND('',#1326,.T.);
#1449=FACE_BOUND('',#1327,.T.);
#1450=FACE_BOUND('',#1328,.T.);
#1451=FACE_BOUND('',#1329,.T.);
#1452=FACE_BOUND('',#1330,.T.);
#1453=FACE_BOUND('',#1331,.T.);
#1454=FACE_BOUND('',#1332,.T.);
#1455=FACE_BOUND('',#1333,.T.);
#1456=FACE_BOUND('',#1334,.T.);
#1457=FACE_BOUND('',#1335,.T.);
#1458=PLANE('',#1608);
#1459=PLANE('',#1613);
#1460=PLANE('',#1617);
#1461=PLANE('',#1621);
#1462=PLANE('',#1625);
#1463=PLANE('',#1629);
#1464=PLANE('',#1630);
#1465=PLANE('',#1631);
#1466=PLANE('',#1632);
#1467=PLANE('',#1633);
#1468=PLANE('',#1634);
#1469=PLANE('',#1635);
#1470=PLANE('',#1636);
#1471=PLANE('',#1637);
#1472=PLANE('',#1638);
#1473=PLANE('',#1639);
#1474=PLANE('',#1640);
#1475=PLANE('',#1641);
#1476=PLANE('',#1642);
#1477=PLANE('',#1643);
#1478=PLANE('',#1644);
#1479=PLANE('',#1651);
#1480=PLANE('',#1683);
#1481=PLANE('',#1684);
#1482=PLANE('',#1690);
#1483=PLANE('',#1691);
#1484=PLANE('',#1697);
#1485=PLANE('',#1698);
#1486=PLANE('',#1704);
#1487=PLANE('',#1705);
#1488=PLANE('',#1732);
#1489=PLANE('',#1734);
#1490=PLANE('',#1736);
#1491=PLANE('',#1738);
#1492=ADVANCED_FACE('',(#1336,#1337),#1458,.F.);
#1493=ADVANCED_FACE('',(#1338),#1459,.F.);
#1494=ADVANCED_FACE('',(#1339),#65,.F.);
#1495=ADVANCED_FACE('',(#1340),#1460,.T.);
#1496=ADVANCED_FACE('',(#1341),#66,.F.);
#1497=ADVANCED_FACE('',(#1342),#1461,.T.);
#1498=ADVANCED_FACE('',(#1343),#67,.F.);
#1499=ADVANCED_FACE('',(#1344),#1462,.F.);
#1500=ADVANCED_FACE('',(#1345),#68,.F.);
#1501=ADVANCED_FACE('',(#1346,#1347),#1463,.F.);
#1502=ADVANCED_FACE('',(#1348),#1464,.F.);
#1503=ADVANCED_FACE('',(#1349),#30,.T.);
#1504=ADVANCED_FACE('',(#1350),#1465,.F.);
#1505=ADVANCED_FACE('',(#1351),#1466,.T.);
#1506=ADVANCED_FACE('',(#1352),#1467,.F.);
#1507=ADVANCED_FACE('',(#1353),#31,.T.);
#1508=ADVANCED_FACE('',(#1354),#1468,.F.);
#1509=ADVANCED_FACE('',(#1355),#1469,.T.);
#1510=ADVANCED_FACE('',(#1356),#1470,.F.);
#1511=ADVANCED_FACE('',(#1357),#1471,.F.);
#1512=ADVANCED_FACE('',(#1358),#32,.T.);
#1513=ADVANCED_FACE('',(#1359),#1472,.T.);
#1514=ADVANCED_FACE('',(#1360),#1473,.F.);
#1515=ADVANCED_FACE('',(#1361),#1474,.F.);
#1516=ADVANCED_FACE('',(#1362),#33,.F.);
#1517=ADVANCED_FACE('',(#1363),#1475,.T.);
#1518=ADVANCED_FACE('',(#1364),#1476,.T.);
#1519=ADVANCED_FACE('',(#1365),#1477,.T.);
#1520=ADVANCED_FACE('',(#1366,#1367),#1478,.T.);
#1521=ADVANCED_FACE('',(#1368,#1369,#1370,#1371,#1372),#1479,.T.);
#1522=ADVANCED_FACE('',(#1373),#69,.T.);
#1523=ADVANCED_FACE('',(#1374),#70,.T.);
#1524=ADVANCED_FACE('',(#1375),#71,.T.);
#1525=ADVANCED_FACE('',(#1376),#72,.T.);
#1526=ADVANCED_FACE('',(#1377),#73,.T.);
#1527=ADVANCED_FACE('',(#1378),#74,.T.);
#1528=ADVANCED_FACE('',(#1379,#1380),#75,.F.);
#1529=ADVANCED_FACE('',(#1381,#1382),#76,.T.);
#1530=ADVANCED_FACE('',(#1383,#1384),#1480,.T.);
#1531=ADVANCED_FACE('',(#1385),#1481,.T.);
#1532=ADVANCED_FACE('',(#1386,#1387),#77,.F.);
#1533=ADVANCED_FACE('',(#1388,#1389),#78,.T.);
#1534=ADVANCED_FACE('',(#1390,#1391),#1482,.T.);
#1535=ADVANCED_FACE('',(#1392),#1483,.T.);
#1536=ADVANCED_FACE('',(#1393,#1394),#79,.F.);
#1537=ADVANCED_FACE('',(#1395,#1396),#80,.T.);
#1538=ADVANCED_FACE('',(#1397,#1398),#1484,.T.);
#1539=ADVANCED_FACE('',(#1399),#1485,.T.);
#1540=ADVANCED_FACE('',(#1400,#1401),#81,.F.);
#1541=ADVANCED_FACE('',(#1402,#1403),#82,.T.);
#1542=ADVANCED_FACE('',(#1404,#1405),#1486,.T.);
#1543=ADVANCED_FACE('',(#1406),#1487,.T.);
#1544=ADVANCED_FACE('',(#1407),#83,.F.);
#1545=ADVANCED_FACE('',(#1408),#84,.F.);
#1546=ADVANCED_FACE('',(#1409),#85,.F.);
#1547=ADVANCED_FACE('',(#1410),#86,.F.);
#1548=ADVANCED_FACE('',(#1411),#87,.F.);
#1549=ADVANCED_FACE('',(#1412),#88,.F.);
#1550=ADVANCED_FACE('',(#1413),#26,.T.);
#1551=ADVANCED_FACE('',(#1414),#89,.T.);
#1552=ADVANCED_FACE('',(#1415),#16,.T.);
#1553=ADVANCED_FACE('',(#1416),#90,.T.);
#1554=ADVANCED_FACE('',(#1417),#17,.T.);
#1555=ADVANCED_FACE('',(#1418),#91,.T.);
#1556=ADVANCED_FACE('',(#1419),#18,.T.);
#1557=ADVANCED_FACE('',(#1420),#92,.T.);
#1558=ADVANCED_FACE('',(#1421),#93,.T.);
#1559=ADVANCED_FACE('',(#1422),#19,.T.);
#1560=ADVANCED_FACE('',(#1423),#94,.T.);
#1561=ADVANCED_FACE('',(#1424),#27,.T.);
#1562=ADVANCED_FACE('',(#1425),#1488,.T.);
#1563=ADVANCED_FACE('',(#1426),#95,.F.);
#1564=ADVANCED_FACE('',(#1427),#1489,.T.);
#1565=ADVANCED_FACE('',(#1428),#96,.F.);
#1566=ADVANCED_FACE('',(#1429),#1490,.F.);
#1567=ADVANCED_FACE('',(#1430),#97,.F.);
#1568=ADVANCED_FACE('',(#1431),#1491,.F.);
#1569=ADVANCED_FACE('',(#1432),#98,.F.);
#1570=ADVANCED_FACE('',(#1433),#99,.T.);
#1571=ADVANCED_FACE('',(#1434),#12,.T.);
#1572=ADVANCED_FACE('',(#1435),#13,.T.);
#1573=ADVANCED_FACE('',(#1436),#100,.T.);
#1574=ADVANCED_FACE('',(#1437),#101,.T.);
#1575=ADVANCED_FACE('',(#1438),#14,.T.);
#1576=ADVANCED_FACE('',(#1439),#15,.T.);
#1577=ADVANCED_FACE('',(#1440),#102,.T.);
#1578=ADVANCED_FACE('',(#1441),#28,.T.);
#1579=ADVANCED_FACE('',(#1442),#103,.T.);
#1580=ADVANCED_FACE('',(#1443),#20,.T.);
#1581=ADVANCED_FACE('',(#1444),#104,.T.);
#1582=ADVANCED_FACE('',(#1445),#21,.T.);
#1583=ADVANCED_FACE('',(#1446),#105,.T.);
#1584=ADVANCED_FACE('',(#1447),#22,.T.);
#1585=ADVANCED_FACE('',(#1448),#106,.T.);
#1586=ADVANCED_FACE('',(#1449),#107,.T.);
#1587=ADVANCED_FACE('',(#1450),#23,.T.);
#1588=ADVANCED_FACE('',(#1451),#108,.T.);
#1589=ADVANCED_FACE('',(#1452),#29,.T.);
#1590=ADVANCED_FACE('',(#1453),#24,.T.);
#1591=ADVANCED_FACE('',(#1454),#109,.T.);
#1592=ADVANCED_FACE('',(#1455),#110,.T.);
#1593=ADVANCED_FACE('',(#1456),#111,.T.);
#1594=ADVANCED_FACE('',(#1457),#25,.T.);
#1595=CLOSED_SHELL('',(#1492,#1493,#1494,#1495,#1496,#1497,#1498,#1499,
#1500,#1501,#1502,#1503,#1504,#1505,#1506,#1507,#1508,#1509,#1510,#1511,
#1512,#1513,#1514,#1515,#1516,#1517,#1518,#1519,#1520,#1521,#1522,#1523,
#1524,#1525,#1526,#1527,#1528,#1529,#1530,#1531,#1532,#1533,#1534,#1535,
#1536,#1537,#1538,#1539,#1540,#1541,#1542,#1543,#1544,#1545,#1546,#1547,
#1548,#1549,#1550,#1551,#1552,#1553,#1554,#1555,#1556,#1557,#1558,#1559,
#1560,#1561,#1562,#1563,#1564,#1565,#1566,#1567,#1568,#1569,#1570,#1571,
#1572,#1573,#1574,#1575,#1576,#1577,#1578,#1579,#1580,#1581,#1582,#1583,
#1584,#1585,#1586,#1587,#1588,#1589,#1590,#1591,#1592,#1593,#1594));
#1596=STYLED_ITEM('',(#1597),#1604);
#1597=PRESENTATION_STYLE_ASSIGNMENT((#1598));
#1598=SURFACE_STYLE_USAGE(.BOTH.,#1599);
#1599=SURFACE_SIDE_STYLE('',(#1600));
#1600=SURFACE_STYLE_FILL_AREA(#1601);
#1601=FILL_AREA_STYLE('',(#1602));
#1602=FILL_AREA_STYLE_COLOUR('',#1603);
#1603=COLOUR_RGB('',0.498039215686275,0.498039215686275,0.498039215686275);
#1604=MANIFOLD_SOLID_BREP('Part 1',#1595);
#1605=SHAPE_DEFINITION_REPRESENTATION(#3064,#1606);
#1606=SHAPE_REPRESENTATION('Part 1',(#1607),#3059);
#1607=AXIS2_PLACEMENT_3D('',#2254,#1787,#1788);
#1608=AXIS2_PLACEMENT_3D('',#2255,#1789,#1790);
#1609=AXIS2_PLACEMENT_3D('',#2267,#1796,#1797);
#1610=AXIS2_PLACEMENT_3D('',#2271,#1799,#1800);
#1611=AXIS2_PLACEMENT_3D('',#2275,#1802,#1803);
#1612=AXIS2_PLACEMENT_3D('',#2279,#1805,#1806);
#1613=AXIS2_PLACEMENT_3D('',#2280,#1807,#1808);
#1614=AXIS2_PLACEMENT_3D('',#2289,#1813,#1814);
#1615=AXIS2_PLACEMENT_3D('',#2293,#1816,#1817);
#1616=AXIS2_PLACEMENT_3D('',#2294,#1818,#1819);
#1617=AXIS2_PLACEMENT_3D('',#2295,#1820,#1821);
#1618=AXIS2_PLACEMENT_3D('',#2301,#1825,#1826);
#1619=AXIS2_PLACEMENT_3D('',#2305,#1828,#1829);
#1620=AXIS2_PLACEMENT_3D('',#2306,#1830,#1831);
#1621=AXIS2_PLACEMENT_3D('',#2307,#1832,#1833);
#1622=AXIS2_PLACEMENT_3D('',#2313,#1837,#1838);
#1623=AXIS2_PLACEMENT_3D('',#2317,#1840,#1841);
#1624=AXIS2_PLACEMENT_3D('',#2318,#1842,#1843);
#1625=AXIS2_PLACEMENT_3D('',#2319,#1844,#1845);
#1626=AXIS2_PLACEMENT_3D('',#2325,#1849,#1850);
#1627=AXIS2_PLACEMENT_3D('',#2326,#1851,#1852);
#1628=AXIS2_PLACEMENT_3D('',#2327,#1853,#1854);
#1629=AXIS2_PLACEMENT_3D('',#2328,#1855,#1856);
#1630=AXIS2_PLACEMENT_3D('',#2337,#1861,#1862);
#1631=AXIS2_PLACEMENT_3D('',#2401,#1873,#1874);
#1632=AXIS2_PLACEMENT_3D('',#2410,#1879,#1880);
#1633=AXIS2_PLACEMENT_3D('',#2416,#1884,#1885);
#1634=AXIS2_PLACEMENT_3D('',#2445,#1892,#1893);
#1635=AXIS2_PLACEMENT_3D('',#2454,#1898,#1899);
#1636=AXIS2_PLACEMENT_3D('',#2463,#1904,#1905);
#1637=AXIS2_PLACEMENT_3D('',#2469,#1909,#1910);
#1638=AXIS2_PLACEMENT_3D('',#2509,#1916,#1917);
#1639=AXIS2_PLACEMENT_3D('',#2520,#1921,#1922);
#1640=AXIS2_PLACEMENT_3D('',#2529,#1925,#1926);
#1641=AXIS2_PLACEMENT_3D('',#2574,#1931,#1932);
#1642=AXIS2_PLACEMENT_3D('',#2583,#1937,#1938);
#1643=AXIS2_PLACEMENT_3D('',#2589,#1942,#1943);
#1644=AXIS2_PLACEMENT_3D('',#2595,#1947,#1948);
#1645=AXIS2_PLACEMENT_3D('',#2637,#1958,#1959);
#1646=AXIS2_PLACEMENT_3D('',#2638,#1960,#1961);
#1647=AXIS2_PLACEMENT_3D('',#2639,#1962,#1963);
#1648=AXIS2_PLACEMENT_3D('',#2640,#1964,#1965);
#1649=AXIS2_PLACEMENT_3D('',#2641,#1966,#1967);
#1650=AXIS2_PLACEMENT_3D('',#2642,#1968,#1969);
#1651=AXIS2_PLACEMENT_3D('',#2643,#1970,#1971);
#1652=AXIS2_PLACEMENT_3D('',#2644,#1972,#1973);
#1653=AXIS2_PLACEMENT_3D('',#2646,#1974,#1975);
#1654=AXIS2_PLACEMENT_3D('',#2648,#1976,#1977);
#1655=AXIS2_PLACEMENT_3D('',#2650,#1978,#1979);
#1656=AXIS2_PLACEMENT_3D('',#2652,#1980,#1981);
#1657=AXIS2_PLACEMENT_3D('',#2653,#1982,#1983);
#1658=AXIS2_PLACEMENT_3D('',#2654,#1984,#1985);
#1659=AXIS2_PLACEMENT_3D('',#2655,#1986,#1987);
#1660=AXIS2_PLACEMENT_3D('',#2656,#1988,#1989);
#1661=AXIS2_PLACEMENT_3D('',#2657,#1990,#1991);
#1662=AXIS2_PLACEMENT_3D('',#2658,#1992,#1993);
#1663=AXIS2_PLACEMENT_3D('',#2659,#1994,#1995);
#1664=AXIS2_PLACEMENT_3D('',#2660,#1996,#1997);
#1665=AXIS2_PLACEMENT_3D('',#2661,#1998,#1999);
#1666=AXIS2_PLACEMENT_3D('',#2662,#2000,#2001);
#1667=AXIS2_PLACEMENT_3D('',#2667,#2002,#2003);
#1668=AXIS2_PLACEMENT_3D('',#2668,#2004,#2005);
#1669=AXIS2_PLACEMENT_3D('',#2673,#2006,#2007);
#1670=AXIS2_PLACEMENT_3D('',#2674,#2008,#2009);
#1671=AXIS2_PLACEMENT_3D('',#2675,#2010,#2011);
#1672=AXIS2_PLACEMENT_3D('',#2676,#2012,#2013);
#1673=AXIS2_PLACEMENT_3D('',#2677,#2014,#2015);
#1674=AXIS2_PLACEMENT_3D('',#2678,#2016,#2017);
#1675=AXIS2_PLACEMENT_3D('',#2679,#2018,#2019);
#1676=AXIS2_PLACEMENT_3D('',#2680,#2020,#2021);
#1677=AXIS2_PLACEMENT_3D('',#2681,#2022,#2023);
#1678=AXIS2_PLACEMENT_3D('',#2682,#2024,#2025);
#1679=AXIS2_PLACEMENT_3D('',#2683,#2026,#2027);
#1680=AXIS2_PLACEMENT_3D('',#2685,#2028,#2029);
#1681=AXIS2_PLACEMENT_3D('',#2687,#2030,#2031);
#1682=AXIS2_PLACEMENT_3D('',#2688,#2032,#2033);
#1683=AXIS2_PLACEMENT_3D('',#2690,#2034,#2035);
#1684=AXIS2_PLACEMENT_3D('',#2691,#2036,#2037);
#1685=AXIS2_PLACEMENT_3D('',#2692,#2038,#2039);
#1686=AXIS2_PLACEMENT_3D('',#2693,#2040,#2041);
#1687=AXIS2_PLACEMENT_3D('',#2695,#2042,#2043);
#1688=AXIS2_PLACEMENT_3D('',#2697,#2044,#2045);
#1689=AXIS2_PLACEMENT_3D('',#2698,#2046,#2047);
#1690=AXIS2_PLACEMENT_3D('',#2700,#2048,#2049);
#1691=AXIS2_PLACEMENT_3D('',#2701,#2050,#2051);
#1692=AXIS2_PLACEMENT_3D('',#2702,#2052,#2053);
#1693=AXIS2_PLACEMENT_3D('',#2703,#2054,#2055);
#1694=AXIS2_PLACEMENT_3D('',#2705,#2056,#2057);
#1695=AXIS2_PLACEMENT_3D('',#2707,#2058,#2059);
#1696=AXIS2_PLACEMENT_3D('',#2708,#2060,#2061);
#1697=AXIS2_PLACEMENT_3D('',#2710,#2062,#2063);
#1698=AXIS2_PLACEMENT_3D('',#2711,#2064,#2065);
#1699=AXIS2_PLACEMENT_3D('',#2712,#2066,#2067);
#1700=AXIS2_PLACEMENT_3D('',#2713,#2068,#2069);
#1701=AXIS2_PLACEMENT_3D('',#2715,#2070,#2071);
#1702=AXIS2_PLACEMENT_3D('',#2717,#2072,#2073);
#1703=AXIS2_PLACEMENT_3D('',#2718,#2074,#2075);
#1704=AXIS2_PLACEMENT_3D('',#2720,#2076,#2077);
#1705=AXIS2_PLACEMENT_3D('',#2721,#2078,#2079);
#1706=AXIS2_PLACEMENT_3D('',#2722,#2080,#2081);
#1707=AXIS2_PLACEMENT_3D('',#2723,#2082,#2083);
#1708=AXIS2_PLACEMENT_3D('',#2724,#2084,#2085);
#1709=AXIS2_PLACEMENT_3D('',#2725,#2086,#2087);
#1710=AXIS2_PLACEMENT_3D('',#2726,#2088,#2089);
#1711=AXIS2_PLACEMENT_3D('',#2727,#2090,#2091);
#1712=AXIS2_PLACEMENT_3D('',#2781,#2092,#2093);
#1713=AXIS2_PLACEMENT_3D('',#2782,#2094,#2095);
#1714=AXIS2_PLACEMENT_3D('',#2783,#2096,#2097);
#1715=AXIS2_PLACEMENT_3D('',#2784,#2098,#2099);
#1716=AXIS2_PLACEMENT_3D('',#2785,#2100,#2101);
#1717=AXIS2_PLACEMENT_3D('',#2786,#2102,#2103);
#1718=AXIS2_PLACEMENT_3D('',#2787,#2104,#2105);
#1719=AXIS2_PLACEMENT_3D('',#2788,#2106,#2107);
#1720=AXIS2_PLACEMENT_3D('',#2789,#2108,#2109);
#1721=AXIS2_PLACEMENT_3D('',#2790,#2110,#2111);
#1722=AXIS2_PLACEMENT_3D('',#2791,#2112,#2113);
#1723=AXIS2_PLACEMENT_3D('',#2792,#2114,#2115);
#1724=AXIS2_PLACEMENT_3D('',#2793,#2116,#2117);
#1725=AXIS2_PLACEMENT_3D('',#2794,#2118,#2119);
#1726=AXIS2_PLACEMENT_3D('',#2795,#2120,#2121);
#1727=AXIS2_PLACEMENT_3D('',#2796,#2122,#2123);
#1728=AXIS2_PLACEMENT_3D('',#2797,#2124,#2125);
#1729=AXIS2_PLACEMENT_3D('',#2798,#2126,#2127);
#1730=AXIS2_PLACEMENT_3D('',#2799,#2128,#2129);
#1731=AXIS2_PLACEMENT_3D('',#2800,#2130,#2131);
#1732=AXIS2_PLACEMENT_3D('',#2849,#2132,#2133);
#1733=AXIS2_PLACEMENT_3D('',#2865,#2137,#2138);
#1734=AXIS2_PLACEMENT_3D('',#2873,#2140,#2141);
#1735=AXIS2_PLACEMENT_3D('',#2887,#2144,#2145);
#1736=AXIS2_PLACEMENT_3D('',#2895,#2147,#2148);
#1737=AXIS2_PLACEMENT_3D('',#2909,#2151,#2152);
#1738=AXIS2_PLACEMENT_3D('',#2917,#2154,#2155);
#1739=AXIS2_PLACEMENT_3D('',#2931,#2158,#2159);
#1740=AXIS2_PLACEMENT_3D('',#2937,#2160,#2161);
#1741=AXIS2_PLACEMENT_3D('',#2938,#2162,#2163);
#1742=AXIS2_PLACEMENT_3D('',#2939,#2164,#2165);
#1743=AXIS2_PLACEMENT_3D('',#2940,#2166,#2167);
#1744=AXIS2_PLACEMENT_3D('',#2941,#2168,#2169);
#1745=AXIS2_PLACEMENT_3D('',#2942,#2170,#2171);
#1746=AXIS2_PLACEMENT_3D('',#2943,#2172,#2173);
#1747=AXIS2_PLACEMENT_3D('',#2944,#2174,#2175);
#1748=AXIS2_PLACEMENT_3D('',#2945,#2176,#2177);
#1749=AXIS2_PLACEMENT_3D('',#2946,#2178,#2179);
#1750=AXIS2_PLACEMENT_3D('',#2947,#2180,#2181);
#1751=AXIS2_PLACEMENT_3D('',#2948,#2182,#2183);
#1752=AXIS2_PLACEMENT_3D('',#2949,#2184,#2185);
#1753=AXIS2_PLACEMENT_3D('',#2950,#2186,#2187);
#1754=AXIS2_PLACEMENT_3D('',#2951,#2188,#2189);
#1755=AXIS2_PLACEMENT_3D('',#2952,#2190,#2191);
#1756=AXIS2_PLACEMENT_3D('',#2986,#2192,#2193);
#1757=AXIS2_PLACEMENT_3D('',#2992,#2194,#2195);
#1758=AXIS2_PLACEMENT_3D('',#2993,#2196,#2197);
#1759=AXIS2_PLACEMENT_3D('',#2994,#2198,#2199);
#1760=AXIS2_PLACEMENT_3D('',#2995,#2200,#2201);
#1761=AXIS2_PLACEMENT_3D('',#2996,#2202,#2203);
#1762=AXIS2_PLACEMENT_3D('',#2997,#2204,#2205);
#1763=AXIS2_PLACEMENT_3D('',#2998,#2206,#2207);
#1764=AXIS2_PLACEMENT_3D('',#2999,#2208,#2209);
#1765=AXIS2_PLACEMENT_3D('',#3000,#2210,#2211);
#1766=AXIS2_PLACEMENT_3D('',#3001,#2212,#2213);
#1767=AXIS2_PLACEMENT_3D('',#3002,#2214,#2215);
#1768=AXIS2_PLACEMENT_3D('',#3003,#2216,#2217);
#1769=AXIS2_PLACEMENT_3D('',#3004,#2218,#2219);
#1770=AXIS2_PLACEMENT_3D('',#3005,#2220,#2221);
#1771=AXIS2_PLACEMENT_3D('',#3006,#2222,#2223);
#1772=AXIS2_PLACEMENT_3D('',#3007,#2224,#2225);
#1773=AXIS2_PLACEMENT_3D('',#3008,#2226,#2227);
#1774=AXIS2_PLACEMENT_3D('',#3009,#2228,#2229);
#1775=AXIS2_PLACEMENT_3D('',#3010,#2230,#2231);
#1776=AXIS2_PLACEMENT_3D('',#3011,#2232,#2233);
#1777=AXIS2_PLACEMENT_3D('',#3048,#2234,#2235);
#1778=AXIS2_PLACEMENT_3D('',#3049,#2236,#2237);
#1779=AXIS2_PLACEMENT_3D('',#3050,#2238,#2239);
#1780=AXIS2_PLACEMENT_3D('',#3051,#2240,#2241);
#1781=AXIS2_PLACEMENT_3D('',#3052,#2242,#2243);
#1782=AXIS2_PLACEMENT_3D('',#3053,#2244,#2245);
#1783=AXIS2_PLACEMENT_3D('',#3054,#2246,#2247);
#1784=AXIS2_PLACEMENT_3D('',#3055,#2248,#2249);
#1785=AXIS2_PLACEMENT_3D('',#3056,#2250,#2251);
#1786=AXIS2_PLACEMENT_3D('',#3057,#2252,#2253);
#1787=DIRECTION('',(0.,0.,1.));
#1788=DIRECTION('',(1.,0.,0.));
#1789=DIRECTION('',(-0.00100828361951328,0.,-0.999999491681942));
#1790=DIRECTION('',(-0.999999491681942,0.,0.00100828361951328));
#1791=DIRECTION('',(0.999999491681942,0.,-0.00100828361951328));
#1792=DIRECTION('',(0.,-1.,0.));
#1793=DIRECTION('',(0.999999491681942,0.,-0.00100828361951328));
#1794=DIRECTION('',(0.,-1.,0.));
#1795=DIRECTION('',(0.,1.,0.));
#1796=DIRECTION('',(0.00100828361951328,0.,0.999999491681942));
#1797=DIRECTION('',(0.999999491681942,0.,-0.00100828361951328));
#1798=DIRECTION('',(-0.999999491681942,0.,0.00100828361951328));
#1799=DIRECTION('',(0.00100828361951328,0.,0.999999491681942));
#1800=DIRECTION('',(0.999999491681942,0.,-0.00100828361951328));
#1801=DIRECTION('',(0.,1.,0.));
#1802=DIRECTION('',(0.00100828361951328,0.,0.999999491681942));
#1803=DIRECTION('',(0.999999491681942,0.,-0.00100828361951328));
#1804=DIRECTION('',(-0.999999491681942,-1.33440267382831E-16,0.00100828361951328));
#1805=DIRECTION('',(0.00100828361951328,0.,0.999999491681942));
#1806=DIRECTION('',(0.999999491681942,0.,-0.00100828361951328));
#1807=DIRECTION('',(0.,1.,0.));
#1808=DIRECTION('',(1.,0.,0.));
#1809=DIRECTION('',(-0.00100828361951332,0.,-0.999999491681942));
#1810=DIRECTION('',(0.999999491681942,0.,-0.00100828361951328));
#1811=DIRECTION('',(-0.00100828361951332,0.,-0.999999491681942));
#1812=DIRECTION('',(0.999999491681942,0.,-0.00100828361951332));
#1813=DIRECTION('',(-0.00100828361951332,0.,-0.999999491681942));
#1814=DIRECTION('',(-0.999999491681942,0.,0.00100828361951332));
#1815=DIRECTION('',(-0.00100828361951332,0.,-0.999999491681942));
#1816=DIRECTION('',(0.00100828361951328,0.,0.999999491681942));
#1817=DIRECTION('',(0.999999491681942,0.,-0.00100828361951328));
#1818=DIRECTION('',(-0.00100828361951332,0.,-0.999999491681942));
#1819=DIRECTION('',(-0.999999491681942,0.,0.00100828361951332));
#1820=DIRECTION('',(-0.999999491681942,0.,0.00100828361951332));
#1821=DIRECTION('',(0.00100828361951332,0.,0.999999491681942));
#1822=DIRECTION('',(-0.00100828361951332,0.,-0.999999491681942));
#1823=DIRECTION('',(0.,1.,0.));
#1824=DIRECTION('',(0.,1.,0.));
#1825=DIRECTION('',(-0.00100828361951332,0.,-0.999999491681942));
#1826=DIRECTION('',(-0.999999491681942,0.,0.00100828361951332));
#1827=DIRECTION('',(-0.00100828361951332,0.,-0.999999491681942));
#1828=DIRECTION('',(0.00100828361951328,0.,0.999999491681942));
#1829=DIRECTION('',(0.999999491681942,0.,-0.00100828361951328));
#1830=DIRECTION('',(-0.00100828361951332,0.,-0.999999491681942));
#1831=DIRECTION('',(-0.999999491681942,0.,0.00100828361951332));
#1832=DIRECTION('',(-1.3989698340206E-16,1.,1.41055908484889E-19));
#1833=DIRECTION('',(1.,1.3989698340206E-16,0.));
#1834=DIRECTION('',(-0.00100828361951332,0.,-0.999999491681942));
#1835=DIRECTION('',(0.999999491681942,1.39897054514259E-16,-0.00100828361951328));
#1836=DIRECTION('',(0.999999491681942,1.39897054514259E-16,-0.00100828361951332));
#1837=DIRECTION('',(-0.00100828361951332,0.,-0.999999491681942));
#1838=DIRECTION('',(-0.999999491681942,0.,0.00100828361951332));
#1839=DIRECTION('',(-0.00100828361951332,0.,-0.999999491681942));
#1840=DIRECTION('',(0.00100828361951328,0.,0.999999491681942));
#1841=DIRECTION('',(0.999999491681942,0.,-0.00100828361951328));
#1842=DIRECTION('',(-0.00100828361951332,0.,-0.999999491681942));
#1843=DIRECTION('',(-0.999999491681942,0.,0.00100828361951332));
#1844=DIRECTION('',(-0.999999491681942,0.,0.00100828361951332));
#1845=DIRECTION('',(0.00100828361951332,0.,0.999999491681942));
#1846=DIRECTION('',(-0.00100828361951332,0.,-0.999999491681942));
#1847=DIRECTION('',(0.,1.,0.));
#1848=DIRECTION('',(0.,1.,0.));
#1849=DIRECTION('',(-0.00100828361951332,0.,-0.999999491681942));
#1850=DIRECTION('',(-0.999999491681942,0.,0.00100828361951332));
#1851=DIRECTION('',(0.00100828361951328,0.,0.999999491681942));
#1852=DIRECTION('',(0.999999491681942,0.,-0.00100828361951328));
#1853=DIRECTION('',(-0.00100828361951332,0.,-0.999999491681942));
#1854=DIRECTION('',(-0.999999491681942,0.,0.00100828361951332));
#1855=DIRECTION('',(0.00100828361951332,0.,0.999999491681942));
#1856=DIRECTION('',(0.999999491681942,0.,-0.00100828361951332));
#1857=DIRECTION('',(0.,-1.,0.));
#1858=DIRECTION('',(-0.999999491681942,0.,0.00100828361951332));
#1859=DIRECTION('',(0.,-1.,0.));
#1860=DIRECTION('',(-0.999999491681942,0.,0.00100828361951332));
#1861=DIRECTION('',(0.,1.,0.));
#1862=DIRECTION('',(1.,0.,0.));
#1863=DIRECTION('',(-1.,0.,0.));
#1864=DIRECTION('',(0.999999999106863,0.,-4.22643277927375E-5));
#1865=DIRECTION('',(4.22643277952416E-5,0.,0.999999999106863));
#1866=DIRECTION('',(0.,0.,-1.));
#1867=DIRECTION('',(-0.999999491681942,0.,0.00100828361951332));
#1868=DIRECTION('',(-0.00100828361951317,0.,-0.999999491681942));
#1869=DIRECTION('',(-1.,0.,-5.78241158658933E-15));
#1870=DIRECTION('',(0.999999999999915,0.,4.12752096745673E-7));
#1871=DIRECTION('',(0.,-1.,0.));
#1872=DIRECTION('',(0.,-1.,0.));
#1873=DIRECTION('',(1.,0.,-9.30877708362713E-16));
#1874=DIRECTION('',(-9.30877708362713E-16,0.,-1.));
#1875=DIRECTION('',(9.30877708362713E-16,0.,1.));
#1876=DIRECTION('',(0.,-1.,0.));
#1877=DIRECTION('',(9.30877708362713E-16,0.,1.));
#1878=DIRECTION('',(0.,-1.,0.));
#1879=DIRECTION('',(-0.999999491681942,0.,0.00100828361951355));
#1880=DIRECTION('',(0.00100828361951355,0.,0.999999491681942));
#1881=DIRECTION('',(-0.00100828361951355,0.,-0.999999491681942));
#1882=DIRECTION('',(0.,-1.,0.));
#1883=DIRECTION('',(-0.00100828361951355,0.,-0.999999491681942));
#1884=DIRECTION('',(-0.999999491681942,0.,0.00100828361951355));
#1885=DIRECTION('',(0.00100828361951355,0.,0.999999491681942));
#1886=DIRECTION('',(-0.00100828361951355,0.,-0.999999491681942));
#1887=DIRECTION('',(0.,-1.,0.));
#1888=DIRECTION('',(-0.00100828361951355,0.,-0.999999491681942));
#1889=DIRECTION('',(0.,-1.,0.));
#1890=DIRECTION('',(0.,-1.,0.));
#1891=DIRECTION('',(0.,-1.,0.));
#1892=DIRECTION('',(-0.999999491681942,0.,0.00100828361951317));
#1893=DIRECTION('',(0.00100828361951317,0.,0.999999491681942));
#1894=DIRECTION('',(0.,-1.,0.));
#1895=DIRECTION('',(-0.00100828361951317,0.,-0.999999491681942));
#1896=DIRECTION('',(0.,-1.,0.));
#1897=DIRECTION('',(-0.00100828361951317,0.,-0.999999491681942));
#1898=DIRECTION('',(-1.,0.,0.));
#1899=DIRECTION('',(0.,1.,0.));
#1900=DIRECTION('',(0.,-1.,0.));
#1901=DIRECTION('',(0.,0.,-1.));
#1902=DIRECTION('',(0.,-1.,0.));
#1903=DIRECTION('',(0.,0.,-1.));
#1904=DIRECTION('',(0.999999999106863,0.,-4.22643277952416E-5));
#1905=DIRECTION('',(-4.22643277952416E-5,0.,-0.999999999106863));
#1906=DIRECTION('',(0.,-1.,0.));
#1907=DIRECTION('',(4.22643277952416E-5,0.,0.999999999106863));
#1908=DIRECTION('',(4.22643277952416E-5,0.,0.999999999106863));
#1909=DIRECTION('',(-4.22643277927375E-5,0.,-0.999999999106863));
#1910=DIRECTION('',(-0.999999999106863,0.,4.22643277927375E-5));
#1911=DIRECTION('',(0.,-1.,0.));
#1912=DIRECTION('',(0.999999999106863,0.,-4.22643277927375E-5));
#1913=DIRECTION('',(0.,-1.,0.));
#1914=DIRECTION('',(0.999999999106863,0.,-4.22643277927375E-5));
#1915=DIRECTION('',(0.,-1.,0.));
#1916=DIRECTION('',(0.,0.,1.));
#1917=DIRECTION('',(0.,-1.,0.));
#1918=DIRECTION('',(0.,-1.,0.));
#1919=DIRECTION('',(-1.,0.,0.));
#1920=DIRECTION('',(0.,-1.,0.));
#1921=DIRECTION('',(4.12752096745673E-7,0.,-0.999999999999915));
#1922=DIRECTION('',(-0.999999999999915,0.,-4.12752096745673E-7));
#1923=DIRECTION('',(0.,-1.,0.));
#1924=DIRECTION('',(0.999999999999915,0.,4.12752096745673E-7));
#1925=DIRECTION('',(0.,0.,-1.));
#1926=DIRECTION('',(0.,1.,0.));
#1927=DIRECTION('',(0.,-1.,0.));
#1928=DIRECTION('',(-1.,0.,0.));
#1929=DIRECTION('',(0.,-1.,0.));
#1930=DIRECTION('',(0.,-1.,0.));
#1931=DIRECTION('',(0.,0.,-1.));
#1932=DIRECTION('',(0.,1.,0.));
#1933=DIRECTION('',(-1.,0.,0.));
#1934=DIRECTION('',(0.,1.,0.));
#1935=DIRECTION('',(1.,0.,0.));
#1936=DIRECTION('',(0.,1.,0.));
#1937=DIRECTION('',(1.,0.,0.));
#1938=DIRECTION('',(0.,-1.,0.));
#1939=DIRECTION('',(0.,0.,1.));
#1940=DIRECTION('',(0.,1.,0.));
#1941=DIRECTION('',(0.,0.,-1.));
#1942=DIRECTION('',(-5.78241158658933E-15,0.,1.));
#1943=DIRECTION('',(1.,0.,5.78241158658933E-15));
#1944=DIRECTION('',(0.,-1.,0.));
#1945=DIRECTION('',(-1.,0.,-5.78241158658933E-15));
#1946=DIRECTION('',(-1.,0.,-5.78241158658933E-15));
#1947=DIRECTION('',(0.,1.,0.));
#1948=DIRECTION('',(1.,0.,0.));
#1949=DIRECTION('',(-1.,0.,0.));
#1950=DIRECTION('',(0.999999999999915,0.,4.12752096745673E-7));
#1951=DIRECTION('',(-1.,0.,0.));
#1952=DIRECTION('',(-1.,0.,-5.78241158658933E-15));
#1953=DIRECTION('',(-0.00100828361951317,0.,-0.999999491681942));
#1954=DIRECTION('',(-0.999999491681942,0.,0.00100828361951332));
#1955=DIRECTION('',(0.,0.,-1.));
#1956=DIRECTION('',(4.22643277952416E-5,0.,0.999999999106863));
#1957=DIRECTION('',(0.999999999106863,0.,-4.22643277927375E-5));
#1958=DIRECTION('',(0.,1.,0.));
#1959=DIRECTION('',(1.,0.,0.));
#1960=DIRECTION('',(0.,1.,0.));
#1961=DIRECTION('',(1.,0.,0.));
#1962=DIRECTION('',(0.,1.,0.));
#1963=DIRECTION('',(1.,0.,0.));
#1964=DIRECTION('',(0.,1.,0.));
#1965=DIRECTION('',(1.,0.,0.));
#1966=DIRECTION('',(0.,1.,0.));
#1967=DIRECTION('',(1.,0.,0.));
#1968=DIRECTION('',(0.,1.,0.));
#1969=DIRECTION('',(1.,0.,0.));
#1970=DIRECTION('',(0.,1.,0.));
#1971=DIRECTION('',(1.,0.,0.));
#1972=DIRECTION('',(0.,1.,0.));
#1973=DIRECTION('',(1.,0.,0.));
#1974=DIRECTION('',(0.,1.,0.));
#1975=DIRECTION('',(1.,0.,0.));
#1976=DIRECTION('',(0.,1.,0.));
#1977=DIRECTION('',(1.,0.,0.));
#1978=DIRECTION('',(0.,1.,0.));
#1979=DIRECTION('',(1.,0.,0.));
#1980=DIRECTION('',(0.,1.,0.));
#1981=DIRECTION('',(1.,0.,0.));
#1982=DIRECTION('',(0.,1.,0.));
#1983=DIRECTION('',(1.,0.,0.));
#1984=DIRECTION('',(0.,1.,0.));
#1985=DIRECTION('',(1.,0.,0.));
#1986=DIRECTION('',(0.,1.,0.));
#1987=DIRECTION('',(1.,0.,0.));
#1988=DIRECTION('',(0.,1.,0.));
#1989=DIRECTION('',(1.,0.,0.));
#1990=DIRECTION('',(0.,1.,0.));
#1991=DIRECTION('',(1.,0.,0.));
#1992=DIRECTION('',(0.,-1.,0.));
#1993=DIRECTION('',(-1.,0.,0.));
#1994=DIRECTION('',(0.,-1.,0.));
#1995=DIRECTION('',(-1.,0.,0.));
#1996=DIRECTION('',(0.,-1.,0.));
#1997=DIRECTION('',(-1.,0.,0.));
#1998=DIRECTION('',(0.,-1.,0.));
#1999=DIRECTION('',(-1.,0.,0.));
#2000=DIRECTION('',(0.,-1.,0.));
#2001=DIRECTION('',(-1.,0.,0.));
#2002=DIRECTION('',(0.,-1.,0.));
#2003=DIRECTION('',(-1.,0.,0.));
#2004=DIRECTION('',(0.,-1.,0.));
#2005=DIRECTION('',(-1.,0.,0.));
#2006=DIRECTION('',(0.,1.,0.));
#2007=DIRECTION('',(1.,0.,0.));
#2008=DIRECTION('',(0.,1.,0.));
#2009=DIRECTION('',(1.,0.,0.));
#2010=DIRECTION('',(0.,1.,0.));
#2011=DIRECTION('',(1.,0.,0.));
#2012=DIRECTION('',(0.,-1.,0.));
#2013=DIRECTION('',(-1.,0.,0.));
#2014=DIRECTION('',(0.,-1.,0.));
#2015=DIRECTION('',(-1.,0.,0.));
#2016=DIRECTION('',(0.,-1.,0.));
#2017=DIRECTION('',(-1.,0.,0.));
#2018=DIRECTION('',(0.,1.,0.));
#2019=DIRECTION('',(1.,0.,0.));
#2020=DIRECTION('',(0.,1.,0.));
#2021=DIRECTION('',(1.,0.,0.));
#2022=DIRECTION('',(0.,1.,0.));
#2023=DIRECTION('',(1.,0.,0.));
#2024=DIRECTION('',(0.,-1.,0.));
#2025=DIRECTION('',(-1.,0.,0.));
#2026=DIRECTION('',(0.,1.,0.));
#2027=DIRECTION('',(1.,0.,0.));
#2028=DIRECTION('',(0.,1.,0.));
#2029=DIRECTION('',(1.,0.,0.));
#2030=DIRECTION('',(0.,-1.,0.));
#2031=DIRECTION('',(-1.,0.,0.));
#2032=DIRECTION('',(0.,1.,0.));
#2033=DIRECTION('',(1.,0.,0.));
#2034=DIRECTION('',(0.,1.,0.));
#2035=DIRECTION('',(1.,0.,0.));
#2036=DIRECTION('',(0.,1.,0.));
#2037=DIRECTION('',(1.,0.,0.));
#2038=DIRECTION('',(0.,-1.,0.));
#2039=DIRECTION('',(-1.,0.,0.));
#2040=DIRECTION('',(0.,1.,0.));
#2041=DIRECTION('',(1.,0.,0.));
#2042=DIRECTION('',(0.,1.,0.));
#2043=DIRECTION('',(1.,0.,0.));
#2044=DIRECTION('',(0.,-1.,0.));
#2045=DIRECTION('',(-1.,0.,0.));
#2046=DIRECTION('',(0.,1.,0.));
#2047=DIRECTION('',(1.,0.,0.));
#2048=DIRECTION('',(0.,1.,0.));
#2049=DIRECTION('',(1.,0.,0.));
#2050=DIRECTION('',(0.,1.,0.));
#2051=DIRECTION('',(1.,0.,0.));
#2052=DIRECTION('',(0.,-1.,0.));
#2053=DIRECTION('',(-1.,0.,0.));
#2054=DIRECTION('',(0.,1.,0.));
#2055=DIRECTION('',(1.,0.,0.));
#2056=DIRECTION('',(0.,1.,0.));
#2057=DIRECTION('',(1.,0.,0.));
#2058=DIRECTION('',(0.,-1.,0.));
#2059=DIRECTION('',(-1.,0.,0.));
#2060=DIRECTION('',(0.,1.,0.));
#2061=DIRECTION('',(1.,0.,0.));
#2062=DIRECTION('',(0.,1.,0.));
#2063=DIRECTION('',(1.,0.,0.));
#2064=DIRECTION('',(0.,1.,0.));
#2065=DIRECTION('',(1.,0.,0.));
#2066=DIRECTION('',(0.,-1.,0.));
#2067=DIRECTION('',(-1.,0.,0.));
#2068=DIRECTION('',(0.,1.,0.));
#2069=DIRECTION('',(1.,0.,0.));
#2070=DIRECTION('',(0.,1.,0.));
#2071=DIRECTION('',(1.,0.,0.));
#2072=DIRECTION('',(0.,-1.,0.));
#2073=DIRECTION('',(-1.,0.,0.));
#2074=DIRECTION('',(0.,1.,0.));
#2075=DIRECTION('',(1.,0.,0.));
#2076=DIRECTION('',(0.,1.,0.));
#2077=DIRECTION('',(1.,0.,0.));
#2078=DIRECTION('',(0.,1.,0.));
#2079=DIRECTION('',(1.,0.,0.));
#2080=DIRECTION('',(0.,-1.,0.));
#2081=DIRECTION('',(-1.,0.,0.));
#2082=DIRECTION('',(0.,-1.,0.));
#2083=DIRECTION('',(-1.,0.,0.));
#2084=DIRECTION('',(0.,-1.,0.));
#2085=DIRECTION('',(-1.,0.,0.));
#2086=DIRECTION('',(0.,-1.,0.));
#2087=DIRECTION('',(-1.,0.,0.));
#2088=DIRECTION('',(0.,-1.,0.));
#2089=DIRECTION('',(-1.,0.,0.));
#2090=DIRECTION('',(0.,1.,0.));
#2091=DIRECTION('',(1.,0.,0.));
#2092=DIRECTION('',(1.,0.,5.78241158658933E-15));
#2093=DIRECTION('',(5.78241158658933E-15,0.,-1.));
#2094=DIRECTION('',(1.,0.,0.));
#2095=DIRECTION('',(0.,-1.,0.));
#2096=DIRECTION('',(0.,1.,0.));
#2097=DIRECTION('',(1.,0.,0.));
#2098=DIRECTION('',(-0.00100828361951355,0.,-0.999999491681942));
#2099=DIRECTION('',(-0.999999491681942,0.,0.00100828361951355));
#2100=DIRECTION('',(-0.00100828361951317,0.,-0.999999491681942));
#2101=DIRECTION('',(-0.999999491681942,0.,0.00100828361951317));
#2102=DIRECTION('',(-0.00100828361951355,0.,-0.999999491681942));
#2103=DIRECTION('',(-0.999999491681942,0.,0.00100828361951355));
#2104=DIRECTION('',(0.,1.,0.));
#2105=DIRECTION('',(1.,0.,0.));
#2106=DIRECTION('',(-0.999999491681942,0.,0.00100828361951355));
#2107=DIRECTION('',(0.00100828361951355,0.,0.999999491681942));
#2108=DIRECTION('',(-0.999999491681942,0.,0.00100828361951332));
#2109=DIRECTION('',(0.00100828361951332,0.,0.999999491681942));
#2110=DIRECTION('',(-0.999999491681942,0.,0.00100828361951355));
#2111=DIRECTION('',(0.00100828361951355,0.,0.999999491681942));
#2112=DIRECTION('',(0.,1.,0.));
#2113=DIRECTION('',(1.,0.,0.));
#2114=DIRECTION('',(0.,0.,1.));
#2115=DIRECTION('',(0.,-1.,0.));
#2116=DIRECTION('',(0.,0.,1.));
#2117=DIRECTION('',(0.,-1.,0.));
#2118=DIRECTION('',(0.,-4.22643277567245E-5,0.999999999106863));
#2119=DIRECTION('',(0.,-0.999999999106863,-4.22643277567245E-5));
#2120=DIRECTION('',(4.22643277952416E-5,0.,0.999999999106863));
#2121=DIRECTION('',(0.999999999106863,0.,-4.22643277952416E-5));
#2122=DIRECTION('',(4.22643277944721E-5,3.46944694885492E-15,0.999999999106863));
#2123=DIRECTION('',(0.999999999106863,0.,-4.22643277944721E-5));
#2124=DIRECTION('',(0.,1.,0.));
#2125=DIRECTION('',(1.,0.,0.));
#2126=DIRECTION('',(0.999999999106863,0.,-4.22643277875334E-5));
#2127=DIRECTION('',(-4.22643277875334E-5,0.,-0.999999999106863));
#2128=DIRECTION('',(0.999999999106863,0.,-4.22643277927375E-5));
#2129=DIRECTION('',(-4.22643277927375E-5,0.,-0.999999999106863));
#2130=DIRECTION('',(0.999999999106863,1.46633843218826E-19,-4.22643277875334E-5));
#2131=DIRECTION('',(-4.22643277875334E-5,0.,-0.999999999106863));
#2132=DIRECTION('',(0.999999491681942,0.,-0.00100828361951328));
#2133=DIRECTION('',(-0.00100828361951328,0.,-0.999999491681942));
#2134=DIRECTION('',(0.00100828361951328,0.,0.999999491681942));
#2135=DIRECTION('',(0.,-1.,0.));
#2136=DIRECTION('',(0.00100828361951328,0.,0.999999491681942));
#2137=DIRECTION('',(0.00100828361951328,0.,0.999999491681942));
#2138=DIRECTION('',(0.999999491681942,0.,-0.00100828361951328));
#2139=DIRECTION('',(0.00100828361951328,0.,0.999999491681942));
#2140=DIRECTION('',(-1.33440199552734E-16,1.,1.34545635785582E-19));
#2141=DIRECTION('',(1.,1.33440199552734E-16,0.));
#2142=DIRECTION('',(0.00100828361951328,0.,0.999999491681942));
#2143=DIRECTION('',(0.999999491681942,1.39897054514259E-16,-0.00100828361951328));
#2144=DIRECTION('',(0.00100828361951328,0.,0.999999491681942));
#2145=DIRECTION('',(0.999999491681942,0.,-0.00100828361951328));
#2146=DIRECTION('',(0.00100828361951328,0.,0.999999491681942));
#2147=DIRECTION('',(0.999999491681942,0.,-0.00100828361951328));
#2148=DIRECTION('',(-0.00100828361951328,0.,-0.999999491681942));
#2149=DIRECTION('',(0.00100828361951328,0.,0.999999491681942));
#2150=DIRECTION('',(0.,1.,0.));
#2151=DIRECTION('',(0.00100828361951328,0.,0.999999491681942));
#2152=DIRECTION('',(0.999999491681942,0.,-0.00100828361951328));
#2153=DIRECTION('',(0.00100828361951328,0.,0.999999491681942));
#2154=DIRECTION('',(0.,1.,0.));
#2155=DIRECTION('',(1.,0.,0.));
#2156=DIRECTION('',(0.00100828361951328,0.,0.999999491681942));
#2157=DIRECTION('',(-0.999999491681942,0.,0.00100828361951328));
#2158=DIRECTION('',(0.00100828361951328,0.,0.999999491681942));
#2159=DIRECTION('',(0.999999491681942,0.,-0.00100828361951328));
#2160=DIRECTION('',(0.,1.,0.));
#2161=DIRECTION('',(1.,0.,0.));
#2162=DIRECTION('',(0.,1.,0.));
#2163=DIRECTION('',(1.,0.,0.));
#2164=DIRECTION('',(0.,-1.,0.));
#2165=DIRECTION('',(-1.,0.,0.));
#2166=DIRECTION('',(0.00100828361951328,0.,0.999999491681942));
#2167=DIRECTION('',(0.999999491681942,0.,-0.00100828361951328));
#2168=DIRECTION('',(-0.999999491681942,-1.73472259418555E-15,0.00100828361951355));
#2169=DIRECTION('',(0.00100828361951355,0.,0.999999491681942));
#2170=DIRECTION('',(0.00100828361951328,0.,0.999999491681942));
#2171=DIRECTION('',(0.999999491681942,0.,-0.00100828361951328));
#2172=DIRECTION('',(-0.999999491681942,1.73472259418554E-15,0.00100828361951355));
#2173=DIRECTION('',(0.00100828361951355,0.,0.999999491681942));
#2174=DIRECTION('',(0.999999491681942,1.39897054514259E-16,-0.00100828361951328));
#2175=DIRECTION('',(-0.00100828361951328,0.,-0.999999491681942));
#2176=DIRECTION('',(-0.999999491681942,0.,0.00100828361951355));
#2177=DIRECTION('',(0.00100828361951355,0.,0.999999491681942));
#2178=DIRECTION('',(-0.999999491681942,0.,0.00100828361951328));
#2179=DIRECTION('',(0.00100828361951328,0.,0.999999491681942));
#2180=DIRECTION('',(-0.999999491681942,0.,0.00100828361951355));
#2181=DIRECTION('',(0.00100828361951355,0.,0.999999491681942));
#2182=DIRECTION('',(0.00100828361951328,0.,0.999999491681942));
#2183=DIRECTION('',(0.999999491681942,0.,-0.00100828361951328));
#2184=DIRECTION('',(0.,1.,0.));
#2185=DIRECTION('',(1.,0.,0.));
#2186=DIRECTION('',(0.00100828361951328,0.,0.999999491681942));
#2187=DIRECTION('',(0.999999491681942,0.,-0.00100828361951328));
#2188=DIRECTION('',(0.,-1.,0.));
#2189=DIRECTION('',(-1.,0.,0.));
#2190=DIRECTION('',(0.,-1.,0.));
#2191=DIRECTION('',(-1.,0.,0.));
#2192=DIRECTION('',(0.592036347532387,0.,-0.805911262609297));
#2193=DIRECTION('',(-0.805911262609297,0.,-0.592036347532387));
#2194=DIRECTION('',(-1.,0.,-5.78241158658933E-15));
#2195=DIRECTION('',(-5.78241158658933E-15,0.,1.));
#2196=DIRECTION('',(1.,0.,0.));
#2197=DIRECTION('',(0.,-1.,0.));
#2198=DIRECTION('',(0.,1.,0.));
#2199=DIRECTION('',(1.,0.,0.));
#2200=DIRECTION('',(-0.00100828361951355,0.,-0.999999491681942));
#2201=DIRECTION('',(-0.999999491681942,0.,0.00100828361951355));
#2202=DIRECTION('',(0.00100828361951317,0.,0.999999491681942));
#2203=DIRECTION('',(0.999999491681942,0.,-0.00100828361951317));
#2204=DIRECTION('',(-0.00100828361951356,0.,-0.999999491681942));
#2205=DIRECTION('',(-0.999999491681942,0.,0.00100828361951356));
#2206=DIRECTION('',(0.,1.,0.));
#2207=DIRECTION('',(1.,0.,0.));
#2208=DIRECTION('',(-0.999999491681942,0.,0.00100828361951355));
#2209=DIRECTION('',(0.00100828361951355,0.,0.999999491681942));
#2210=DIRECTION('',(0.999999491681942,0.,-0.00100828361951332));
#2211=DIRECTION('',(-0.00100828361951332,0.,-0.999999491681942));
#2212=DIRECTION('',(-0.999999491681942,0.,0.00100828361951355));
#2213=DIRECTION('',(0.00100828361951355,0.,0.999999491681942));
#2214=DIRECTION('',(0.,1.,0.));
#2215=DIRECTION('',(1.,0.,0.));
#2216=DIRECTION('',(0.,0.,1.));
#2217=DIRECTION('',(0.,-1.,0.));
#2218=DIRECTION('',(0.,0.,-1.));
#2219=DIRECTION('',(0.,1.,0.));
#2220=DIRECTION('',(4.22643277567245E-5,0.,0.999999999106863));
#2221=DIRECTION('',(0.999999999106863,0.,-4.22643277567245E-5));
#2222=DIRECTION('',(-4.22643277952416E-5,0.,-0.999999999106863));
#2223=DIRECTION('',(-0.999999999106863,0.,4.22643277952416E-5));
#2224=DIRECTION('',(4.22643277910027E-5,0.,0.999999999106863));
#2225=DIRECTION('',(0.999999999106863,0.,-4.22643277910027E-5));
#2226=DIRECTION('',(0.,1.,0.));
#2227=DIRECTION('',(1.,0.,0.));
#2228=DIRECTION('',(0.999999999106863,0.,-4.22643277875334E-5));
#2229=DIRECTION('',(-4.22643277875334E-5,0.,-0.999999999106863));
#2230=DIRECTION('',(-0.999999999106863,0.,4.22643277927375E-5));
#2231=DIRECTION('',(4.22643277927375E-5,0.,0.999999999106863));
#2232=DIRECTION('',(0.999999999106863,0.,-4.22643277875334E-5));
#2233=DIRECTION('',(-4.22643277875334E-5,0.,-0.999999999106863));
#2234=DIRECTION('',(-0.551880313909199,0.,-0.833923329281226));
#2235=DIRECTION('',(-0.833923329281226,0.,0.551880313909199));
#2236=DIRECTION('',(0.,1.,0.));
#2237=DIRECTION('',(1.,0.,0.));
#2238=DIRECTION('',(-1.,-6.93889390390724E-15,0.));
#2239=DIRECTION('',(-6.93889390390724E-15,1.,0.));
#2240=DIRECTION('',(1.,0.,0.));
#2241=DIRECTION('',(0.,-1.,0.));
#2242=DIRECTION('',(-1.,0.,0.));
#2243=DIRECTION('',(0.,1.,0.));
#2244=DIRECTION('',(-0.999999999999915,0.,-4.12752096745673E-7));
#2245=DIRECTION('',(-4.12752096745673E-7,0.,0.999999999999915));
#2246=DIRECTION('',(-0.99999999999983,-4.12752096390355E-7,-4.12752096390322E-7));
#2247=DIRECTION('',(-4.1275209639039E-7,0.999999999999915,0.));
#2248=DIRECTION('',(-1.,0.,0.));
#2249=DIRECTION('',(0.,1.,0.));
#2250=DIRECTION('',(-1.,0.,0.));
#2251=DIRECTION('',(0.,1.,0.));
#2252=DIRECTION('',(0.,1.,0.));
#2253=DIRECTION('',(1.,0.,0.));
#2254=CARTESIAN_POINT('',(0.,0.,0.));
#2255=CARTESIAN_POINT('',(-2.01656723904098E-6,0.015,-0.0306124226640866));
#2256=CARTESIAN_POINT('',(-2.01656723904098E-6,0.001,-0.0306124226640866));
#2257=CARTESIAN_POINT('',(-0.110502017075557,0.001,-0.0305010072669834));
#2258=CARTESIAN_POINT('',(0.110497983941079,0.001,-0.0307238380611898));
#2259=CARTESIAN_POINT('',(0.110497983941079,0.015,-0.0307238380611898));
#2260=CARTESIAN_POINT('',(0.110497983941079,0.015,-0.0307238380611898));
#2261=CARTESIAN_POINT('',(-2.01656723904098E-6,0.015,-0.0306124226640866));
#2262=CARTESIAN_POINT('',(-0.110502017075557,0.015,-0.0305010072669834));
#2263=CARTESIAN_POINT('',(-0.110502017075557,0.001,-0.0305010072669834));
#2264=CARTESIAN_POINT('',(-0.00452805240461189,0.0083500000023021,-0.0306078591339707));
#2265=CARTESIAN_POINT('',(-0.00452805240461189,0.0080000000023021,-0.0306078591339707));
#2266=CARTESIAN_POINT('',(-0.00452805240461189,0.0087000000023021,-0.0306078591339707));
#2267=CARTESIAN_POINT('',(-0.00327805304000945,0.0087000000023021,-0.0306091194884951));
#2268=CARTESIAN_POINT('',(-0.00327805304000945,0.0099500000023021,-0.0306091194884951));
#2269=CARTESIAN_POINT('',(-2.80546920431459E-5,0.0099500000023021,-0.0306123964102585));
#2270=CARTESIAN_POINT('',(0.00322194365592316,0.0099500000023021,-0.030615673332022));
#2271=CARTESIAN_POINT('',(0.00322194365592316,0.0087000000023021,-0.030615673332022));
#2272=CARTESIAN_POINT('',(0.0044719430205256,0.0087000000023021,-0.0306169336865463));
#2273=CARTESIAN_POINT('',(0.0044719430205256,0.0083500000023021,-0.0306169336865463));
#2274=CARTESIAN_POINT('',(0.0044719430205256,0.0080000000023021,-0.0306169336865463));
#2275=CARTESIAN_POINT('',(0.00322194365592317,0.0080000000023021,-0.030615673332022));
#2276=CARTESIAN_POINT('',(0.00322194365592316,0.0067500000023021,-0.030615673332022));
#2277=CARTESIAN_POINT('',(-2.80546920431459E-5,0.0067500000023021,-0.0306123964102585));
#2278=CARTESIAN_POINT('',(-0.00327805304000945,0.0067500000023021,-0.0306091194884951));
#2279=CARTESIAN_POINT('',(-0.00327805304000945,0.0080000000023021,-0.0306091194884951));
#2280=CARTESIAN_POINT('',(-0.001551226378618,0.0098000000023021,-0.00681084852244066));
#2281=CARTESIAN_POINT('',(0.00309875218095832,0.0098000000023021,-0.00681553702203661));
#2282=CARTESIAN_POINT('',(0.00307389798973732,0.0098000000023021,-0.0314655244919965));
#2283=CARTESIAN_POINT('',(0.00307354509047049,0.0098000000023021,-0.0318155243140852));
#2284=CARTESIAN_POINT('',(-0.00312609885869071,0.0098000000023021,-0.0314592731335555));
#2285=CARTESIAN_POINT('',(-0.00312609885869071,0.0098000000023021,-0.0314592731335555));
#2286=CARTESIAN_POINT('',(-0.0031012446674697,0.0098000000023021,-0.00680928566359563));
#2287=CARTESIAN_POINT('',(-0.00312645175795754,0.0098000000023021,-0.0318092729556442));
#2288=CARTESIAN_POINT('',(-0.00157643346910584,0.0098000000023021,-0.0318108358144892));
#2289=CARTESIAN_POINT('',(0.00309875218095832,0.0085500000023021,-0.00681553702203661));
#2290=CARTESIAN_POINT('',(0.00434875154556076,0.0085500000023021,-0.006816797376561));
#2291=CARTESIAN_POINT('',(0.00432389735433975,0.0085500000023021,-0.0314667848465209));
#2292=CARTESIAN_POINT('',(0.00432354445507293,0.0085500000023021,-0.0318167846686096));
#2293=CARTESIAN_POINT('',(0.00307389798973732,0.0085500000023021,-0.0314655244919965));
#2294=CARTESIAN_POINT('',(0.00307354509047049,0.0085500000023021,-0.0318155243140852));
#2295=CARTESIAN_POINT('',(0.00434875154556076,0.0083500000023021,-0.006816797376561));
#2296=CARTESIAN_POINT('',(0.00434875154556076,0.0081500000023021,-0.006816797376561));
#2297=CARTESIAN_POINT('',(0.00432389735433975,0.0081500000023021,-0.0314667848465209));
#2298=CARTESIAN_POINT('',(0.00432354445507293,0.0081500000023021,-0.0318167846686096));
#2299=CARTESIAN_POINT('',(0.00432389735433975,0.0083500000023021,-0.0314667848465209));
#2300=CARTESIAN_POINT('',(0.00432354445507293,0.0083500000023021,-0.0318167846686096));
#2301=CARTESIAN_POINT('',(0.00309875218095832,0.00815000000230211,-0.00681553702203661));
#2302=CARTESIAN_POINT('',(0.00309875218095832,0.0069000000023021,-0.00681553702203661));
#2303=CARTESIAN_POINT('',(0.00307389798973732,0.0069000000023021,-0.0314655244919965));
#2304=CARTESIAN_POINT('',(0.00307354509047049,0.0069000000023021,-0.0318155243140852));
#2305=CARTESIAN_POINT('',(0.00307389798973732,0.00815000000230211,-0.0314655244919965));
#2306=CARTESIAN_POINT('',(0.00307354509047049,0.00815000000230211,-0.0318155243140852));
#2307=CARTESIAN_POINT('',(-1.24624325569142E-6,0.0069000000023021,-0.00681241134281612));
#2308=CARTESIAN_POINT('',(-0.0031012446674697,0.0069000000023021,-0.00680928566359563));
#2309=CARTESIAN_POINT('',(-0.00312609885869071,0.0069000000023021,-0.0314592731335555));
#2310=CARTESIAN_POINT('',(-0.00312645175795754,0.0069000000023021,-0.0318092729556442));
#2311=CARTESIAN_POINT('',(-2.61004344766939E-5,0.0069000000023021,-0.031462398812776));
#2312=CARTESIAN_POINT('',(-2.64533337435245E-5,0.0069000000023021,-0.0318123986348647));
#2313=CARTESIAN_POINT('',(-0.0031012446674697,0.0081500000023021,-0.00680928566359563));
#2314=CARTESIAN_POINT('',(-0.00435124403207214,0.0081500000023021,-0.00680802530907124));
#2315=CARTESIAN_POINT('',(-0.00437609822329315,0.0081500000023021,-0.0314580127790311));
#2316=CARTESIAN_POINT('',(-0.00437645112255998,0.0081500000023021,-0.0318080126011198));
#2317=CARTESIAN_POINT('',(-0.00312609885869071,0.0081500000023021,-0.0314592731335555));
#2318=CARTESIAN_POINT('',(-0.00312645175795754,0.0081500000023021,-0.0318092729556442));
#2319=CARTESIAN_POINT('',(-0.00435124403207214,0.0083500000023021,-0.00680802530907124));
#2320=CARTESIAN_POINT('',(-0.00435124403207215,0.0085500000023021,-0.00680802530907124));
#2321=CARTESIAN_POINT('',(-0.00437609822329315,0.0085500000023021,-0.0314580127790311));
#2322=CARTESIAN_POINT('',(-0.00437645112255998,0.0085500000023021,-0.0318080126011198));
#2323=CARTESIAN_POINT('',(-0.00437609822329315,0.0081500000023021,-0.0314580127790311));
#2324=CARTESIAN_POINT('',(-0.00437645112255998,0.0083500000023021,-0.0318080126011198));
#2325=CARTESIAN_POINT('',(-0.0031012446674697,0.0085500000023021,-0.00680928566359563));
#2326=CARTESIAN_POINT('',(-0.00312609885869071,0.0085500000023021,-0.0314592731335555));
#2327=CARTESIAN_POINT('',(-0.00312645175795754,0.0085500000023021,-0.0318092729556442));
#2328=CARTESIAN_POINT('',(-2.57744662966741E-5,0.015,-0.0318123993193559));
#2329=CARTESIAN_POINT('',(-0.111703024240877,0.015,-0.0316997969204981));
#2330=CARTESIAN_POINT('',(-0.111703024240877,0.001,-0.0316997969204981));
#2331=CARTESIAN_POINT('',(-0.111703024240877,0.014,-0.0316997969204981));
#2332=CARTESIAN_POINT('',(0.111650467532982,0.014,-0.03192500070209));
#2333=CARTESIAN_POINT('',(0.111650467532982,0.014,-0.03192500070209));
#2334=CARTESIAN_POINT('',(0.111650467532982,0.015,-0.03192500070209));
#2335=CARTESIAN_POINT('',(0.111650467532982,0.001,-0.03192500070209));
#2336=CARTESIAN_POINT('',(-2.57744662966741E-5,0.001,-0.0318123993193559));
#2337=CARTESIAN_POINT('',(-2.36946650586378E-6,0.,0.000136848782026328));
#2338=CARTESIAN_POINT('',(-0.0525935838619729,0.,0.0322000127980774));
#2339=CARTESIAN_POINT('',(-0.0519935838619729,0.,0.0322000127980774));
#2340=CARTESIAN_POINT('',(-0.0520216592895634,0.,0.0322000127980774));
#2341=CARTESIAN_POINT('',(-0.0520216592895634,0.,0.0322000127980774));
#2342=CARTESIAN_POINT('',(-0.0523731501358303,0.,0.0316248077702845));
#2343=CARTESIAN_POINT('',(-0.0530886145224349,-1.22244646174962E-17,0.0304842306767994));
#2344=CARTESIAN_POINT('',(-0.0548021235098145,9.08061880817656E-18,0.0284516366454312));
#2345=CARTESIAN_POINT('',(-0.0573703589383794,-1.08760708136917E-18,0.0262311948543958));
#2346=CARTESIAN_POINT('',(-0.0607488235057101,1.0424199812866E-18,0.0241637184481953));
#2347=CARTESIAN_POINT('',(-0.0655155564105154,5.95143707039569E-18,0.0219475429958094));
#2348=CARTESIAN_POINT('',(-0.0718793876197254,-2.28116225776949E-19,0.019937355682181));
#2349=CARTESIAN_POINT('',(-0.0822831217619798,2.11786916242326E-18,0.0178105529738426));
#2350=CARTESIAN_POINT('',(-0.0955465617289442,1.59539777181446E-18,0.0164872059755356));
#2351=CARTESIAN_POINT('',(-0.106179938157272,0.,0.0162105084747618));
#2352=CARTESIAN_POINT('',(-0.11150004226132,0.,0.0161999472284895));
#2353=CARTESIAN_POINT('',(-0.1115000422654,0.,0.0161999492836998));
#2354=CARTESIAN_POINT('',(-1.69076952682722E-6,0.,0.0161952368808196));
#2355=CARTESIAN_POINT('',(-0.111700042265221,0.,0.0161999577365653));
#2356=CARTESIAN_POINT('',(-0.1117007209622,0.,0.000141569637772346));
#2357=CARTESIAN_POINT('',(-0.111702015957257,0.,-0.0304988313073483));
#2358=CARTESIAN_POINT('',(-0.111702015957257,0.,-0.0306997974288162));
#2359=CARTESIAN_POINT('',(-0.111702015957257,0.,-0.0306997974288162));
#2360=CARTESIAN_POINT('',(-3.35750938221944E-5,0.,-0.0308123909457887));
#2361=CARTESIAN_POINT('',(0.111651475816602,0.,-0.030925001210408));
#2362=CARTESIAN_POINT('',(0.111682681443918,0.,2.42385174070217E-5));
#2363=CARTESIAN_POINT('',(0.11169899120755,0.,0.0162000000051016));
#2364=CARTESIAN_POINT('',(0.1115,0.,0.0162000000051016));
#2365=CARTESIAN_POINT('',(0.111483771470672,0.,0.0162000000051016));
#2366=CARTESIAN_POINT('',(0.111483771470672,0.,0.0162000000051016));
#2367=CARTESIAN_POINT('',(0.10620823281884,0.,0.0163712735800545));
#2368=CARTESIAN_POINT('',(0.09567481624496,1.94426338926231E-18,0.0169363065664466));
#2369=CARTESIAN_POINT('',(0.0826239337521918,1.15848871444167E-18,0.0184640616552159));
#2370=CARTESIAN_POINT('',(0.0722577805894461,1.42899545710035E-18,0.020613093024963));
#2371=CARTESIAN_POINT('',(0.0659226485634554,9.58297920673292E-19,0.0225270991076185));
#2372=CARTESIAN_POINT('',(0.061045077425735,1.89239247231582E-18,0.0246242708964626));
#2373=CARTESIAN_POINT('',(0.058152887579852,-4.80547759573674E-19,0.0262475971450608));
#2374=CARTESIAN_POINT('',(0.0560125138495973,4.38963529371726E-18,0.0277820946311842));
#2375=CARTESIAN_POINT('',(0.0545030685536768,-1.04892835367225E-17,0.0290881682243964));
#2376=CARTESIAN_POINT('',(0.0531286494041143,1.41487319274859E-17,0.0305508704885956));
#2377=CARTESIAN_POINT('',(0.0523726429064562,0.,0.0316478813272006));
#2378=CARTESIAN_POINT('',(0.051997791939576,0.,0.0322000557207358));
#2379=CARTESIAN_POINT('',(0.051997791939576,0.,0.0322000557207358));
#2380=CARTESIAN_POINT('',(6.43330801637643E-6,0.,0.0322000342611935));
#2381=CARTESIAN_POINT('',(0.0522945016544031,0.015,0.0305926454522105));
#2382=CARTESIAN_POINT('',(0.0522945016544031,0.001,0.0305926454522105));
#2383=CARTESIAN_POINT('',(0.0586184741116584,0.015,0.0219974588922721));
#2384=CARTESIAN_POINT('',(0.0586184741116584,0.001,0.0219974588922721));
#2385=CARTESIAN_POINT('',(0.0780317047868467,0.015,0.0171438505746133));
#2386=CARTESIAN_POINT('',(0.0780317047868467,0.001,0.0171438505746133));
#2387=CARTESIAN_POINT('',(0.110534193679968,0.015,0.016031820499234));
#2388=CARTESIAN_POINT('',(0.110534193679968,0.001,0.016031820499234));
#2389=CARTESIAN_POINT('',(0.0520064504780056,0.001,0.0310000557243096));
#2390=CARTESIAN_POINT('',(0.0611028873836859,0.001,0.0175971070475948));
#2391=CARTESIAN_POINT('',(0.1115,0.001,0.0160000000051016));
#2392=CARTESIAN_POINT('',(0.052294501654404,0.001,0.0305926454522093));
#2393=CARTESIAN_POINT('',(0.110534193682566,0.001,0.0160318204991451));
#2394=CARTESIAN_POINT('',(0.0522945016544036,0.001,0.0305926454522099));
#2395=CARTESIAN_POINT('',(0.052294501654404,0.015,0.0305926454522093));
#2396=CARTESIAN_POINT('',(0.0520064504780056,0.015,0.0310000557243096));
#2397=CARTESIAN_POINT('',(0.0611028873836859,0.015,0.0175971070475948));
#2398=CARTESIAN_POINT('',(0.1115,0.015,0.0160000000051016));
#2399=CARTESIAN_POINT('',(0.110534193682566,0.015,0.0160318204991451));
#2400=CARTESIAN_POINT('',(0.110534193682566,0.015,0.0160318204991451));
#2401=CARTESIAN_POINT('',(0.1115,0.015,-0.00636242367817193));
#2402=CARTESIAN_POINT('',(0.1115,0.001,-0.00636242367817193));
#2403=CARTESIAN_POINT('',(0.1115,0.001,-0.0287248473614454));
#2404=CARTESIAN_POINT('',(0.1115,0.001,0.0150324052740897));
#2405=CARTESIAN_POINT('',(0.1115,0.015,0.0150324052740897));
#2406=CARTESIAN_POINT('',(0.1115,0.015,0.0150324052740897));
#2407=CARTESIAN_POINT('',(0.1115,0.015,-0.00636242367817193));
#2408=CARTESIAN_POINT('',(0.1115,0.015,-0.0287248473614454));
#2409=CARTESIAN_POINT('',(0.1115,0.015,-0.0287248473614454));
#2410=CARTESIAN_POINT('',(0.111498235503666,0.015,-0.0304748464718888));
#2411=CARTESIAN_POINT('',(0.111498235503666,0.015,-0.0304748464718888));
#2412=CARTESIAN_POINT('',(0.11149899171638,0.015,-0.0297248468531273));
#2413=CARTESIAN_POINT('',(0.11149899171638,0.015,-0.0297248468531273));
#2414=CARTESIAN_POINT('',(0.11149899171638,0.001,-0.0297248468531273));
#2415=CARTESIAN_POINT('',(0.111499243787285,0.001,-0.0294748469802069));
#2416=CARTESIAN_POINT('',(-0.111500756212715,0.015,-0.0292499996187615));
#2417=CARTESIAN_POINT('',(-0.111501764496334,0.001,-0.0302499991104434));
#2418=CARTESIAN_POINT('',(-0.1115,0.001,-0.0285));
#2419=CARTESIAN_POINT('',(-0.111501008283619,0.001,-0.029499999491682));
#2420=CARTESIAN_POINT('',(-0.111501008283619,0.015,-0.029499999491682));
#2421=CARTESIAN_POINT('',(-0.111501008283619,0.015,-0.029499999491682));
#2422=CARTESIAN_POINT('',(-0.111500756212715,0.015,-0.0292499996187615));
#2423=CARTESIAN_POINT('',(-0.1115,0.015,-0.0285));
#2424=CARTESIAN_POINT('',(-0.1115,0.015,-0.0285));
#2425=CARTESIAN_POINT('',(-0.110504934787398,0.015,0.0160034364314034));
#2426=CARTESIAN_POINT('',(-0.110504934787398,0.001,0.0160034364314034));
#2427=CARTESIAN_POINT('',(-0.0780122618596827,0.015,0.0161637829115865));
#2428=CARTESIAN_POINT('',(-0.0780122618596827,0.001,0.0161637829115865));
#2429=CARTESIAN_POINT('',(-0.0586034491821347,0.015,0.0210135131188067));
#2430=CARTESIAN_POINT('',(-0.0586034491821347,0.001,0.0210135131188067));
#2431=CARTESIAN_POINT('',(-0.0522784967547539,0.015,0.030552627053064));
#2432=CARTESIAN_POINT('',(-0.0522784967547539,0.001,0.030552627053064));
#2433=CARTESIAN_POINT('',(-0.1115,0.015,0.016));
#2434=CARTESIAN_POINT('',(-0.0611,0.015,0.0161));
#2435=CARTESIAN_POINT('',(-0.0519935495213802,0.015,0.0310000127985687));
#2436=CARTESIAN_POINT('',(-0.11050493479031,0.015,0.016003436431389));
#2437=CARTESIAN_POINT('',(-0.0522784967547544,0.015,0.0305526270530633));
#2438=CARTESIAN_POINT('',(-0.0522784967547544,0.015,0.0305526270530633));
#2439=CARTESIAN_POINT('',(-0.0522784967547544,0.001,0.0305526270530633));
#2440=CARTESIAN_POINT('',(-0.1115,0.001,0.016));
#2441=CARTESIAN_POINT('',(-0.0611,0.001,0.0161));
#2442=CARTESIAN_POINT('',(-0.0519935495213802,0.001,0.0310000127985687));
#2443=CARTESIAN_POINT('',(-0.11050493479031,0.001,0.016003436431389));
#2444=CARTESIAN_POINT('',(-0.11050493479031,0.001,0.016003436431389));
#2445=CARTESIAN_POINT('',(0.112675233512332,0.015,-0.00736300449030395));
#2446=CARTESIAN_POINT('',(0.112651475308283,0.015,-0.0309260094940275));
#2447=CARTESIAN_POINT('',(0.112651475308283,0.001,-0.0309260094940275));
#2448=CARTESIAN_POINT('',(0.112651475308283,0.014,-0.0309260094940275));
#2449=CARTESIAN_POINT('',(0.112698990699232,0.014,0.0161989917214821));
#2450=CARTESIAN_POINT('',(0.112698990699232,0.014,0.0161989917214821));
#2451=CARTESIAN_POINT('',(0.112698990699232,0.,0.0161989917214821));
#2452=CARTESIAN_POINT('',(0.112698990699232,0.001,0.0161989917214821));
#2453=CARTESIAN_POINT('',(0.112675233512332,0.001,-0.00736300449030395));
#2454=CARTESIAN_POINT('',(-0.112702015957257,0.015,-0.0310987893480114));
#2455=CARTESIAN_POINT('',(-0.112702015957257,0.015,-0.0304987890430204));
#2456=CARTESIAN_POINT('',(-0.112702015957257,0.014,-0.0304987890430204));
#2457=CARTESIAN_POINT('',(-0.112702015957257,0.001,-0.0304987890430204));
#2458=CARTESIAN_POINT('',(-0.112702015957257,0.014,-0.0310987893480114));
#2459=CARTESIAN_POINT('',(-0.112702015957257,0.014,-0.0306997974288162));
#2460=CARTESIAN_POINT('',(-0.112702015957257,0.,-0.0306997974288162));
#2461=CARTESIAN_POINT('',(-0.112702015957257,0.001,-0.0306997974288162));
#2462=CARTESIAN_POINT('',(-0.112702015957257,0.001,-0.0304987890430204));
#2463=CARTESIAN_POINT('',(-0.112701007978629,0.015,-0.00664939452151023));
#2464=CARTESIAN_POINT('',(-0.112700042264328,0.015,0.0162000000008931));
#2465=CARTESIAN_POINT('',(-0.112700042264328,0.001,0.0162000000008931));
#2466=CARTESIAN_POINT('',(-0.112700042264328,0.014,0.0162000000008931));
#2467=CARTESIAN_POINT('',(-0.112702015957257,0.014,-0.0304987890430204));
#2468=CARTESIAN_POINT('',(-0.112701007978629,0.001,-0.00664939452151023));
#2469=CARTESIAN_POINT('',(-0.112100000000536,0.015,0.0171999746414033));
#2470=CARTESIAN_POINT('',(-0.111500000001072,0.015,0.0171999492828067));
#2471=CARTESIAN_POINT('',(-0.111500000001072,0.014,0.0171999492828067));
#2472=CARTESIAN_POINT('',(-0.111500000001072,0.001,0.0171999492828067));
#2473=CARTESIAN_POINT('',(-0.111700000000893,0.014,0.0171999577356722));
#2474=CARTESIAN_POINT('',(-0.111700000000893,0.014,0.0171999577356722));
#2475=CARTESIAN_POINT('',(-0.111700000000893,0.015,0.0171999577356722));
#2476=CARTESIAN_POINT('',(-0.111700000000893,0.001,0.0171999577356722));
#2477=CARTESIAN_POINT('',(-0.112100000000536,0.001,0.0171999746414033));
#2478=CARTESIAN_POINT('',(-0.0534786941497283,0.014,0.0317518931119919));
#2479=CARTESIAN_POINT('',(-0.0534786941497283,0.000999999999999999,0.0317518931119919));
#2480=CARTESIAN_POINT('',(-0.059856455426291,0.014,0.0221147239956604));
#2481=CARTESIAN_POINT('',(-0.059856455426291,0.000999999999999999,0.0221147239956604));
#2482=CARTESIAN_POINT('',(-0.079196890711701,0.014,0.0172640760528647));
#2483=CARTESIAN_POINT('',(-0.079196890711701,0.000999999999999999,0.0172640760528647));
#2484=CARTESIAN_POINT('',(-0.111500000003782,0.014,0.0171999492828013));
#2485=CARTESIAN_POINT('',(-0.111500000003782,0.000999999999999999,0.0171999492828013));
#2486=CARTESIAN_POINT('',(-0.0534786941497319,0.,0.0317518931119865));
#2487=CARTESIAN_POINT('',(-0.0534786941497319,0.001,0.0317518931119865));
#2488=CARTESIAN_POINT('',(-0.0534786941497319,0.014,0.0317518931119865));
#2489=CARTESIAN_POINT('',(-0.0534786941497319,0.014,0.0317518931119865));
#2490=CARTESIAN_POINT('',(-0.0541964967935174,0.014,0.0306672514688866));
#2491=CARTESIAN_POINT('',(-0.0559132316584412,0.014,0.0286989666153139));
#2492=CARTESIAN_POINT('',(-0.0599963323363799,0.014,0.0255780165178689));
#2493=CARTESIAN_POINT('',(-0.0658659650214782,0.014,0.0228159255754469));
#2494=CARTESIAN_POINT('',(-0.0732019411205591,0.014,0.0206533141394056));
#2495=CARTESIAN_POINT('',(-0.0807843896544605,0.014,0.0191808079404295));
#2496=CARTESIAN_POINT('',(-0.0884241274988437,0.014,0.0182111629296476));
#2497=CARTESIAN_POINT('',(-0.0986572683841282,0.014,0.0174021501576764));
#2498=CARTESIAN_POINT('',(-0.106363751775885,0.014,0.017210145546143));
#2499=CARTESIAN_POINT('',(-0.111500000001072,0.014,0.0171999492828067));
#2500=CARTESIAN_POINT('',(-0.111500000001072,0.001,0.0171999492828067));
#2501=CARTESIAN_POINT('',(-0.106362914154765,0.001,0.0172101472089531));
#2502=CARTESIAN_POINT('',(-0.0961123336834502,0.001,0.0174689430712391));
#2503=CARTESIAN_POINT('',(-0.0833070260813056,0.001,0.0186966851149943));
#2504=CARTESIAN_POINT('',(-0.0732289028784017,0.000999999999999999,0.0206424735973969));
#2505=CARTESIAN_POINT('',(-0.0658002813717552,0.00100000000000001,0.0228459156717432));
#2506=CARTESIAN_POINT('',(-0.0589069101759976,0.000999999999999999,0.026078969692677));
#2507=CARTESIAN_POINT('',(-0.0549246108524311,0.001,0.0295670286763679));
#2508=CARTESIAN_POINT('',(-0.0534786941497319,0.001,0.0317518931119866));
#2509=CARTESIAN_POINT('',(-0.0525935838619729,0.015,0.0322000127980774));
#2510=CARTESIAN_POINT('',(-0.0519935838619729,0.015,0.0322000127980774));
#2511=CARTESIAN_POINT('',(-0.0519935838619729,0.014,0.0322000127980774));
#2512=CARTESIAN_POINT('',(-0.0525935838619729,0.014,0.0322000127980774));
#2513=CARTESIAN_POINT('',(-0.0526447708204506,0.014,0.0322000127980774));
#2514=CARTESIAN_POINT('',(-0.0526447708204506,0.015,0.0322000127980774));
#2515=CARTESIAN_POINT('',(-0.0526447708204506,0.000153066824662316,0.0322000127980774));
#2516=CARTESIAN_POINT('',(-0.0526447708204506,0.000153066824662316,0.0322000127980774));
#2517=CARTESIAN_POINT('',(-0.0524521481732992,4.98799000026993E-5,0.0322000127980774));
#2518=CARTESIAN_POINT('',(-0.0522398468341593,7.7001679705769E-19,0.0322000127980774));
#2519=CARTESIAN_POINT('',(-0.0520216592895634,7.7001679705769E-19,0.0322000127980774));
#2520=CARTESIAN_POINT('',(6.43330801637643E-6,0.015,0.0322000342611935));
#2521=CARTESIAN_POINT('',(0.0520064504780057,0.015,0.0322000557243096));
#2522=CARTESIAN_POINT('',(0.0520064504780057,0.014,0.0322000557243096));
#2523=CARTESIAN_POINT('',(0.0520064504780057,2.56600646893896E-8,0.0322000557243096));
#2524=CARTESIAN_POINT('',(-0.0519935838619729,0.014,0.0322000127980774));
#2525=CARTESIAN_POINT('',(0.051997791939576,0.,0.0322000557207358));
#2526=CARTESIAN_POINT('',(0.0520006781444009,2.00270773312346E-20,0.032200055721927));
#2527=CARTESIAN_POINT('',(0.0520035643238777,8.55328565711775E-9,0.0322000557231183));
#2528=CARTESIAN_POINT('',(0.0520064504780057,2.56600646886213E-8,0.0322000557243096));
#2529=CARTESIAN_POINT('',(0.0526064504780056,0.015,0.0322000557243095));
#2530=CARTESIAN_POINT('',(0.0526887863116221,0.015,0.0322000557243095));
#2531=CARTESIAN_POINT('',(0.0526887863116221,0.000179539729925741,0.0322000557243095));
#2532=CARTESIAN_POINT('',(0.0526887863116221,0.014,0.0322000557243095));
#2533=CARTESIAN_POINT('',(0.051997791939576,0.014,0.0322000557243095));
#2534=CARTESIAN_POINT('',(0.0520064504780057,2.56600646893896E-8,0.0322000557243096));
#2535=CARTESIAN_POINT('',(0.052246100340915,1.44610953452216E-6,0.0322000557243096));
#2536=CARTESIAN_POINT('',(0.0524809342095299,5.97101252533475E-5,0.0322000557243095));
#2537=CARTESIAN_POINT('',(0.0526887863116221,0.000179539729925739,0.0322000557243095));
#2538=CARTESIAN_POINT('',(0.0534946975742219,0.014,0.0317920920718548));
#2539=CARTESIAN_POINT('',(0.0534946975742219,0.001,0.0317920920718548));
#2540=CARTESIAN_POINT('',(0.0598708941728194,0.014,0.0231124752327008));
#2541=CARTESIAN_POINT('',(0.0598708941728194,0.001,0.0231124752327008));
#2542=CARTESIAN_POINT('',(0.07920599498267,0.014,0.0182484445439252));
#2543=CARTESIAN_POINT('',(0.07920599498267,0.001,0.0182484445439252));
#2544=CARTESIAN_POINT('',(0.111500000002094,0.014,0.0172000000050336));
#2545=CARTESIAN_POINT('',(0.111500000002094,0.001,0.0172000000050336));
#2546=CARTESIAN_POINT('',(0.1115,0.015,0.0172000000051016));
#2547=CARTESIAN_POINT('',(0.1115,0.014,0.0172000000051016));
#2548=CARTESIAN_POINT('',(0.1115,0.001,0.0172000000051016));
#2549=CARTESIAN_POINT('',(0.1115,0.014,0.0172000000051016));
#2550=CARTESIAN_POINT('',(0.106402193923838,0.014,0.0173655033837524));
#2551=CARTESIAN_POINT('',(0.0962290227965862,0.014,0.0179048081924405));
#2552=CARTESIAN_POINT('',(0.0836071115827198,0.014,0.0193429062188165));
#2553=CARTESIAN_POINT('',(0.0735901103907177,0.014,0.0213261189262312));
#2554=CARTESIAN_POINT('',(0.0674223499498985,0.014,0.023083525210354));
#2555=CARTESIAN_POINT('',(0.0626740049218675,0.014,0.0249709709849378));
#2556=CARTESIAN_POINT('',(0.0592315431940091,0.014,0.026728712390941));
#2557=CARTESIAN_POINT('',(0.0560881079237692,0.014,0.0288887173646205));
#2558=CARTESIAN_POINT('',(0.0542616813885091,0.014,0.0307480330427945));
#2559=CARTESIAN_POINT('',(0.0534946975742314,0.014,0.031792092071842));
#2560=CARTESIAN_POINT('',(0.0534946975742314,0.014,0.031792092071842));
#2561=CARTESIAN_POINT('',(0.0534946975742314,0.015,0.031792092071842));
#2562=CARTESIAN_POINT('',(0.0534946975742314,0.001,0.031792092071842));
#2563=CARTESIAN_POINT('',(0.0534946975742314,0.001,0.031792092071842));
#2564=CARTESIAN_POINT('',(0.0542589215250807,0.001,0.030751789915205));
#2565=CARTESIAN_POINT('',(0.0560779182320718,0.00100000000000001,0.0288979224982353));
#2566=CARTESIAN_POINT('',(0.0592119273672554,0.001,0.0267407937484755));
#2567=CARTESIAN_POINT('',(0.0626400048046935,0.001,0.0249865803897694));
#2568=CARTESIAN_POINT('',(0.0673740045656623,0.001,0.0231000806139477));
#2569=CARTESIAN_POINT('',(0.073510173385185,0.001,0.0213453075999616));
#2570=CARTESIAN_POINT('',(0.0835486947986064,0.001,0.0193500040200137));
#2571=CARTESIAN_POINT('',(0.0962056338114531,0.001,0.0179060431822259));
#2572=CARTESIAN_POINT('',(0.10639888254514,0.001,0.0173656108896783));
#2573=CARTESIAN_POINT('',(0.1115,0.001,0.0172000000051016));
#2574=CARTESIAN_POINT('',(0.0510064504786198,0.015,0.0310000127985687));
#2575=CARTESIAN_POINT('',(-0.0517435495213802,0.001,0.0310000127985687));
#2576=CARTESIAN_POINT('',(0.0514890287884185,0.001,0.0310000127985687));
#2577=CARTESIAN_POINT('',(-0.051445059603117,0.001,0.0310000127985687));
#2578=CARTESIAN_POINT('',(-0.051445059603117,0.015,0.0310000127985687));
#2579=CARTESIAN_POINT('',(-0.051445059603117,0.015,0.0310000127985687));
#2580=CARTESIAN_POINT('',(0.0510064504786198,0.015,0.0310000127985687));
#2581=CARTESIAN_POINT('',(0.0514890287884185,0.015,0.0310000127985687));
#2582=CARTESIAN_POINT('',(0.0514890287884185,0.001,0.0310000127985687));
#2583=CARTESIAN_POINT('',(-0.1115,0.015,0.01525));
#2584=CARTESIAN_POINT('',(-0.1115,0.015,0.01525));
#2585=CARTESIAN_POINT('',(-0.1115,0.015,0.0150034486075409));
#2586=CARTESIAN_POINT('',(-0.1115,0.001,0.0150034486075409));
#2587=CARTESIAN_POINT('',(-0.1115,0.001,0.0150034486075409));
#2588=CARTESIAN_POINT('',(-0.1115,0.001,-0.007));
#2589=CARTESIAN_POINT('',(0.1121,0.015,0.0172000000051016));
#2590=CARTESIAN_POINT('',(0.11169899120755,0.015,0.0172000000051016));
#2591=CARTESIAN_POINT('',(0.11169899120755,0.001,0.0172000000051016));
#2592=CARTESIAN_POINT('',(0.11169899120755,0.014,0.0172000000051016));
#2593=CARTESIAN_POINT('',(0.1121,0.014,0.0172000000051016));
#2594=CARTESIAN_POINT('',(0.11169899120755,0.001,0.0172000000051016));
#2595=CARTESIAN_POINT('',(-2.36946650586378E-6,0.015,0.000136848782026328));
#2596=CARTESIAN_POINT('',(-0.11150004226132,0.015,0.0161999472284896));
#2597=CARTESIAN_POINT('',(-0.106283862698568,0.015,0.0162103021681458));
#2598=CARTESIAN_POINT('',(-0.0958690227535802,0.015,0.0164792483445297));
#2599=CARTESIAN_POINT('',(-0.0829345181915851,0.015,0.0177285963991374));
#2600=CARTESIAN_POINT('',(-0.0726449848047014,0.015,0.01975454252345));
#2601=CARTESIAN_POINT('',(-0.0651818593062111,0.015,0.0219986406455817));
#2602=CARTESIAN_POINT('',(-0.0592305716001423,0.015,0.0248646907663632));
#2603=CARTESIAN_POINT('',(-0.05510003847974,0.015,0.0280914788143504));
#2604=CARTESIAN_POINT('',(-0.0533706398531684,0.015,0.0301031823710269));
#2605=CARTESIAN_POINT('',(-0.052644770820453,0.015,0.0312000127980738));
#2606=CARTESIAN_POINT('',(-0.1115000422654,0.015,0.0161999492836998));
#2607=CARTESIAN_POINT('',(-0.052644770820453,0.015,0.0312000127980738));
#2608=CARTESIAN_POINT('',(-2.36946650586378E-6,0.015,0.0312000127980773));
#2609=CARTESIAN_POINT('',(-0.0519935838619729,0.015,0.0312000127980773));
#2610=CARTESIAN_POINT('',(0.0519977923523281,0.015,0.0312000557207359));
#2611=CARTESIAN_POINT('',(0.0520064504780057,0.015,0.0312000557243095));
#2612=CARTESIAN_POINT('',(0.0520064504780057,0.015,0.0312000557243096));
#2613=CARTESIAN_POINT('',(0.0526887863116221,0.015,0.0312000557243096));
#2614=CARTESIAN_POINT('',(0.0526887863116221,0.015,0.0312000557243096));
#2615=CARTESIAN_POINT('',(0.0534600706391444,0.015,0.0301501426086453));
#2616=CARTESIAN_POINT('',(0.055291407348906,0.015,0.0282532552284472));
#2617=CARTESIAN_POINT('',(0.0584473926245105,0.015,0.026032234563524));
#2618=CARTESIAN_POINT('',(0.0619075278454271,0.015,0.0242200651899872));
#2619=CARTESIAN_POINT('',(0.0667006111980026,0.015,0.0222681074598139));
#2620=CARTESIAN_POINT('',(0.0729158067625809,0.015,0.0204568705680428));
#2621=CARTESIAN_POINT('',(0.0830995840926135,0.015,0.0184006586479255));
#2622=CARTESIAN_POINT('',(0.0959479737467132,0.015,0.016919085316539));
#2623=CARTESIAN_POINT('',(0.106304661818843,0.015,0.0163681429538475));
#2624=CARTESIAN_POINT('',(0.111483771470673,0.015,0.0162000000051016));
#2625=CARTESIAN_POINT('',(0.111483771470673,0.015,0.0162000000051016));
#2626=CARTESIAN_POINT('',(-2.36946650595667E-6,0.015,0.0162000000051009));
#2627=CARTESIAN_POINT('',(0.11169899120755,0.015,0.0162000000051016));
#2628=CARTESIAN_POINT('',(0.111651475816602,0.015,-0.030925001210408));
#2629=CARTESIAN_POINT('',(0.111651475816602,0.015,-0.030925001210408));
#2630=CARTESIAN_POINT('',(-0.111702015957257,0.015,-0.0306997974288162));
#2631=CARTESIAN_POINT('',(-0.111702015957257,0.015,-0.0306997974288162));
#2632=CARTESIAN_POINT('',(-0.111702015957257,0.015,0.000136848782026328));
#2633=CARTESIAN_POINT('',(-0.111702015957257,0.015,-0.0304988313073483));
#2634=CARTESIAN_POINT('',(-0.111700042265221,0.015,0.0161999577365653));
#2635=CARTESIAN_POINT('',(-0.111700042265221,0.015,0.0161999577365653));
#2636=CARTESIAN_POINT('',(-0.1115000422654,0.015,0.0161999492836998));
#2637=CARTESIAN_POINT('',(-0.051445059603117,0.015,0.0300000127985687));
#2638=CARTESIAN_POINT('',(-0.1105,0.015,0.0150034486075409));
#2639=CARTESIAN_POINT('',(-0.110501008791938,0.015,-0.0295010077753015));
#2640=CARTESIAN_POINT('',(0.110498992224698,0.015,-0.0297238385695078));
#2641=CARTESIAN_POINT('',(0.1105,0.015,0.0150324052740897));
#2642=CARTESIAN_POINT('',(0.0514890287884185,0.015,0.0300000127985687));
#2643=CARTESIAN_POINT('',(-2.36946650586378E-6,0.001,0.000136848782026328));
#2644=CARTESIAN_POINT('',(-0.106996694165914,0.001,0.0115));
#2645=CARTESIAN_POINT('',(-0.105496694165914,0.001,0.0115));
#2646=CARTESIAN_POINT('',(0.107,0.001,-0.0265));
#2647=CARTESIAN_POINT('',(0.1085,0.001,-0.0265));
#2648=CARTESIAN_POINT('',(0.107,0.001,0.0115));
#2649=CARTESIAN_POINT('',(0.1085,0.001,0.0115));
#2650=CARTESIAN_POINT('',(-0.107,0.001,-0.0265));
#2651=CARTESIAN_POINT('',(-0.1055,0.001,-0.0265));
#2652=CARTESIAN_POINT('',(-0.051445059603117,0.001,0.0300000127985687));
#2653=CARTESIAN_POINT('',(0.0514890287884185,0.001,0.0300000127985687));
#2654=CARTESIAN_POINT('',(0.1105,0.001,0.0150324052740897));
#2655=CARTESIAN_POINT('',(0.110498992224698,0.001,-0.0297238385695078));
#2656=CARTESIAN_POINT('',(-0.110501008791938,0.001,-0.0295010077753015));
#2657=CARTESIAN_POINT('',(-0.1105,0.001,0.0150034486075409));
#2658=CARTESIAN_POINT('',(-0.111700042265221,0.015,0.0161999577365653));
#2659=CARTESIAN_POINT('',(-0.111700042265221,0.014,0.0161999577365653));
#2660=CARTESIAN_POINT('',(-0.111700042265221,0.001,0.0161999577365653));
#2661=CARTESIAN_POINT('',(-0.0526447708204506,0.0075,0.0312000127980773));
#2662=CARTESIAN_POINT('',(-0.0526447708204506,0.014,0.0312000127980773));
#2663=CARTESIAN_POINT('',(-0.0526447708204506,0.000153066824662316,0.0322000127980774));
#2664=CARTESIAN_POINT('',(-0.0530329400832191,0.000361007028292601,0.0322000127980774));
#2665=CARTESIAN_POINT('',(-0.0533125421853731,0.000688990496688346,0.0320029584168952));
#2666=CARTESIAN_POINT('',(-0.0534786941497319,0.001,0.0317518931119865));
#2667=CARTESIAN_POINT('',(0.0526887863116221,0.0075,0.0312000557243096));
#2668=CARTESIAN_POINT('',(0.0526887863116221,0.014,0.0312000557243096));
#2669=CARTESIAN_POINT('',(0.0526887863116221,0.000179539729925741,0.0322000557243095));
#2670=CARTESIAN_POINT('',(0.0530550218024572,0.000390679543485571,0.0322000557243095));
#2671=CARTESIAN_POINT('',(0.0533246017507727,0.000702389281910262,0.0320236355242322));
#2672=CARTESIAN_POINT('',(0.0534946975742315,0.001,0.0317920920718418));
#2673=CARTESIAN_POINT('',(0.11169899120755,0.015,0.0162000000051016));
#2674=CARTESIAN_POINT('',(0.11169899120755,0.014,0.0162000000051016));
#2675=CARTESIAN_POINT('',(0.11169899120755,0.001,0.0162000000051016));
#2676=CARTESIAN_POINT('',(0.111651475816602,0.015,-0.030925001210408));
#2677=CARTESIAN_POINT('',(0.111651475816602,0.014,-0.030925001210408));
#2678=CARTESIAN_POINT('',(0.111651475816602,0.001,-0.030925001210408));
#2679=CARTESIAN_POINT('',(-0.111702015957257,0.015,-0.0306997974288162));
#2680=CARTESIAN_POINT('',(-0.111702015957257,0.014,-0.0306997974288162));
#2681=CARTESIAN_POINT('',(-0.111702015957257,0.001,-0.0306997974288162));
#2682=CARTESIAN_POINT('',(-0.107,0.005,-0.0265));
#2683=CARTESIAN_POINT('',(-0.107,0.001,-0.0265));
#2684=CARTESIAN_POINT('',(-0.106,0.001,-0.0265));
#2685=CARTESIAN_POINT('',(-0.107,0.005,-0.0265));
#2686=CARTESIAN_POINT('',(-0.106,0.005,-0.0265));
#2687=CARTESIAN_POINT('',(-0.107,0.005,-0.0265));
#2688=CARTESIAN_POINT('',(-0.107,0.005,-0.0265));
#2689=CARTESIAN_POINT('',(-0.1055,0.005,-0.0265));
#2690=CARTESIAN_POINT('',(0.,0.005,-0.0075));
#2691=CARTESIAN_POINT('',(-2.36946650586378E-6,0.001,0.000136848782026328));
#2692=CARTESIAN_POINT('',(0.107,0.005,0.0115));
#2693=CARTESIAN_POINT('',(0.107,0.001,0.0115));
#2694=CARTESIAN_POINT('',(0.108,0.001,0.0115));
#2695=CARTESIAN_POINT('',(0.107,0.005,0.0115));
#2696=CARTESIAN_POINT('',(0.108,0.005,0.0115));
#2697=CARTESIAN_POINT('',(0.107,0.005,0.0115));
#2698=CARTESIAN_POINT('',(0.107,0.005,0.0115));
#2699=CARTESIAN_POINT('',(0.1085,0.005,0.0115));
#2700=CARTESIAN_POINT('',(0.,0.005,-0.0075));
#2701=CARTESIAN_POINT('',(-2.36946650586378E-6,0.001,0.000136848782026328));
#2702=CARTESIAN_POINT('',(0.107,0.005,-0.0265));
#2703=CARTESIAN_POINT('',(0.107,0.001,-0.0265));
#2704=CARTESIAN_POINT('',(0.108,0.001,-0.0265));
#2705=CARTESIAN_POINT('',(0.107,0.005,-0.0265));
#2706=CARTESIAN_POINT('',(0.108,0.005,-0.0265));
#2707=CARTESIAN_POINT('',(0.107,0.005,-0.0265));
#2708=CARTESIAN_POINT('',(0.107,0.005,-0.0265));
#2709=CARTESIAN_POINT('',(0.1085,0.005,-0.0265));
#2710=CARTESIAN_POINT('',(0.,0.005,-0.0075));
#2711=CARTESIAN_POINT('',(-2.36946650586378E-6,0.001,0.000136848782026328));
#2712=CARTESIAN_POINT('',(-0.106996694165914,0.005,0.0115));
#2713=CARTESIAN_POINT('',(-0.106996694165914,0.001,0.0115));
#2714=CARTESIAN_POINT('',(-0.105996694165914,0.001,0.0115));
#2715=CARTESIAN_POINT('',(-0.106996694165914,0.005,0.0115));
#2716=CARTESIAN_POINT('',(-0.105996694165914,0.005,0.0115));
#2717=CARTESIAN_POINT('',(-0.106996694165914,0.005,0.0115));
#2718=CARTESIAN_POINT('',(-0.106996694165914,0.005,0.0115));
#2719=CARTESIAN_POINT('',(-0.105496694165914,0.005,0.0115));
#2720=CARTESIAN_POINT('',(0.,0.005,-0.0075));
#2721=CARTESIAN_POINT('',(-2.36946650586378E-6,0.001,0.000136848782026328));
#2722=CARTESIAN_POINT('',(-0.051445059603117,0.008,0.0300000127985687));
#2723=CARTESIAN_POINT('',(-0.1105,0.008,0.0150034486075409));
#2724=CARTESIAN_POINT('',(0.0514890287884185,0.008,0.0300000127985687));
#2725=CARTESIAN_POINT('',(0.1105,0.008,0.0150324052740897));
#2726=CARTESIAN_POINT('',(0.110498992224698,0.015,-0.0297238385695078));
#2727=CARTESIAN_POINT('',(-0.110501008791938,0.015,-0.0295010077753015));
#2728=CARTESIAN_POINT('',(0.111896209863568,0.001,0.0171871368106027));
#2729=CARTESIAN_POINT('',(0.111896209863567,8.67361737988404E-19,0.0171871368106027));
#2730=CARTESIAN_POINT('',(0.11186376135072,1.30104260698261E-18,0.0161876634022451));
#2731=CARTESIAN_POINT('',(0.10655524099412,0.001,0.0173605346174153));
#2732=CARTESIAN_POINT('',(0.106555240994486,3.47711195402642E-15,0.0173605346174218));
#2733=CARTESIAN_POINT('',(0.106522792481272,1.30104260698261E-18,0.0163610612090336));
#2734=CARTESIAN_POINT('',(0.098599177002215,0.001,0.0177693300927722));
#2735=CARTESIAN_POINT('',(0.0985991770021324,-7.84610418858584E-16,0.0177693300927707));
#2736=CARTESIAN_POINT('',(0.0985253616749643,1.02786406610615E-18,0.0167715028675732));
#2737=CARTESIAN_POINT('',(0.0880450164040659,0.001,0.0188419404236592));
#2738=CARTESIAN_POINT('',(0.0880450164040815,1.5254984124311E-16,0.0188419404236594));
#2739=CARTESIAN_POINT('',(0.0879250471643877,1.75634017511002E-18,0.0178488995504247));
#2740=CARTESIAN_POINT('',(0.0801902369389181,0.001,0.0199863407522203));
#2741=CARTESIAN_POINT('',(0.0801902369389138,-4.16644146415269E-17,0.0199863407522202));
#2742=CARTESIAN_POINT('',(0.0800195812890428,-4.29088151901584E-19,0.0190004332789462));
#2743=CARTESIAN_POINT('',(0.0736936100629478,0.001,0.0213359075522213));
#2744=CARTESIAN_POINT('',(0.0736936100629483,1.13176583638228E-17,0.0213359075522213));
#2745=CARTESIAN_POINT('',(0.0734639484029827,6.40037537000969E-18,0.0203617617378361));
#2746=CARTESIAN_POINT('',(0.0685928735887801,0.000999999999999995,0.0227689519988594));
#2747=CARTESIAN_POINT('',(0.06859287358878,-8.1357743056278E-18,0.0227689519988594));
#2748=CARTESIAN_POINT('',(0.0682962323648192,-7.53173021468932E-18,0.0218133576827667));
#2749=CARTESIAN_POINT('',(0.0648698463446276,0.001,0.0240574459220005));
#2750=CARTESIAN_POINT('',(0.0648698463446276,2.67003010036415E-18,0.0240574459220005));
#2751=CARTESIAN_POINT('',(0.0645093830269213,3.79080495923546E-18,0.023123635382832));
#2752=CARTESIAN_POINT('',(0.0612529218585756,0.001,0.0256366088119591));
#2753=CARTESIAN_POINT('',(0.0612529218585758,5.26190954606682E-18,0.0256366088119592));
#2754=CARTESIAN_POINT('',(0.0608085262714843,1.74766019643117E-19,0.0247386179577779));
#2755=CARTESIAN_POINT('',(0.0584366612392237,0.001,0.027251280418839));
#2756=CARTESIAN_POINT('',(0.0584366612392234,-1.23825256112687E-17,0.0272512804188388));
#2757=CARTESIAN_POINT('',(0.0578985564903586,2.79278317334694E-18,0.0264058084964996));
#2758=CARTESIAN_POINT('',(0.0563814797025887,0.000999999999999999,0.0287675359475853));
#2759=CARTESIAN_POINT('',(0.0563814797025893,1.66825150666311E-17,0.0287675359475857));
#2760=CARTESIAN_POINT('',(0.0557525699344191,-1.1588350950053E-18,0.027987828373566));
#2761=CARTESIAN_POINT('',(0.054948972406479,0.000999999999999997,0.0300499556753904));
#2762=CARTESIAN_POINT('',(0.0549489724064767,-9.54409026062783E-17,0.030049955675389));
#2763=CARTESIAN_POINT('',(0.0542400163858845,-4.97579386813325E-18,0.0293426327571864));
#2764=CARTESIAN_POINT('',(0.0538894987811853,0.000999999999999999,0.0312376458859201));
#2765=CARTESIAN_POINT('',(0.0538894987811922,2.43875139959117E-16,0.0312376458859244));
#2766=CARTESIAN_POINT('',(0.0531184805409004,-2.7932626098127E-18,0.0305963334068092));
#2767=CARTESIAN_POINT('',(0.0531814053124173,0.001,0.032228197559946));
#2768=CARTESIAN_POINT('',(0.0531814053124054,-4.23790199226101E-16,0.0322281975599386));
#2769=CARTESIAN_POINT('',(0.0523427727214238,2.11990365034167E-18,0.0316824599056));
#2770=CARTESIAN_POINT('',(0.0527992055664768,0.001,0.0327999480332857));
#2771=CARTESIAN_POINT('',(0.0527992055665032,9.42742098513639E-16,0.0327999480333021));
#2772=CARTESIAN_POINT('',(0.0519718420339331,1.30104260698261E-18,0.0322382812414777));
#2773=CARTESIAN_POINT('',(0.0526116248199442,0.001,0.0330762639404249));
#2774=CARTESIAN_POINT('',(0.0526116248199442,1.30104260698261E-18,0.0330762639404249));
#2775=CARTESIAN_POINT('',(0.0517842612874018,1.30104260698261E-18,0.0325145971486178));
#2776=CARTESIAN_POINT('',(0.1115,0.001,0.0172000000051016));
#2777=CARTESIAN_POINT('',(0.1115,0.000735851353360682,0.0172000000051015));
#2778=CARTESIAN_POINT('',(0.111496500730593,0.000218225279547519,0.0169843754503761));
#2779=CARTESIAN_POINT('',(0.111487997462202,-2.19753216600086E-16,0.0164604050886369));
#2780=CARTESIAN_POINT('',(0.111483771470673,8.67361737988018E-19,0.0162000000051007));
#2781=CARTESIAN_POINT('',(-2.36946650595667E-6,0.001,0.0162000000051009));
#2782=CARTESIAN_POINT('',(0.11169899120755,0.001,0.0162000000051016));
#2783=CARTESIAN_POINT('',(0.11169899120755,0.001,0.0162000000051016));
#2784=CARTESIAN_POINT('',(0.11169899120755,0.001,0.0162000000051016));
#2785=CARTESIAN_POINT('',(0.11167523402065,0.001,-0.00736199620668444));
#2786=CARTESIAN_POINT('',(0.111651475816602,0.001,-0.030925001210408));
#2787=CARTESIAN_POINT('',(0.111651475816602,0.001,-0.030925001210408));
#2788=CARTESIAN_POINT('',(0.111651475816602,0.001,-0.030925001210408));
#2789=CARTESIAN_POINT('',(-2.47661826771608E-5,0.001,-0.030812399827674));
#2790=CARTESIAN_POINT('',(-0.111702015957257,0.001,-0.0306997974288162));
#2791=CARTESIAN_POINT('',(-0.111702015957257,0.001,-0.0306997974288162));
#2792=CARTESIAN_POINT('',(-0.111702015957257,0.001,-0.0306997974288162));
#2793=CARTESIAN_POINT('',(-0.111702015957257,0.001,0.000136848782026328));
#2794=CARTESIAN_POINT('',(-0.111702015957257,0.001,-0.0304987890430204));
#2795=CARTESIAN_POINT('',(-0.111701007979522,0.001,-0.00664943678583803));
#2796=CARTESIAN_POINT('',(-0.111700042265221,0.001,0.0161999577365653));
#2797=CARTESIAN_POINT('',(-0.111700042265221,0.001,0.0161999577365653));
#2798=CARTESIAN_POINT('',(-0.111700042265221,0.001,0.0161999577365653));
#2799=CARTESIAN_POINT('',(-0.112100042264864,0.001,0.0161999746422965));
#2800=CARTESIAN_POINT('',(-0.1115000422654,0.001,0.0161999492836998));
#2801=CARTESIAN_POINT('',(-0.11188350314042,1.30104260698261E-18,0.0161991859981262));
#2802=CARTESIAN_POINT('',(-0.111885488294329,1.30104260698261E-18,0.0171991840277063));
#2803=CARTESIAN_POINT('',(-0.111885488294329,0.001,0.0171991840277063));
#2804=CARTESIAN_POINT('',(-0.106493747450938,1.30104260698261E-18,0.0162098855137862));
#2805=CARTESIAN_POINT('',(-0.106495732605504,2.80505634848739E-14,0.0172098835434471));
#2806=CARTESIAN_POINT('',(-0.106495732604848,0.0010000000000187,0.0172098835433681));
#2807=CARTESIAN_POINT('',(-0.098418300703912,1.02442527564327E-18,0.0164007674557775));
#2808=CARTESIAN_POINT('',(-0.0984678908221064,-6.32481587007712E-15,0.0174002737808021));
#2809=CARTESIAN_POINT('',(-0.0984678908222544,0.000999999999995784,0.0174002737808199));
#2810=CARTESIAN_POINT('',(-0.0876935461386519,1.76207149254817E-18,0.0172747192313173));
#2811=CARTESIAN_POINT('',(-0.0877967769802157,1.19507508299152E-15,0.0182697373627563));
#2812=CARTESIAN_POINT('',(-0.0877967769801878,0.0010000000000008,0.018269737362753));
#2813=CARTESIAN_POINT('',(-0.0796615043115736,-4.50867158166545E-19,0.0183416182527564));
#2814=CARTESIAN_POINT('',(-0.0798242470494618,-3.27650944514217E-16,0.0193290733861493));
#2815=CARTESIAN_POINT('',(-0.0798242470494695,0.000999999999999782,0.0193290733861503));
#2816=CARTESIAN_POINT('',(-0.0730734967325746,6.46456612531694E-18,0.0196931698693057));
#2817=CARTESIAN_POINT('',(-0.0733051400607935,4.81706348370018E-17,0.0206671661015235));
#2818=CARTESIAN_POINT('',(-0.0733051400607926,0.00100000000000003,0.0206671661015233));
#2819=CARTESIAN_POINT('',(-0.0678772115935977,-7.64291777298938E-18,0.0212035046837744));
#2820=CARTESIAN_POINT('',(-0.0681869239988595,-1.72738259828122E-17,0.0221551620102543));
#2821=CARTESIAN_POINT('',(-0.0681869239988597,0.00099999999999999,0.0221551620102544));
#2822=CARTESIAN_POINT('',(-0.0641007251488425,4.21520901553024E-18,0.0225913107408316));
#2823=CARTESIAN_POINT('',(-0.0644839352322762,1.38670173735133E-17,0.0235163616564889));
#2824=CARTESIAN_POINT('',(-0.0644839352322761,0.001,0.0235163616564889));
#2825=CARTESIAN_POINT('',(-0.0604834246360816,-1.41166264723596E-18,0.0243028650226974));
#2826=CARTESIAN_POINT('',(-0.0609599810192462,-1.08723487646064E-17,0.0251846947440914));
#2827=CARTESIAN_POINT('',(-0.0609599810192464,0.000999999999999999,0.0251846947440915));
#2828=CARTESIAN_POINT('',(-0.0576497253812393,7.46280390488503E-18,0.0260823843059676));
#2829=CARTESIAN_POINT('',(-0.0582263968302358,1.31154370576229E-17,0.0269025912556371));
#2830=CARTESIAN_POINT('',(-0.0582263968302353,0.00100000000000001,0.0269025912556369));
#2831=CARTESIAN_POINT('',(-0.0555258935664391,-9.24758667839804E-18,0.0278262875757444));
#2832=CARTESIAN_POINT('',(-0.0561971304837218,-1.75301891298519E-17,0.0285701247515706));
#2833=CARTESIAN_POINT('',(-0.0561971304837225,0.000999999999999994,0.0285701247515709));
#2834=CARTESIAN_POINT('',(-0.054104422465646,1.0286373528841E-17,0.0292540643744358));
#2835=CARTESIAN_POINT('',(-0.0548522587347076,8.41823651133934E-17,0.0299199125644953));
#2836=CARTESIAN_POINT('',(-0.0548522587347047,0.00100000000000001,0.0299199125644938));
#2837=CARTESIAN_POINT('',(-0.05306466818723,-5.35155483792577E-18,0.0305510997617502));
#2838=CARTESIAN_POINT('',(-0.0538661826747864,-2.58474211619114E-16,0.0311535358004561));
#2839=CARTESIAN_POINT('',(-0.0538661826747949,0.000999999999999997,0.0311535358004602));
#2840=CARTESIAN_POINT('',(-0.052340264711262,1.92849074653416E-17,0.0316670440225545));
#2841=CARTESIAN_POINT('',(-0.0532034176828014,4.6012649135457E-16,0.032173085596706));
#2842=CARTESIAN_POINT('',(-0.0532034176827866,0.00100000000000001,0.0321730855966988));
#2843=CARTESIAN_POINT('',(-0.0519976205648456,1.30104260698261E-18,0.0322393515048015));
#2844=CARTESIAN_POINT('',(-0.0528509178021486,-9.74241588725489E-16,0.0327607763073803));
#2845=CARTESIAN_POINT('',(-0.0528509178021813,0.001,0.0327607763073962));
#2846=CARTESIAN_POINT('',(-0.0518238549261757,1.30104260698261E-18,0.0325237141563015));
#2847=CARTESIAN_POINT('',(-0.052677152163509,1.30104260698261E-18,0.0330451389588947));
#2848=CARTESIAN_POINT('',(-0.052677152163509,0.001,0.0330451389588947));
#2849=CARTESIAN_POINT('',(-0.00452865737478359,0.0083500000023021,-0.0312078588289799));
#2850=CARTESIAN_POINT('',(-0.00452865737478359,0.0080000000023021,-0.0312078588289799));
#2851=CARTESIAN_POINT('',(-0.00452867396276405,0.0080000000023021,-0.0312243105214457));
#2852=CARTESIAN_POINT('',(-0.00452867396276405,0.0080000000023021,-0.0312243105214457));
#2853=CARTESIAN_POINT('',(-0.00452867600895568,0.00804997947377029,-0.0312263399014201));
#2854=CARTESIAN_POINT('',(-0.00452867720236496,0.00809997706168562,-0.0312275235055657));
#2855=CARTESIAN_POINT('',(-0.00452867720236496,0.00815000000230221,-0.0312275235055657));
#2856=CARTESIAN_POINT('',(-0.00452867720236496,0.00815000000230221,-0.0312275235055657));
#2857=CARTESIAN_POINT('',(-0.00452867720236496,0.0083500000023021,-0.0312275235055683));
#2858=CARTESIAN_POINT('',(-0.00452867720236496,0.0085500000023021,-0.0312275235055683));
#2859=CARTESIAN_POINT('',(-0.00452867720236496,0.0085500000023021,-0.0312275235055683));
#2860=CARTESIAN_POINT('',(-0.00452867720236496,0.00860002294291871,-0.0312275235055683));
#2861=CARTESIAN_POINT('',(-0.00452867600895568,0.00865002053083396,-0.0312263399014179));
#2862=CARTESIAN_POINT('',(-0.00452867396276405,0.0087000000023021,-0.0312243105214434));
#2863=CARTESIAN_POINT('',(-0.00452867396276405,0.0087000000023021,-0.0312243105214457));
#2864=CARTESIAN_POINT('',(-0.0045286573747836,0.0087000000023021,-0.0312078588289799));
#2865=CARTESIAN_POINT('',(-0.00327865801018116,0.0080000000023021,-0.0312091191835042));
#2866=CARTESIAN_POINT('',(-0.00327865801018116,0.0067500000023021,-0.0312091191835042));
#2867=CARTESIAN_POINT('',(-0.00327867557358353,0.0067500000023021,-0.0312265382837449));
#2868=CARTESIAN_POINT('',(-0.00327867557358353,0.0067500000023021,-0.0312265382837449));
#2869=CARTESIAN_POINT('',(-0.00360856224733623,0.0067500000023021,-0.031212094475749));
#2870=CARTESIAN_POINT('',(-0.00425585540618813,0.00702157520461748,-0.0312101283602361));
#2871=CARTESIAN_POINT('',(-0.00452866045542502,0.00767007505431229,-0.031210914159642));
#2872=CARTESIAN_POINT('',(-0.00452867396276405,0.00800000000230211,-0.0312243105214454));
#2873=CARTESIAN_POINT('',(-2.86596622148538E-5,0.0067500000023021,-0.0312123961052677));
#2874=CARTESIAN_POINT('',(0.00322133868575145,0.0067500000023021,-0.0312156730270311));
#2875=CARTESIAN_POINT('',(0.00322132088336697,0.0067500000023021,-0.0312333291458974));
#2876=CARTESIAN_POINT('',(0.00322132088336697,0.0067500000023021,-0.0312333291458974));
#2877=CARTESIAN_POINT('',(0.00317227703302464,0.0067500000023021,-0.0312353163678442));
#2878=CARTESIAN_POINT('',(0.00312321530093859,0.0067500000023021,-0.0312364453166376));
#2879=CARTESIAN_POINT('',(0.00307412901653762,0.0067500000023021,-0.0312363958237159));
#2880=CARTESIAN_POINT('',(0.00307412901653762,0.0067500000023021,-0.0312363958237159));
#2881=CARTESIAN_POINT('',(0.00307412901653762,0.0067500000023021,-0.0312363958237159));
#2882=CARTESIAN_POINT('',(-0.00312586783189029,0.0067500000023021,-0.0312301444652749));
#2883=CARTESIAN_POINT('',(-0.00312586783189029,0.0067500000023021,-0.0312301444652749));
#2884=CARTESIAN_POINT('',(-0.00317683090111285,0.0067500000023021,-0.0312300930800209));
#2885=CARTESIAN_POINT('',(-0.00322776389785054,0.0067500000023021,-0.0312287674082483));
#2886=CARTESIAN_POINT('',(-0.00327867557358352,0.0067500000023021,-0.0312265382837413));
#2887=CARTESIAN_POINT('',(0.00322133868575145,0.0080000000023021,-0.0312156730270311));
#2888=CARTESIAN_POINT('',(0.00447133805035389,0.0080000000023021,-0.0312169333815555));
#2889=CARTESIAN_POINT('',(0.00447131923160797,0.0080000000023021,-0.0312355975113537));
#2890=CARTESIAN_POINT('',(0.00447131923160797,0.0080000000023021,-0.0312355975113537));
#2891=CARTESIAN_POINT('',(0.00447133377904068,0.00767010874360423,-0.0312211696013575));
#2892=CARTESIAN_POINT('',(0.00419976657752609,0.0070228009246361,-0.0312189585940519));
#2893=CARTESIAN_POINT('',(0.00355125107587641,0.0067500000023021,-0.0312199606090697));
#2894=CARTESIAN_POINT('',(0.00322132088336696,0.0067500000023021,-0.0312333291458971));
#2895=CARTESIAN_POINT('',(0.00447133805035389,0.0083500000023021,-0.0312169333815555));
#2896=CARTESIAN_POINT('',(0.00447133805035389,0.0087000000023021,-0.0312169333815555));
#2897=CARTESIAN_POINT('',(0.00447131923160797,0.0087000000023021,-0.0312355975113537));
#2898=CARTESIAN_POINT('',(0.00447131923160797,0.0087000000023021,-0.0312355975113537));
#2899=CARTESIAN_POINT('',(0.00447131702567558,0.0086499762057808,-0.0312377853196537));
#2900=CARTESIAN_POINT('',(0.00447131574831968,0.00859997355792221,-0.0312390521807034));
#2901=CARTESIAN_POINT('',(0.00447131574831968,0.00855000000230209,-0.0312390521807034));
#2902=CARTESIAN_POINT('',(0.00447131574831969,0.0085500000023022,-0.0312390521806987));
#2903=CARTESIAN_POINT('',(0.00447131574831969,0.0085500000023022,-0.0312390521806987));
#2904=CARTESIAN_POINT('',(0.00447131574831969,0.0081500000023021,-0.0312390521806987));
#2905=CARTESIAN_POINT('',(0.00447131574831969,0.0081500000023021,-0.0312390521806987));
#2906=CARTESIAN_POINT('',(0.00447131574831969,0.00809997348063003,-0.0312390521806987));
#2907=CARTESIAN_POINT('',(0.00447131702777528,0.00804997618418883,-0.0312377832372065));
#2908=CARTESIAN_POINT('',(0.00447131923160797,0.0080000000023021,-0.0312355975113493));
#2909=CARTESIAN_POINT('',(0.00322133868575145,0.0087000000023021,-0.0312156730270311));
#2910=CARTESIAN_POINT('',(0.00322133868575145,0.0099500000023021,-0.0312156730270311));
#2911=CARTESIAN_POINT('',(0.00322132088336697,0.0099500000023021,-0.0312333291458974));
#2912=CARTESIAN_POINT('',(0.00322132088336697,0.0099500000023021,-0.0312333291458974));
#2913=CARTESIAN_POINT('',(0.0035512562517376,0.0099500000023021,-0.0312199603993478));
#2914=CARTESIAN_POINT('',(0.00419854869986093,0.00967841658930735,-0.0312189569992193));
#2915=CARTESIAN_POINT('',(0.00447133377884677,0.00902988686381807,-0.0312211697936694));
#2916=CARTESIAN_POINT('',(0.00447131923160797,0.00870000000230209,-0.0312355975113533));
#2917=CARTESIAN_POINT('',(-2.86596622148538E-5,0.0099500000023021,-0.0312123961052677));
#2918=CARTESIAN_POINT('',(-0.00327865801018116,0.0099500000023021,-0.0312091191835042));
#2919=CARTESIAN_POINT('',(-0.00327867557358353,0.0099500000023021,-0.0312265382837449));
#2920=CARTESIAN_POINT('',(-0.00327867557358353,0.0099500000023021,-0.0312265382837449));
#2921=CARTESIAN_POINT('',(-0.00322776389785046,0.0099500000023021,-0.031228767408252));
#2922=CARTESIAN_POINT('',(-0.00317683090111269,0.0099500000023021,-0.03123009308002));
#2923=CARTESIAN_POINT('',(-0.00312586783189012,0.0099500000023021,-0.031230144465274));
#2924=CARTESIAN_POINT('',(-0.00312586783189012,0.0099500000023021,-0.031230144465274));
#2925=CARTESIAN_POINT('',(-0.00312586783189012,0.0099500000023021,-0.031230144465274));
#2926=CARTESIAN_POINT('',(0.00307412901653775,0.0099500000023021,-0.031236395823715));
#2927=CARTESIAN_POINT('',(0.00307412901653775,0.0099500000023021,-0.031236395823715));
#2928=CARTESIAN_POINT('',(0.00312321530093868,0.0099500000023021,-0.0312364453166367));
#2929=CARTESIAN_POINT('',(0.00317227703302471,0.0099500000023021,-0.0312353163678413));
#2930=CARTESIAN_POINT('',(0.00322132088336697,0.0099500000023021,-0.0312333291458946));
#2931=CARTESIAN_POINT('',(-0.00327865801018116,0.0087000000023021,-0.0312091191835042));
#2932=CARTESIAN_POINT('',(-0.00452867396276405,0.0087000000023021,-0.0312243105214457));
#2933=CARTESIAN_POINT('',(-0.00452866045520448,0.00902993033709943,-0.0312109139409149));
#2934=CARTESIAN_POINT('',(-0.00425707150801661,0.00967720832065435,-0.031210126806858));
#2935=CARTESIAN_POINT('',(-0.00360855765100105,0.0099500000023021,-0.0312120946769954));
#2936=CARTESIAN_POINT('',(-0.00327867557358352,0.0099500000023021,-0.0312265382837446));
#2937=CARTESIAN_POINT('',(0.00457389722726024,0.0083500000023021,-0.0314670369174258));
#2938=CARTESIAN_POINT('',(0.00457389722726024,0.0085500000023021,-0.0314670369174258));
#2939=CARTESIAN_POINT('',(0.00457389722726024,0.0081500000023021,-0.0314670369174258));
#2940=CARTESIAN_POINT('',(0.00307389798973732,0.00815000000230211,-0.0314655244919965));
#2941=CARTESIAN_POINT('',(0.00307389798973732,0.0066500000023021,-0.0314655244919965));
#2942=CARTESIAN_POINT('',(0.00307389798973732,0.0085500000023021,-0.0314655244919965));
#2943=CARTESIAN_POINT('',(0.00307389798973732,0.0100500000023021,-0.0314655244919965));
#2944=CARTESIAN_POINT('',(-2.61004344766939E-5,0.0066500000023021,-0.031462398812776));
#2945=CARTESIAN_POINT('',(-0.00312609885869071,0.0066500000023021,-0.0314592731335555));
#2946=CARTESIAN_POINT('',(-2.87360831562362E-6,0.0100500000023021,-0.0314624222320163));
#2947=CARTESIAN_POINT('',(-0.00312609885869071,0.0100500000023021,-0.0314592731335555));
#2948=CARTESIAN_POINT('',(-0.00312609885869071,0.0081500000023021,-0.0314592731335555));
#2949=CARTESIAN_POINT('',(-0.00462609809621363,0.0081500000023021,-0.0314577607081262));
#2950=CARTESIAN_POINT('',(-0.00312609885869071,0.0085500000023021,-0.0314592731335555));
#2951=CARTESIAN_POINT('',(-0.00462609809621363,0.0085500000023021,-0.0314577607081262));
#2952=CARTESIAN_POINT('',(-0.00462609809621363,0.008,-0.0314577607081262));
#2953=CARTESIAN_POINT('',(0.111853462578174,0.015,0.0161879977581674));
#2954=CARTESIAN_POINT('',(0.111885911091022,0.015,0.017187471166525));
#2955=CARTESIAN_POINT('',(0.111885911091022,0.014,0.017187471166525));
#2956=CARTESIAN_POINT('',(0.106688056271129,0.015,0.0163556958195078));
#2957=CARTESIAN_POINT('',(0.106720504781938,0.0149999999997908,0.0173551692275992));
#2958=CARTESIAN_POINT('',(0.106720504783975,0.0140000000000538,0.0173551692278376));
#2959=CARTESIAN_POINT('',(0.0963653012832211,0.015,0.0168846500683833));
#2960=CARTESIAN_POINT('',(0.0964493107575841,0.0150000000000996,0.0178818786843529));
#2961=CARTESIAN_POINT('',(0.096449310756616,0.0139999999999744,0.0178818786842405));
#2962=CARTESIAN_POINT('',(0.0835137984077499,0.015,0.018340097314231));
#2963=CARTESIAN_POINT('',(0.0836549903119239,0.0149999999999877,0.0193313091123694));
#2964=CARTESIAN_POINT('',(0.0836549903120398,0.0140000000000032,0.0193313091123802));
#2965=CARTESIAN_POINT('',(0.0732562770070966,0.015,0.020372852053705));
#2966=CARTESIAN_POINT('',(0.0734864819340813,0.0150000000000022,0.0213470699888742));
#2967=CARTESIAN_POINT('',(0.0734864819340663,0.0139999999999994,0.0213470699888774));
#2968=CARTESIAN_POINT('',(0.0669232290111799,0.015,0.0221907805036418));
#2969=CARTESIAN_POINT('',(0.0672367912719544,0.0150000000000002,0.023142356562624));
#2970=CARTESIAN_POINT('',(0.0672367912719327,0.0139999999999999,0.0231423565626067));
#2971=CARTESIAN_POINT('',(0.0620542458009588,0.015,0.0241512281547641));
#2972=CARTESIAN_POINT('',(0.0624675127380814,0.0149999999999992,0.025063476273807));
#2973=CARTESIAN_POINT('',(0.0624675127381236,0.0140000000000003,0.0250634762738374));
#2974=CARTESIAN_POINT('',(0.0585332594275579,0.015,0.0259781239975239));
#2975=CARTESIAN_POINT('',(0.0590462683718925,0.0150000000000032,0.0268396487714501));
#2976=CARTESIAN_POINT('',(0.0590462683717296,0.0139999999999989,0.0268396487713336));
#2977=CARTESIAN_POINT('',(0.0553229171863552,0.015,0.0282213155207043));
#2978=CARTESIAN_POINT('',(0.0559659530795698,0.0149999999999881,0.0289950469394182));
#2979=CARTESIAN_POINT('',(0.055965953080179,0.0140000000000042,0.028995046939854));
#2980=CARTESIAN_POINT('',(0.0534623877450119,0.015,0.0301469884444321));
#2981=CARTESIAN_POINT('',(0.0542156619417285,0.0150000000000257,0.0308106771561642));
#2982=CARTESIAN_POINT('',(0.0542156619404155,0.0139999999999909,0.0308106771552249));
#2983=CARTESIAN_POINT('',(0.0526887863116221,0.015,0.0312000557243096));
#2984=CARTESIAN_POINT('',(0.0534946975742314,0.015,0.031792092071842));
#2985=CARTESIAN_POINT('',(0.0534946975742314,0.014,0.031792092071842));
#2986=CARTESIAN_POINT('',(0.0526887863116221,0.014,0.0312000557243096));
#2987=CARTESIAN_POINT('',(0.1115,0.014,0.0172000000051016));
#2988=CARTESIAN_POINT('',(0.1115,0.0142641486466385,0.0172000000051016));
#2989=CARTESIAN_POINT('',(0.11149650073059,0.0147817747204502,0.0169843754503775));
#2990=CARTESIAN_POINT('',(0.111487997462208,0.014999999999999,0.0164604050886407));
#2991=CARTESIAN_POINT('',(0.111483771470672,0.015,0.0162000000051054));
#2992=CARTESIAN_POINT('',(0.1121,0.014,0.0162000000051016));
#2993=CARTESIAN_POINT('',(0.11169899120755,0.014,0.0162000000051016));
#2994=CARTESIAN_POINT('',(0.11169899120755,0.014,0.0162000000051016));
#2995=CARTESIAN_POINT('',(0.11169899120755,0.014,0.0162000000051016));
#2996=CARTESIAN_POINT('',(0.111682681443918,0.014,2.42385174070217E-5));
#2997=CARTESIAN_POINT('',(0.111651475816602,0.014,-0.030925001210408));
#2998=CARTESIAN_POINT('',(0.111651475816602,0.014,-0.030925001210408));
#2999=CARTESIAN_POINT('',(0.111651475816602,0.014,-0.030925001210408));
#3000=CARTESIAN_POINT('',(-3.35750938221944E-5,0.014,-0.0308123909457887));
#3001=CARTESIAN_POINT('',(-0.111702015957257,0.014,-0.0306997974288162));
#3002=CARTESIAN_POINT('',(-0.111702015957257,0.014,-0.0306997974288162));
#3003=CARTESIAN_POINT('',(-0.111702015957257,0.014,-0.0306997974288162));
#3004=CARTESIAN_POINT('',(-0.111702015957257,0.014,-0.0310987893480114));
#3005=CARTESIAN_POINT('',(-0.111702015957257,0.014,-0.0304988313073483));
#3006=CARTESIAN_POINT('',(-0.1117007209622,0.014,0.000141569637772346));
#3007=CARTESIAN_POINT('',(-0.111700042265221,0.014,0.0161999577365653));
#3008=CARTESIAN_POINT('',(-0.111700042265221,0.014,0.0161999577365653));
#3009=CARTESIAN_POINT('',(-0.111700042265221,0.014,0.0161999577365653));
#3010=CARTESIAN_POINT('',(-1.69076952682722E-6,0.014,0.0161952368808196));
#3011=CARTESIAN_POINT('',(-0.1115000422654,0.014,0.0161999492836998));
#3012=CARTESIAN_POINT('',(-0.111877802702846,0.014,0.0171991992848183));
#3013=CARTESIAN_POINT('',(-0.111877802702846,0.015,0.0171991992848183));
#3014=CARTESIAN_POINT('',(-0.111875817548936,0.015,0.0161992012552383));
#3015=CARTESIAN_POINT('',(-0.106627386878523,0.0139999999999636,0.017209622188857));
#3016=CARTESIAN_POINT('',(-0.106627386879535,0.015000000000103,0.0172096221890945));
#3017=CARTESIAN_POINT('',(-0.106625401724613,0.015,0.0162096241593384));
#3018=CARTESIAN_POINT('',(-0.0988117381821259,0.0140000000000082,0.0173905522937288));
#3019=CARTESIAN_POINT('',(-0.0988117381818978,0.0149999999999768,0.0173905522936754));
#3020=CARTESIAN_POINT('',(-0.0987635034920354,0.015,0.0163910162158144));
#3021=CARTESIAN_POINT('',(-0.0884247831681328,0.0139999999999985,0.0182097053575048));
#3022=CARTESIAN_POINT('',(-0.0884247831681754,0.0150000000000044,0.0182097053575146));
#3023=CARTESIAN_POINT('',(-0.0883252309934556,0.015,0.0172143727954034));
#3024=CARTESIAN_POINT('',(-0.0806869287140649,0.0140000000000004,0.0191935193719152));
#3025=CARTESIAN_POINT('',(-0.0806869287140547,0.0149999999999989,0.0191935193719134));
#3026=CARTESIAN_POINT('',(-0.0805314322577735,0.015,0.0182049130169319));
#3027=CARTESIAN_POINT('',(-0.0729936620731121,0.0139999999999999,0.0206999820038387));
#3028=CARTESIAN_POINT('',(-0.0729936620731102,0.0150000000000002,0.020699982003836));
#3029=CARTESIAN_POINT('',(-0.0727602235008534,0.015,0.0197262258475649));
#3030=CARTESIAN_POINT('',(-0.0668268278991038,0.0139999999999998,0.0225432422371465));
#3031=CARTESIAN_POINT('',(-0.0668268278991186,0.0150000000000004,0.0225432422371564));
#3032=CARTESIAN_POINT('',(-0.0664971257296979,0.015,0.0215964081546311));
#3033=CARTESIAN_POINT('',(-0.0620921811266599,0.0140000000000003,0.0245996784765747));
#3034=CARTESIAN_POINT('',(-0.0620921811266337,0.0149999999999992,0.0245996784765574));
#3035=CARTESIAN_POINT('',(-0.0616486787305226,0.015,0.023701286870203));
#3036=CARTESIAN_POINT('',(-0.0587642437930046,0.0139999999999989,0.0264975064564097));
#3037=CARTESIAN_POINT('',(-0.0587642437931048,0.0150000000000032,0.0264975064564757));
#3038=CARTESIAN_POINT('',(-0.0582117702968702,0.015,0.0256599102797172));
#3039=CARTESIAN_POINT('',(-0.0557766510753979,0.0140000000000042,0.0288343674849051));
#3040=CARTESIAN_POINT('',(-0.0557766510750233,0.0149999999999882,0.0288343674846584));
#3041=CARTESIAN_POINT('',(-0.055088414571206,0.015,0.0280998226501799));
#3042=CARTESIAN_POINT('',(-0.0541500015310519,0.013999999999991,0.0307375085211755));
#3043=CARTESIAN_POINT('',(-0.0541500015318591,0.0150000000000255,0.0307375085217071));
#3044=CARTESIAN_POINT('',(-0.0533611549919576,0.015,0.030117514551146));
#3045=CARTESIAN_POINT('',(-0.0534786941497319,0.014,0.0317518931119865));
#3046=CARTESIAN_POINT('',(-0.0534786941497319,0.015,0.0317518931119865));
#3047=CARTESIAN_POINT('',(-0.0526447708204506,0.015,0.0312000127980773));
#3048=CARTESIAN_POINT('',(-0.0526447708204506,0.014,0.0312000127980773));
#3049=CARTESIAN_POINT('',(0.0526887863116221,0.014,0.0312000557243096));
#3050=CARTESIAN_POINT('',(0.0526887863116221,0.014,0.0312000557243096));
#3051=CARTESIAN_POINT('',(0.0526064504780056,0.014,0.0312000557243096));
#3052=CARTESIAN_POINT('',(0.0520064504780057,0.014,0.0312000557243096));
#3053=CARTESIAN_POINT('',(-2.38228790080041E-6,0.014,0.0312000342575547));
#3054=CARTESIAN_POINT('',(-0.0519935834492208,0.014,0.0312000127980775));
#3055=CARTESIAN_POINT('',(-0.0525935838619729,0.014,0.0312000127980773));
#3056=CARTESIAN_POINT('',(-0.0526447708204506,0.014,0.0312000127980773));
#3057=CARTESIAN_POINT('',(-0.0526447708204506,0.014,0.0312000127980773));
#3058=MECHANICAL_DESIGN_GEOMETRIC_PRESENTATION_REPRESENTATION('',(#1596),
#3059);
#3059=(
GEOMETRIC_REPRESENTATION_CONTEXT(3)
GLOBAL_UNCERTAINTY_ASSIGNED_CONTEXT((#3060))
GLOBAL_UNIT_ASSIGNED_CONTEXT((#3063,#3062,#3061))
REPRESENTATION_CONTEXT('Part 1','TOP_LEVEL_ASSEMBLY_PART')
);
#3060=UNCERTAINTY_MEASURE_WITH_UNIT(LENGTH_MEASURE(2.E-5),#3063,
'DISTANCE_ACCURACY_VALUE','Maximum Tolerance applied to model');
#3061=(
NAMED_UNIT(*)
SI_UNIT($,.STERADIAN.)
SOLID_ANGLE_UNIT()
);
#3062=(
NAMED_UNIT(*)
PLANE_ANGLE_UNIT()
SI_UNIT($,.RADIAN.)
);
#3063=(
LENGTH_UNIT()
NAMED_UNIT(*)
SI_UNIT($,.METRE.)
);
#3064=PRODUCT_DEFINITION_SHAPE('','',#3065);
#3065=PRODUCT_DEFINITION('','',#3067,#3066);
#3066=PRODUCT_DEFINITION_CONTEXT('',#3073,'design');
#3067=PRODUCT_DEFINITION_FORMATION_WITH_SPECIFIED_SOURCE('','',#3069,
 .NOT_KNOWN.);
#3068=PRODUCT_RELATED_PRODUCT_CATEGORY('','',(#3069));
#3069=PRODUCT('Part 1','Part 1','Part 1',(#3071));
#3070=PRODUCT_CATEGORY('','');
#3071=PRODUCT_CONTEXT('',#3073,'mechanical');
#3072=APPLICATION_PROTOCOL_DEFINITION('international standard',
'ap242_managed_model_based_3d_engineering',2020,#3073);
#3073=APPLICATION_CONTEXT('managed model based 3d engineering');
ENDSEC;
END-ISO-10303-21;
